place_id_outcome,place_key,country_outcome,geom_source,year,value,numerator,denominator,measure_type,source,sample_n,notes,place_id,country,is_uk,metric_version,betweenness_mean_bike,betweenness_mean_road,betweenness_median_bike,betweenness_median_road,bike_lcc_share_of_road,bike_offroad_share,bikeable_length_share,circuity_avg_bike,circuity_avg_road,closeness_mean_bike,closeness_mean_road,closeness_median_bike,closeness_median_road,clustering_mean_bike,clustering_mean_road,component_size_gini_bike,component_size_gini_road,components_per_km_bike,components_per_km_road,connectivity_ratio_bike,connectivity_ratio_road,cycle_network_density_km2,dead_end_proportion_bike,dead_end_proportion_road,edge_length_avg_m_bike,edge_length_avg_m_road,entropy_gap_kl,four_way_proportion_bike,four_way_proportion_road,intersection_count_bike,intersection_count_road,intersection_density_km2_bike,intersection_density_km2_road,intersection_density_per_km_bike,intersection_density_per_km_road,intersection_ratio_bike_road,k_avg_bike,k_avg_road,lcc_length_km_bike,lcc_length_km_road,lcc_length_share_bike,lcc_length_share_road,length_km_bike,length_km_road,linearity_mean_bike,linearity_mean_road,linearity_median_bike,linearity_median_road,low_stress_coverage,low_stress_route_fraction,lts1_coverage,lts2_coverage,mean_route_lts,meshedness_bike,meshedness_road,modal_directness_gap,n_components_bike,n_components_road,n_edges_bike,n_edges_road,n_nodes_bike,n_nodes_road,orientation_entropy_bike,orientation_entropy_road,orientation_order_bike,orientation_order_road,self_loop_proportion_bike,self_loop_proportion_road,street_density_km2,three_way_proportion_bike,three_way_proportion_road
Hamburg,hamburg,,legacy,,11.6,,,commute_mode_share,legacy_max_value,,mixed Eurostat + 2011 census; year unknown,"Hamburg, Germany",DE,False,0.5.0,0.0013229598995598,0.0052057331078699,5.069113603578693e-06,0.0003970893941205,0.3876374515378087,0.827053006154916,1.0568761760825978,1.0283671718858622,1.0765461875146152,1.7718609919412043e-05,6.600635622094333e-05,1.142760923744572e-05,6.674167847101861e-05,0.0092489166314669,0.0303662040716512,0.8902554903687352,0.832907661187785,0.4654323716691858,0.0015757748591397,0.6232986013329579,0.4435544685621115,4.105393277253007,0.0271976345801849,0.2241853640643149,50.50470817084753,174.95981915351967,0.0040517803661395,0.682498709344347,0.1077214648162866,30278.0,12690.0,30.88878032271504,12.945987921766754,7.523951601387938,3.3327638270805138,2.385973207249803,3.739616088609377,2.6610014061258176,1475.9879533149874,3804.9459228020887,0.3667766009965521,0.9992896875896208,4024.2151470531294,3807.650544238049,0.9866841467109424,0.962593874469348,0.9999995434214431,0.9984040819255404,0.8425516322692288,0.3393939393939394,0.5649483576726477,0.2776032745965809,1.2195733500580297,0.4569071729462703,0.165459047968449,1.1381176597568978,1873.0,6.0,79680.0,21763.0,42614.0,16357.0,3.565962852289892,3.5630942618443253,0.0159163962905449,0.0185049323453311,2.5100401606425704e-05,0.0029407710334053,3.8844600438151606,0.0280189609048669,0.6680931711193985
Frankfurt am Main,frankfurt am main,,legacy,,11.3,,,commute_mode_share,legacy_max_value,,mixed Eurostat + 2011 census; year unknown,"Frankfurt am Main, Germany",DE,False,0.5.0,0.0007432024233438,0.0090622263115768,4.226611339761132e-06,0.0013814924757908,0.2196161695171393,0.9433773882535404,0.9264765331080118,1.033069699610325,1.072001559017212,2.784494860842457e-05,0.0001195233806745,1.9219110764971343e-05,0.0001197485064097,0.0078389945284143,0.0324978865184743,0.8549553732342463,0.7497030690378061,0.5964566634486543,0.0029590527534194,0.567295188556567,0.4646570163657165,5.0476420689248425,0.0395741914513245,0.1879755333432791,59.80879185634416,144.71512080996143,0.0160607369548323,0.5519258898098488,0.1600775772042369,7168.0,5442.0,28.889820327236635,21.93337084553875,5.723428866934343,4.025791271027156,1.3171628077912532,3.4032179424670894,2.787110249142175,296.87361168313544,1351.159178203127,0.2370445032000996,0.9995378216424796,1252.3961014718466,1351.7839434858497,0.9815014386077264,0.9690553582621012,0.9999991236923212,0.9996130118627876,0.8229913046567952,0.4244455638651012,0.5620904688973715,0.2609008357594237,1.198817926051919,0.3812329824846588,0.197149466457727,1.1375114833374775,747.0,4.0,20940.0,9341.0,12306.0,6703.0,3.554684395395008,3.5469436125958684,0.0260741146879013,0.0330152020760083,0.0001910219675262,0.0017128787067765,5.448213622844532,0.0305542012026653,0.6517977025212591
Dresden,dresden,,legacy,,15.0,,,commute_mode_share,legacy_max_value,,mixed Eurostat + 2011 census; year unknown,"Dresden, Germany",DE,False,0.5.0,0.0001878474880725,0.0082332047905867,2.362948894357877e-06,0.0010774030129269,0.0371674580843072,0.887828990770349,0.5048308744035388,1.0299609929077842,1.0613720357914815,1.810907266853192e-05,0.0001061732477437,1.608930061632027e-05,0.0001070394892343,0.0074361526824028,0.0298633798633798,0.7907154972307922,0.4998930587430585,0.9678086668727608,0.0013762808325428,0.563221106517031,0.4523172905525847,2.2347647568197933,0.0272823904570686,0.2267597267597267,51.29106338573021,159.07956050519354,0.0055563326713802,0.5408054800992087,0.1632016632016632,4812.0,5207.0,14.658468248938638,15.86172987785193,6.559289161960176,3.583147147525217,0.9241405799884772,3.378528404393528,2.713097713097713,54.01144476543604,1453.0363790588513,0.0736235835976174,0.999893058743056,733.6160796060992,1453.191785214943,0.9843356117426412,0.9684100967822256,0.999999940923702,0.9995872634758566,0.8260632038380016,0.2694617739373038,0.5129214207330499,0.3131417831049514,1.410499353787107,0.3866737550948077,0.178489192601946,1.177290107544175,710.0,2.0,14303.0,9135.0,8467.0,6734.0,3.567811976048921,3.571959555957624,0.0142459915948673,0.0104941262990831,0.0002796616094525,0.0013136288998357,4.426759277471259,0.027518601629857,0.61003861003861
Düsseldorf,dusseldorf,,legacy,,9.6,,,commute_mode_share,legacy_max_value,,mixed Eurostat + 2011 census; year unknown,"Düsseldorf, Germany",DE,False,0.5.0,0.0011263743462443,0.009212038275917,5.176668836267113e-06,0.0011100856351843,0.2633662595770545,0.9298691456546552,1.2501338347052573,1.0436985538398351,1.0747931208440744,2.6157366462476786e-05,0.0001159690941567,2.708578573478284e-05,0.000120760603891,0.0086803883806772,0.0311316092900675,0.8880179798069505,0.7991254605431903,0.7927711072543353,0.0042137329266811,0.5898238433449701,0.4382929642445213,6.823149566379068,0.0254573904670197,0.2418053039038049,50.459358202521415,148.69628116977222,0.0106521545506158,0.5669234472797304,0.1108548838741558,9759.0,4601.0,44.888046063229545,21.16301874545744,6.578786765046818,3.8774770391319495,2.121060638991524,3.538517091959557,2.6288914511612584,312.5094354099133,1185.4215617569428,0.2106704516474015,0.9990099733545929,1483.4042124377245,1186.5963237347823,0.9788952829351322,0.9636779305922376,0.9999618577743896,0.9981876696817464,0.8527952022534507,0.5883980798992734,0.5852024900415577,0.267592712211893,1.1406526767225855,0.4200800553766515,0.1576995962758507,1.1547792555062593,1176.0,5.0,29398.0,7980.0,16616.0,6071.0,3.5666360433758424,3.5697905444412523,0.0153084335517087,0.0124570844799609,0.000340159194503,0.0015037593984962,5.457935284175197,0.0204020221473278,0.6470103772030967
Bremen,bremen,,legacy,,21.3,,,commute_mode_share,legacy_max_value,,mixed Eurostat + 2011 census; year unknown,"Bremen, Germany",DE,False,0.5.0,0.0055172373079813,0.0120933963281154,0.0002876658623701,0.0008316716890292,0.8381667075157866,0.7569229527549239,1.1805432361056336,1.0279766113681137,1.0775251635590877,7.110678123667604e-05,8.245227966767665e-05,8.476705330790052e-05,8.1618412388298e-05,0.0113711001642036,0.0305940689389562,0.9156681914073316,0.7995730304637163,0.4300996618923385,0.0033625910377372,0.5837345575336842,0.4333044399499181,5.38458652366519,0.0130989699955217,0.2518775274407857,56.11915279892303,165.25323286430665,0.0129652703629544,0.5768584863412449,0.1016753321779318,10827.0,5180.0,33.21105304100548,15.88928186500493,6.167800052064039,3.48364431509576,2.09015444015444,3.502015226153157,2.5990756787983824,1246.3108033497467,1486.0325558156717,0.7099839140840991,0.9993839507943024,1755.4070995503123,1486.9485893130309,0.9868152788406742,0.965218187096488,0.9999999808563854,0.9991865262819112,0.7977325328202364,0.2779436027254064,0.56271855271475,0.2350139801054863,1.1845988264537173,0.3966912073454077,0.150184208625298,1.1034435599528167,755.0,5.0,31280.0,8998.0,17864.0,6924.0,3.54789028043234,3.5607825014981183,0.0321676661367563,0.0205885198612386,0.0005115089514066,0.0022227161591464,4.561109122464519,0.0292207792207792,0.6464471403812825
Hannover,hannover,,legacy,,18.9,,,commute_mode_share,legacy_max_value,,mixed Eurostat + 2011 census; year unknown,"Hannover, Germany",DE,False,0.5.0,0.0076127971236848,0.008561036480639,0.0007070168703404,0.0011946594442502,1.0400088331360713,0.9500830075963888,1.3046255981450587,1.0183434700362324,1.0644335333300488,8.259699338424453e-05,0.0001281682942014,9.262787108969713e-05,0.0001247868813427,0.0064594566021778,0.0267477363655506,0.9264243493724992,,0.3283720374893495,0.000831849642376,0.6171625536594134,0.4435492364402317,7.689489942248558,0.0126863304789089,0.229785217940619,53.737983259904624,142.7211594060006,0.0084869109362443,0.6671106882334285,0.1184459886291851,10944.0,4877.0,53.65776217598674,23.91163250477772,6.97806520055037,4.056930705867886,2.2440024605290136,3.702505550269585,2.660454832596336,1250.2365573728862,1202.1403256767387,0.7971703411421449,0.9999999999999966,1568.3430414403165,1202.140325676743,0.9909325422448808,0.969024635179872,1.0,0.9998913828594448,0.8826785626430439,0.8316519625836993,0.59204908497502,0.290629477668024,1.0775167876780585,0.4420301348136399,0.1652579192669247,1.0646998375575318,515.0,1.0,29185.0,8423.0,15765.0,6332.0,3.5399480136197767,3.5122759734017754,0.0392667367219479,0.0637968210524584,6.85283536063046e-05,0.0007123352724682,5.894020440179635,0.0270853155724706,0.6517687934301958
Bielefeld,bielefeld,,legacy,,6.9,,,commute_mode_share,legacy_max_value,,mixed Eurostat + 2011 census; year unknown,"Bielefeld, Germany",DE,False,0.5.0,0.0011492440689153,0.0083080319199809,1.2721489903572276e-05,0.0010391388880043,0.1688588216321306,0.937663578400038,0.7605785857211735,1.025677039637673,1.0742758960564285,2.3425064865856783e-05,0.0001092248090531,1.89897480292028e-05,0.0001069152464866,0.0071912493849589,0.0293561532192339,0.8402905879367049,0.7497066790387843,0.5945095932446174,0.0030759950042698,0.6330115464698088,0.4206750366867764,3.824166400116935,0.012944248892926,0.2748166259168704,59.15019929530487,168.00933191234316,0.013289393818283,0.7206767344158056,0.0726976365118174,6484.0,4449.0,25.070403765203405,17.202070689603634,6.55578265747976,3.42127544349909,1.4574061586873457,3.797206767344158,2.5232273838630808,219.5826994487792,1299.7244843991366,0.2220136417225319,0.9994865052347228,989.0504824167926,1300.392229001536,0.9846466569091636,0.9609269751710128,0.9999682285113196,0.9983342083095788,0.8406105331160538,0.5528650810728707,0.5427400003394479,0.2978705327766058,1.3265627729741425,0.4828212845703901,0.1311863024867509,1.1259811647669542,588.0,4.0,16721.0,7740.0,8807.0,6135.0,3.5721505322948497,3.576957242345471,0.0103211991153976,0.0059637948673864,0.0001196100711679,0.0024547803617571,5.027970116317298,0.0155558078800953,0.6524857375713121
Göttingen,gottingen,,legacy,,26.2,,,commute_mode_share,legacy_max_value,,mixed Eurostat + 2011 census; year unknown,"Göttingen, Germany",DE,False,0.5.0,0.0065788192648474,0.0152058471558635,0.0001153921288655,0.0029075861749658,0.6279377865539546,0.9978239032079091,1.015737199912443,1.0274653534755898,1.0781977370612257,0.0001063078458836,0.0001863825437898,0.0001225600891596,0.0001871111777122,0.0068738597862913,0.026210134369435,0.8680296409054371,,0.8194526473696122,0.0026849952822582,0.5620518837178986,0.4143574785286015,3.235075609029906,0.0228694292415949,0.3006313744536182,43.87119306710069,145.65511653865434,0.0233880831210674,0.5377247849882721,0.0840213695968917,2873.0,1440.0,24.568702984529608,12.3142820388871,7.594475664170632,3.866393206451838,1.9951388888888888,3.370992963252541,2.483729966002914,233.86923273318607,372.4401329893397,0.6182089093597076,1.000000000000001,378.3012978176092,372.4401329893392,0.9842016549992372,0.9603666141211676,1.0,0.9985824235391666,0.8826659753042191,0.8405210798157902,0.5725436715119301,0.3101223037922892,1.1612770854118923,0.3732277305172582,0.1213226355458303,1.068674110655032,310.0,1.0,8623.0,2557.0,5116.0,2059.0,3.470414897896346,3.4247616667551632,0.1003019695031119,0.1392865210003727,0.0002319378406587,0.0011732499022291,3.184953361271765,0.0238467552775605,0.61534725594949
Darmstadt,darmstadt,,legacy,,19.5,,,commute_mode_share,legacy_max_value,,mixed Eurostat + 2011 census; year unknown,"Darmstadt, Germany",DE,False,0.5.0,0.0067135152370441,0.0183348097170089,1.145523868116212e-05,0.0044722200247352,0.5471610388511822,0.9703529609422508,1.1179641167590475,1.0291041548109188,1.0795249723987823,6.436346725483145e-05,0.0001948079588496,6.633099922177773e-05,0.0001940942850973,0.0088615645537417,0.0266468548786527,0.8265879404491057,,0.8219811305413844,0.0024182773910481,0.6024743725698126,0.4589324078664683,3.78995513330283,0.0186559253762984,0.2030708271421495,54.247561243753466,148.9079911034627,0.0194693228487029,0.6243375026499894,0.1535413571074789,3001.0,1609.0,24.60244759769822,13.190715822957824,6.491487823038669,3.891008322196495,1.865133623368552,3.613313546745813,2.7508667657256067,226.2606601197326,413.5174912943154,0.4894262979006782,0.9999999999999986,462.29771691926703,413.517491294316,0.9839363920031629,0.9735054159365274,0.999999270039191,0.9998459624496896,0.8093368897414017,0.4830033069580003,0.554707071772176,0.2546298179692257,1.2436792944940445,0.4438434616608336,0.1881973716836102,1.1309356059580318,380.0,1.0,8522.0,2777.0,4717.0,2019.0,3.4734670220211608,3.4409962219632764,0.0976648852075722,0.1255223141103387,0.0,0.0021606049693914,3.390050786504512,0.0118719525121899,0.6433878157503715
Freiburg im Breisgau,freiburg im breisgau,,legacy,,29.9,,,commute_mode_share,legacy_max_value,,mixed Eurostat + 2011 census; year unknown,"Freiburg im Breisgau, Germany",DE,False,0.5.0,0.0042455026664492,0.0136818032302978,2.6537563293585902e-05,0.0026221157385011,0.4507879787496213,0.9398487081681904,0.8588204344689286,1.0361213282972712,1.0815105168980546,6.191039022521955e-05,0.0001523173281571,6.578622170724319e-05,0.0001642134626949,0.0125567502986857,0.0274445257254328,0.8581922390081127,0.6664137312650102,0.7741733886553994,0.0051943431718696,0.5925062746504123,0.4353343094192289,3.24359560142204,0.032437275985663,0.2549378200438917,50.02651699490023,161.8697777692758,0.0289592626950379,0.5772401433691756,0.1185076810534016,3358.0,2037.0,21.959093560131823,13.320629416911412,6.769984997668831,3.52695901369948,1.6485027000490915,3.553763440860215,2.6100950987564007,260.3532133904236,577.375003015513,0.5248920037963191,0.9996946348406128,496.0129160044357,577.551367080776,0.9830712592683626,0.9608825817955846,0.9999885005718504,0.998510888858643,0.7995356390383326,0.5098374349418493,0.513934010654556,0.2856016283837766,1.2146361549456806,0.4230389959659346,0.1532125205930807,1.1130032675750647,384.0,3.0,9915.0,3568.0,5580.0,2734.0,3.552044913225372,3.522668171613337,0.0284437026261403,0.0546217764068704,0.0,0.0008408071748878,3.776803009383204,0.0245519713261648,0.6265544989027066
Frankfurt (Oder),frankfurt (oder),,legacy,,8.4,,,commute_mode_share,legacy_max_value,,mixed Eurostat + 2011 census; year unknown,"Frankfurt (Oder), Germany",DE,False,0.5.0,0.003583160701097,0.0204382402956036,0.0003801391866169,0.0057475019234821,0.1540406304314101,0.9952166019384084,0.5943536995178074,1.0239445757480847,1.0934091787300066,9.561138236945202e-05,0.0001991689165746,9.359261635911806e-05,0.0002125073827079,0.0006449948400412,0.0359506618531889,0.825177712739289,,0.4426709887706275,0.0032887892480628,0.6310077519379845,0.4243520192887282,1.2236061804672795,0.0162538699690402,0.26985559566787,74.00537552960706,215.95402415816324,0.0528685323665705,0.7438080495356038,0.0812274368231047,966.0,809.0,6.540483615112615,5.477485760482511,5.345252189405327,2.6606305016828475,1.1940667490729295,3.780185758513932,2.5415162454873648,46.838097187937,304.06326601469385,0.2591733349289852,1.0,180.72112704330044,304.06326601469385,0.9850770196500612,0.9472914761184988,1.0,0.9981064675493404,0.8573601265911296,0.6890676049258607,0.5429543398883491,0.3144057867027804,1.2828390042235205,0.4769290422644436,0.1361374943464495,1.084796756973028,80.0,1.0,2442.0,1408.0,1292.0,1108.0,3.541409034037505,3.5128465118664054,0.0379627879421959,0.0632942658155095,0.0,0.0078125,2.0587171939200144,0.0038699690402476,0.6489169675090253
Erfurt,erfurt,,legacy,,11.2,,,commute_mode_share,legacy_max_value,,mixed Eurostat + 2011 census; year unknown,"Erfurt, Germany",DE,False,0.5.0,0.0008537926012922,0.0109800160871788,1.50659120525021e-05,0.001462171705622,0.0985565161244596,0.9807215510576984,0.6393903529299457,1.0288109311022715,1.0726314823102745,3.2513757722564054e-05,0.0001376380205292,3.140878439578277e-05,0.000138859780298,0.0088944653561968,0.0267420930830547,0.794573575472485,,0.7297776470279852,0.0013331793922674,0.6087168758716875,0.4239773604322099,1.7791665565927994,0.0121288163948138,0.2784777577783492,54.94307905645225,151.71654568127892,0.0301833632269312,0.6551652028439984,0.0989971715093854,3224.0,2806.0,11.960081857977004,10.409426083586684,6.722294668623498,3.740901374702475,1.1489665003563792,3.65077373483898,2.542555926973515,73.92592226979748,750.086601848242,0.1541413874526472,0.9999999999999988,479.5981370837717,750.0866018482429,0.9833048587091472,0.9649036584633776,0.9999967130555836,0.9989955026121168,0.8164308828418515,0.4893732608983702,0.529406453247577,0.2870244295942744,1.210547863617847,0.44952400878753,0.1358548822848321,1.1111702957773928,350.0,1.0,8729.0,4944.0,4782.0,3889.0,3.5462670038715056,3.5359435035064006,0.0336207310924009,0.0428361957716998,0.0,0.0012135922330097,2.7825983742794014,0.0190296946884148,0.6225250707122654
Augsburg,augsburg,,legacy,,13.9,,,commute_mode_share,legacy_max_value,,mixed Eurostat + 2011 census; year unknown,"Augsburg, Germany",DE,False,0.5.0,0.0024079831022233,0.0111650583004917,7.21076654154875e-05,0.0024302530731773,0.3265300106087249,0.9933098833403322,0.9982413835921314,1.0196914918930495,1.0690386116867816,4.906636887216599e-05,0.0001718139011697,5.452532416022034e-05,0.0001711264141161,0.007430264132313,0.0369479965899403,0.9043024255884802,0.833013638074481,0.5115773470779931,0.0085350029876578,0.6660082304526749,0.4652848857045377,4.781625239811863,0.0096272525302394,0.1690537084398977,43.36079871287176,128.87029360881567,0.0181947762300518,0.7810417180942977,0.1273657289002557,6405.0,3249.0,43.64269149626998,22.13818964424374,9.127166874748038,4.621704117816724,1.971375807940905,3.99506294742039,2.790281329923274,229.54650004053275,702.6782368141251,0.3271052632918501,0.9995601417617844,701.7511663691165,702.9874516360895,0.9891003532373396,0.967786632953843,0.999999996979844,0.9996481309898784,0.8841616003245591,0.6949596722896471,0.6003487124139378,0.2838128879106213,1.166624923873106,0.5210815482437188,0.1984644913627639,1.1095900503923608,359.0,6.0,16184.0,5455.0,8102.0,3910.0,3.5270525745413663,3.49676555269441,0.0507374634039834,0.0774074142565141,0.000247157686604,0.0010999083409715,4.790049098751424,0.0095038262157491,0.7035805626598466
Bonn,bonn,,legacy,,17.4,,,commute_mode_share,legacy_max_value,,mixed Eurostat + 2011 census; year unknown,"Bonn, Germany",DE,False,0.5.0,0.000537170073607,0.0103535064265296,4.970760021520262e-06,0.0013527005418965,0.161535881808998,0.9686696871855748,0.8312984196131386,1.0366376733209557,1.0735132830144116,2.79603906258794e-05,0.0001376205876167,2.2609073055295767e-05,0.0001356863608469,0.010122266062643,0.0211397849462365,0.8314751806889877,0.4998447582230267,0.7759852739433987,0.0024434671661826,0.5640013643229548,0.4308663224325875,4.825037965504638,0.0382873008914218,0.2617204301075269,58.78404176941479,136.23652705449473,0.0119911212064575,0.5293000146134736,0.1047311827956989,3748.0,3433.0,26.57785172560684,24.344120857526217,5.50831970973458,4.194211390752493,1.0917564812117682,3.3830191436504458,2.5840860215053763,132.2185818943181,818.3819877433083,0.194317561537254,0.9998447582230268,680.4252834809762,818.5090545434043,0.9793607044844836,0.965599540585096,0.999973856926756,0.9981556210142948,0.8687589812070743,0.5819258160616793,0.4981326038308208,0.3706263773762533,1.2477808808735351,0.3844748190921716,0.1463152232383001,1.1195711906284953,528.0,2.0,11575.0,6008.0,6843.0,4650.0,3.552351083907935,3.543129703672706,0.0281689867033572,0.036425970375543,0.0,0.0009986684420772,5.804218860117726,0.0184129767645769,0.6335483870967742
Karlsruhe,karlsruhe,,legacy,,21.8,,,commute_mode_share,legacy_max_value,,mixed Eurostat + 2011 census; year unknown,"Karlsruhe, Germany",DE,False,0.5.0,0.0007350262373109,0.011676989474031,1.2589927739487954e-05,0.0025399267519945,0.1808426751716293,0.9746156036770532,0.8839058575356958,1.0250662794031349,1.084395066848444,3.91514918059798e-05,0.0001351087844388,3.0111650168702087e-05,0.0001331420777207,0.0092257557028879,0.026511758118701,0.8512436364877749,0.7493414495686983,0.8343571082042401,0.0051214801056824,0.5804203664156458,0.4545284780578898,3.98367467471416,0.0304528598718957,0.2024076147816349,44.56183075840538,160.44047228132197,0.0140745315920865,0.559163951005731,0.1276595744680851,5188.0,2849.0,29.93734752960002,16.44015094676763,7.515008120422913,3.6477742052723214,1.820989820989821,3.481739521294528,2.725643896976484,141.2425091496332,780.1811647784144,0.2045949505027758,0.998920578560202,690.351882109216,781.0242190654752,0.9849864618826172,0.964797091089352,0.999999741594536,0.9993927198855684,0.8442737593330452,0.5673103834312903,0.5595793652681595,0.2846943940648855,1.1685236159109156,0.4029112572359917,0.1820983330998739,1.116209504124313,576.0,4.0,15492.0,4868.0,8899.0,3572.0,3.536801986008431,3.554400608321066,0.0420715384704069,0.0263290222338777,0.0001290988897495,0.0016433853738701,4.506899282035002,0.023822901449601,0.66993281075028
Kaiserslautern,kaiserslautern,,legacy,,4.0,,,commute_mode_share,legacy_max_value,,mixed Eurostat + 2011 census; year unknown,"Kaiserslautern, Germany",DE,False,0.5.0,0.0008941326027829,0.0145033183667231,4.537197629652989e-05,0.0036986755641587,0.0355823213210413,0.9409003869132768,0.2926356544785622,1.0450139367934117,1.0853475251709896,0.0001192993901277,0.0001934386338958,8.26728158167122e-05,0.0001998397654863,0.0013574660633484,0.0301364023870417,0.6670057558704139,,1.0177839242430071,0.0023638084507032,0.5512239347234814,0.4435437997724687,0.8867846118852527,0.0588235294117647,0.23231031543052,67.87191831488163,135.635178824195,0.1166729505045469,0.5828054298642534,0.1214833759590792,665.0,1801.0,4.7634853673930015,12.900807739360594,5.371637377949204,4.257219019716587,0.3692393114936146,3.301357466063348,2.658994032395567,15.052963073405992,423.046122752665,0.1215925700661605,1.0000000000000016,123.79837900634408,423.04612275266425,0.9810848476863618,0.963689337577994,0.9999890235677076,0.9989648541519544,0.829020356813207,0.379008407485374,0.4360254834801821,0.3929948733330249,1.5468936521764751,0.3832199546485261,0.1651376146788991,1.1119428995954062,126.0,1.0,1824.0,3119.0,1105.0,2346.0,3.3670901388351204,3.5300093854750467,0.1872995378419024,0.0481134134802008,0.0,0.0012824623276691,3.0303368653603906,0.0190045248868778,0.6462063086104007
Iserlohn,iserlohn,,legacy,,1.2,,,commute_mode_share,legacy_max_value,,mixed Eurostat + 2011 census; year unknown,"Iserlohn, Germany",DE,False,0.5.0,0.0003768444019167,0.0149277332789374,2.512072618147836e-05,0.0031386360236622,0.0289605823335324,0.953721974712764,0.3463942282578182,1.07028059586534,1.0947132670545945,8.707357475015894e-05,0.0001707792100611,6.191738832758451e-05,0.0001758022084996,0.0122029543994861,0.0279733587059942,0.6582520205609359,,0.8021515782075483,0.0022052434672936,0.5923423423423423,0.4196825396825396,1.2527914846357189,0.0067437379576107,0.285918173168411,85.32185998027776,171.50706107083283,0.0629338004661767,0.5857418111753372,0.0856327307326355,620.0,1501.0,4.944887089449381,11.971412131070196,3.947095067370476,3.310070444407706,0.4130579613590939,3.547206165703276,2.5156993339676497,13.132600895571162,453.4646694712822,0.0836058455107323,1.0000000000000004,157.07754422369138,453.4646694712821,0.9616109718120328,0.9561174695755555,0.9988796034760052,0.9947054877556456,0.773627011984091,0.4300786992994898,0.3693563254737969,0.4042706865102941,1.5811029406261017,0.4485755673587638,0.129316503929507,1.0998034081250123,126.0,1.0,1841.0,2644.0,1038.0,2102.0,3.511238163691387,3.5407918809615,0.0647106235032891,0.0385136998919772,0.0010863661053775,0.0011346444780635,3.616663854177376,0.0115606936416184,0.6284490960989534
Flensburg,flensburg,,legacy,,10.9,,,commute_mode_share,legacy_max_value,,mixed Eurostat + 2011 census; year unknown,"Flensburg, Germany",DE,False,0.5.0,0.0038550172861605,0.0183582932573016,0.0,0.0034294843664514,0.8164012275181535,0.933232632893218,1.6076079741667524,1.053842713046209,1.0928607520153462,3.771519321136366e-05,0.0002261311015875,3.884084226605574e-05,0.0002234270282762,0.0128377872595254,0.0289613990189805,0.8035434466881521,,1.2114019521543764,0.0034963365138322,0.6100501759904141,0.4065769805680119,8.106651788628682,0.003817651021783,0.3262955854126679,56.44461566380089,150.21725796580947,0.0136188002339368,0.5490680440152707,0.0882917466410748,2457.0,1053.0,43.31913233744635,18.56534243033415,5.343652776379359,3.681642349065327,2.333333333333333,3.658657085111161,2.436340371081254,233.5019024308169,286.0136591669009,0.507836015146234,0.999999999999999,459.7978391973221,286.0136591669012,0.968455299417174,0.955597681224536,0.999907435713866,0.9977948510414678,0.8686971977385124,0.7729305376130379,0.5773365008569764,0.291360696881536,1.1929586501599858,0.4774744410740366,0.1095802627363024,1.1158795141593076,557.0,1.0,8146.0,1904.0,4453.0,1563.0,3.542737430899641,3.547323960891423,0.0367764370768582,0.0326747272012677,0.0002455192732629,0.0031512605042016,5.0426795082491935,0.0026948124859645,0.5854126679462572
Gießen,gießen,,legacy,,15.0,,,commute_mode_share,legacy_max_value,,mixed Eurostat + 2011 census; year unknown,"Gießen, Germany",DE,False,0.5.0,0.0001394037867141,0.0187710806076675,3.439379641648835e-06,0.0032186948209306,0.092826515240379,0.9950471986607956,0.6921509242179577,1.036275524987469,1.0712136121691984,5.916855250233021e-05,0.0002259501105812,4.7808034847230265e-05,0.0002300816328023,0.0135823672534707,0.0214932126696832,0.772783616973558,,1.2763703230664198,0.003236047248186,0.5775676837129351,0.4273310683276708,2.9482043069332864,0.0317732932589094,0.2697963800904977,53.04756159690962,136.49247962055975,0.0235637776878769,0.5096607986260198,0.0989819004524886,1219.0,1291.0,16.802555273398966,17.794994961409405,5.6992506366958455,4.17773699740821,0.9442292796281953,3.462430227565479,2.5610859728506785,28.68515448666952,309.01897386094726,0.1341131131844708,0.9999999999999998,213.8877683587396,309.0189738609473,0.9762222061008976,0.9683619542564644,0.999998404583778,0.9989834363550248,0.8604520666887485,0.5975816887738596,0.5078717800597419,0.3525802866290065,1.4658056330624758,0.4246722544594885,0.1407533276692155,1.139983157189135,273.0,1.0,4032.0,2264.0,2329.0,1768.0,3.556085186560705,3.558892756866176,0.0248153859386354,0.0222901003988073,0.0004960317460317,0.0008833922261484,4.259481861220342,0.0137398024903392,0.6312217194570136
Bayreuth,bayreuth,,legacy,,18.5,,,commute_mode_share,legacy_max_value,,mixed Eurostat + 2011 census; year unknown,"Bayreuth, Germany",DE,False,0.5.0,0.0008410205208043,0.0181706995063311,4.576269545224203e-05,0.0038867893837509,0.2054867944945402,0.9611549525833204,0.8356356436335307,1.0353502434234152,1.0961867839808646,7.799387048748321e-05,0.0002471279605748,7.156334384115321e-05,0.0002508252788436,0.0175765270136831,0.0299225779451768,0.8177127314862096,,0.6510077426413611,0.003181317392003,0.6398418749117606,0.4267756128221244,3.9262007217470334,0.0126957257723233,0.2711864406779661,57.95888945475188,154.31280699160686,0.0295285463552061,0.6457892509521794,0.0991839296924042,1544.0,1161.0,23.078620085199244,17.35380694230332,5.87810499788457,3.69350949211557,1.329888027562446,3.835801946677952,2.5574387947269304,64.59173014647187,314.33518784190335,0.2459047744792667,1.0000000000000009,262.6696870089356,314.3351878419032,0.97938243553823,0.9545760669839216,0.99997613127319,0.9970586671334544,0.7937825357302405,0.28214055448098,0.519636651364747,0.2741458843654936,1.3171319812623683,0.4956576996399068,0.1398931153725243,1.1114388295708109,171.0,1.0,4532.0,2037.0,2363.0,1593.0,3.567364353886328,3.5535158850334185,0.0146504807163757,0.0271234977177682,0.0,0.0014727540500736,4.698460090422943,0.0076174354633939,0.6296296296296297
Aschaffenburg,aschaffenburg,,legacy,,9.2,,,commute_mode_share,legacy_max_value,,mixed Eurostat + 2011 census; year unknown,"Aschaffenburg, Germany",DE,False,0.5.0,0.001393391140767,0.0172711960627876,2.017483047726337e-05,0.0041028611120746,0.2072607719302316,0.9427362947043156,0.815925656928789,1.0377540406762389,1.0796363986186284,9.219442825175524e-05,0.0002588246534827,6.628669728777881e-05,0.0002628666353435,0.0127516778523489,0.0237166991552956,0.791880332988236,,0.757266377415549,0.0037906323095881,0.6335125448028673,0.4289741921492084,3.448475605745237,0.010738255033557,0.2683560753736192,76.1131199889242,133.37119815687214,0.0424361766167736,0.6436241610738255,0.1065627030539311,972.0,1126.0,15.572362085525558,18.039588177265205,4.515723428514807,4.268251980596241,0.8632326820603907,3.795973154362416,2.57050032488629,54.67709738187485,263.8082299542927,0.2540191868832488,0.9999999999999984,215.24790332867764,263.8082299542931,0.9761728475454956,0.9648241650846268,0.9999223222325888,0.9991144237845476,0.8098447478435533,0.315273951637588,0.425528587588963,0.3843161602545904,1.502370286810309,0.5045378151260504,0.1431825577611454,1.1267388964887588,163.0,1.0,2828.0,1978.0,1490.0,1539.0,3.5448996072189365,3.569670426621699,0.0348438998304351,0.012565734304814,0.0,0.0020222446916076,4.22645810492782,0.0087248322147651,0.6250812215724496
Bamberg,bamberg,,legacy,,23.2,,,commute_mode_share,legacy_max_value,,mixed Eurostat + 2011 census; year unknown,"Bamberg, Germany",DE,False,0.5.0,0.0083780225085987,0.0199460741599913,0.0002056913604213,0.0061781666606256,0.6169599460734021,0.7765397245928841,0.9147446742819696,1.026081968514745,1.0733577589451422,0.0001288788898905,0.0002818750560269,0.0001540252149131,0.0002775640702861,0.0111000332336324,0.0333333333333333,0.8661378289495447,,0.6097778992738383,0.0040714677799678,0.6305721889554224,0.4329926178307779,4.117041877319599,0.0104685942173479,0.2559523809523809,59.26456525895928,161.0568326597972,0.0278406953104978,0.6665004985044866,0.1045918367346938,1360.0,875.0,24.92156467267982,16.034094918084442,6.0532696570249644,3.56253430747184,1.5542857142857145,3.7796610169491527,2.5935374149659864,151.53256255862567,245.61166980619075,0.6744613698436515,1.0,224.67196689671465,245.61166980619075,0.98257692758318,0.9611553100282796,0.9999914248068384,0.9976203688886716,0.8222735985038814,0.217703616747722,0.5509452989008147,0.2713282996030667,1.4107097299085094,0.479660593960569,0.1491265445249254,1.1687186450312286,137.0,1.0,3791.0,1525.0,2006.0,1176.0,3.4840036224960724,3.524960393715005,0.0885314358486135,0.0525920010949049,0.0,0.000655737704918,4.500755230470489,0.0114656031904287,0.6394557823129252
Offenburg,offenburg,,legacy,,20.2,,,commute_mode_share,legacy_max_value,,mixed Eurostat + 2011 census; year unknown,Offenburg,,False,0.2.0,0.0076196728634799,0.0206346618475306,0.0003563675577678,0.0039068251583616,0.3279512968635274,0.9067085875819342,0.6619121476317629,1.0331706486963437,1.0864750398899867,0.0001323888210676,0.0002246295764137,0.000158862064336,0.0002223420559762,0.0038008361839604,0.0301486199575371,0.8190229782952771,,0.6313346456974027,0.0035716929163068,0.5730593607305936,0.4326105442176871,,0.0233751425313568,0.2522292993630573,61.52778368599522,137.58195424835037,0.0235809099209346,0.5621436716077537,0.0961783439490445,1028.0,1174.0,,,5.547111245956667,4.193167483744287,0.8756388415672913,3.434435575826682,2.5923566878980893,,,0.4954604595744242,0.9999999999999992,185.3216844622176,279.97927689539296,0.9827270814274072,0.963747085530358,0.9999951057527856,0.9988517110368984,0.6236515429829727,0.0490452261306532,,,,0.3925206965458179,0.1486443381180223,1.0590102690111869,117.0,1.0,3012.0,2035.0,1754.0,1570.0,3.501591834014601,3.5177335471593425,0.0731829712537538,0.0589840268129666,0.0,0.0009828009828009,,0.0239452679589509,0.6515923566878981
Görlitz,gorlitz,,legacy,,7.9,,,commute_mode_share,legacy_max_value,,mixed Eurostat + 2011 census; year unknown,"Görlitz, Germany",DE,False,0.5.0,0.0007790488188123,0.0271229861019329,5.215106198526224e-05,0.0082132056255685,0.0958238678135052,0.832128037636865,0.6649959163032577,1.0532084991983697,1.0855880749094204,7.128499963657312e-05,0.0002233656970879,5.605227903859277e-05,0.0002403583104867,0.0056277056277056,0.0360984848484848,0.6983690257017188,0.4983330871016398,0.6231709972322657,0.0093124981644513,0.6141493055555556,0.4328018223234624,2.1165547627055807,0.0129870129870129,0.2647727272727272,100.9314085236927,188.3904763180847,0.1117985894113668,0.6428571428571429,0.1193181818181818,505.0,647.0,7.484074705582346,9.58850759309263,3.535970265194317,3.012593156200014,0.7805255023183926,3.675324675324675,2.590909090909091,20.579626674031285,214.40714821562736,0.1440969267092563,0.99833308710164,142.81794306102518,214.76514300261653,0.9722972677055812,0.9556327613799032,0.9999598303280296,0.9975620100278964,0.8331479558567152,0.5360895779500431,0.4883964297069048,0.3447515261498103,1.4931847776138156,0.4781758957654723,0.1492877492877493,1.1223938775894802,89.0,2.0,1415.0,1140.0,770.0,880.0,3.4260897198236906,3.5210070686836787,0.1381646530876672,0.0560913319884073,0.0,0.0043859649122807,3.182808662151797,0.0129870129870129,0.615909090909091
Münster,munster,,legacy,,36.6,,,commute_mode_share,legacy_max_value,,mixed Eurostat + 2011 census; year unknown,"Münster, Germany",DE,False,,0.0069293362926768,0.0076113482610202,0.0003422796227962,0.0006563832925314,0.625032688124709,,0.9499669904063854,1.0455820958433275,1.0830490861877238,8.126761125725468e-05,0.0001218958253985,9.513634266448243e-05,0.0001201377830088,0.0085667169769131,0.025230987917555,0.8917393051992526,,0.5033723677850387,0.0008036758542495,,,,0.0183632399798759,0.3060521567984254,60.75388244385015,165.0899227104717,0.0130087875184393,0.4611772597685729,0.0839757257667705,6014.0,4231.0,,,5.087867932536509,3.400352539329897,,3.2627871876572194,2.4723634574380844,,,0.6579520072137737,0.9999999999999988,1182.0275368275484,1244.2827474688252,0.9830358145776242,0.9595883779582146,0.9999781222604218,0.9988627402821648,0.4591493029991638,0.017788944723618,,,,,,1.0850993707904852,595.0,1.0,19456.0,7537.0,11926.0,6097.0,3.564495278745458,3.557703300005072,,,0.000719572368421,0.0017248242006103,,0.0430991111856448,0.609972117434804
Chemnitz,chemnitz,,legacy,,5.8,,,commute_mode_share,legacy_max_value,,mixed Eurostat + 2011 census; year unknown,"Chemnitz, Germany",DE,False,0.5.0,0.0006695780831629,0.0111708813054021,1.6711926681044509e-06,0.0018391903677973,0.1066713400881231,0.9668346144961766,0.647089422226412,1.0460889857755484,1.0904876573302165,3.5023420655949554e-05,0.000130025338704,2.651235738791859e-05,0.0001293886787946,0.0127487821851078,0.0293340427418639,0.7645883528002124,,0.922413158974684,0.0011326068275046,0.6186299081035923,0.4241859639783515,2.585703958206593,0.0171189979123173,0.2859803139132748,64.29523920463255,184.6724372965744,0.0157470840043736,0.5812108559498956,0.1154562383612663,2833.0,2683.0,12.821541708334337,12.142674339379113,4.958627095588767,3.038784118195064,1.0559075661572863,3.710229645093946,2.543761638733706,94.18214467516276,882.9189227149243,0.1648479119332592,1.0000000000000029,571.3274955723649,882.9189227149219,0.972453145069376,0.955651716388018,0.9999464155742326,0.9978060877989092,0.8458671160571852,0.3847073186403649,0.572679149524114,0.2731879665330712,1.376395440481291,0.4828198433420365,0.1361639824304538,1.1525762141855245,527.0,1.0,8886.0,4781.0,4790.0,3759.0,3.568965737781216,3.570138507173747,0.0132030240762558,0.0121423090163567,0.0004501462975467,0.0025099351600083,3.995898973761733,0.0102296450939457,0.5982974195264698
Aachen,aachen,,legacy,,10.5,,,commute_mode_share,legacy_max_value,,mixed Eurostat + 2011 census; year unknown,"Aachen, Germany",DE,False,0.5.0,0.0005525732571964,0.0117751909586873,9.269355220816876e-06,0.0023178165371644,0.0869584369262171,0.8609166760126653,0.6238526521196248,1.0354688095636988,1.0704425806148967,3.399716215266366e-05,0.0001524292465584,2.5551226125129377e-05,0.0001508257579167,0.0086261690729138,0.0236048749198203,0.7988186370784329,0.4986969882637884,0.8053727633304121,0.0028628714207896,0.5654583446897429,0.4250106974753958,2.708377430604272,0.022337237809861,0.2761385503527902,70.02298079861936,175.83672546830894,0.022955985610333,0.5679651321165895,0.0987812700449005,2170.0,2257.0,13.48524191304171,14.025894469002369,4.9790851750056815,3.230750398361151,0.9614532565352236,3.3909016616725687,2.5484284797947403,60.74910406016838,697.6890271853811,0.1393893840649132,0.99869698826379,435.82303249060686,698.5993102855914,0.9767665978925526,0.9645682373357554,0.9998989304373684,0.9969964652258212,0.7558403840591634,0.1682080028932344,0.4966183552573032,0.2592220288018603,1.447022320090586,0.3958020989505247,0.1375381158722516,1.164395233276091,351.0,2.0,6224.0,3973.0,3671.0,3118.0,3.558303823573115,3.554245109339223,0.0228200905425631,0.0264686827476808,0.0009640102827763,0.0012584948401711,4.341373594232851,0.023154453827295,0.6250801796023092
Kassel,kassel,,legacy,,8.7,,,commute_mode_share,legacy_max_value,,mixed Eurostat + 2011 census; year unknown,"Kassel, Germany",DE,False,0.5.0,0.0019749911665198,0.0124488749285718,1.528584245254759e-05,0.0025358554939721,0.2076065469059174,0.9599358526599976,0.5640464176529186,1.0285883647989358,1.0692495339488033,5.873460167471513e-05,0.0001856282334734,5.824903997802342e-05,0.0001836575967884,0.0086642231724699,0.0316971544715447,0.796946117991024,0.4986071688899727,0.7675930227946446,0.0031718541737926,0.6005501222493888,0.4472239170225747,3.333283584744509,0.0229077580940745,0.2228658536585366,60.33201344296749,143.3710804961145,0.0334800711311333,0.6383628588882101,0.1262195121951219,2146.0,2549.0,20.112698929662645,23.8896875916636,6.033899732297829,4.042528144498711,0.8418987838367987,3.601099572388516,2.6817073170731707,130.90548022116616,629.6677679200643,0.3680664222100714,0.9986071688899736,355.6572192462934,630.5460120219116,0.98468033365065,0.9677302812811706,0.999881844360505,0.999495959174632,0.8484203045604337,0.4653971612448206,0.4749145519901654,0.3735057525702684,1.3446362263801983,0.4423047531713281,0.1708619374523264,1.130800148303878,273.0,2.0,5895.0,4398.0,3274.0,3280.0,3.5580400887566044,3.539771435534488,0.0230573829872354,0.0394242713239784,0.0,0.0004547521600727,5.909590913837907,0.0171044593769089,0.6509146341463414
Heidelberg,heidelberg,,legacy,,25.2,,,commute_mode_share,legacy_max_value,,mixed Eurostat + 2011 census; year unknown,"Heidelberg, Germany",DE,False,0.5.0,0.0046211173392171,0.017139108462376,3.93482864525948e-05,0.0042518534381809,0.2271012363750955,0.957129258599276,0.6086248257324072,1.0225266296876463,1.09207882455332,0.0001014293042825,0.0001999317101672,7.879073252218162e-05,0.0002010288150432,0.0075757575757575,0.0235671936758893,0.8346759523854144,0.4999253706671949,0.8753540279915295,0.0048432926612773,0.5597213685720139,0.4607649192218925,2.3110085440112376,0.042997542997543,0.1996047430830039,45.99686744366074,147.74318966561586,0.0541097614449217,0.5282555282555282,0.1595849802371541,1828.0,1620.0,16.808880753444473,14.89627287777902,7.273396196220527,3.9230670556346303,1.128395061728395,3.3562653562653564,2.7618577075098814,93.77968760417716,412.91139751339466,0.3731383058550172,0.9999253706671936,251.3268837121623,412.9422151153963,0.9871493718488712,0.966730656373889,0.999999947705312,0.9996753711112252,0.8052586377186265,0.5561075666964131,0.4620851617360355,0.3431734759825911,1.2832628605947705,0.3731366220992777,0.1911946574325995,1.103868155515904,220.0,2.0,5464.0,2795.0,3256.0,2024.0,3.472961664489092,3.461539287372527,0.098101788824063,0.1079487112201805,0.0,0.0007155635062611,3.7970987155021407,0.0331695331695331,0.6408102766798419
Bremerhaven,bremerhaven,,legacy,,12.5,,,commute_mode_share,legacy_max_value,,mixed Eurostat + 2011 census; year unknown,"Bremerhaven, Germany",DE,False,0.5.0,0.0224040474975332,0.0210102921425929,0.0024638869041543,0.0048637809461466,0.4890374080570253,0.6028710391807889,0.7096153907174306,1.026129593692347,1.0720074333353138,0.0001063457515349,0.0001968950581992,0.0001218577538532,0.0001981346200286,0.0089997251992305,0.0421118906278107,0.8951171848216244,,0.2678495313202578,0.0023465450595222,0.6266501650165016,0.4745182784080677,3.521430459479455,0.0094806265457543,0.1624392876416621,66.36133275507443,161.72996117256915,0.0291560595481714,0.7197032151690025,0.1672962763086886,1787.0,1552.0,20.808920014707216,18.07243640896788,5.909223610732109,3.641837932378594,1.1514175257731958,3.7568013190436935,2.8440366972477062,208.40742267978592,426.15844768972056,0.6891584010918956,1.000000000000002,302.4085933648742,426.1584476897197,0.9900601267711912,0.9692719025073524,1.0,0.9999831312379874,0.7752883509340146,0.082084582084582,0.4570714253286357,0.318216925605379,1.5165903099585782,0.4563647617082731,0.2115644420426911,1.1515640437840364,81.0,1.0,4557.0,2635.0,2426.0,1853.0,3.4802546608706817,3.4751229558044816,0.0917864219418953,0.0962325169420456,0.0,0.0015180265654648,4.962449385320182,0.0169002473206924,0.6702644360496492
Heilbronn,heilbronn,,legacy,,5.9,,,commute_mode_share,legacy_max_value,,mixed Eurostat + 2011 census; year unknown,"Heilbronn, Germany",DE,False,0.5.0,0.0035014835596632,0.0151007300992253,2.4645713132698466e-06,0.0038250684877639,0.3312645674417591,0.9931224266930097,0.7999422622605102,1.0395742845941882,1.0798564825879122,6.355149682320155e-05,0.0001901519282323,5.166806925958786e-05,0.0001988477496127,0.0091617933723196,0.0381441693912501,0.8071127877172881,,1.1477930792330928,0.0025363762221234,0.6146186223180372,0.4541062801932367,3.159355852007251,0.0098491843644198,0.2013078000934142,52.67878025753343,135.29968311264875,0.0267808045907823,0.6078793474915358,0.1237739374124241,1993.0,1710.0,19.96461203332765,17.129697228795926,6.319203334009818,4.337203339831045,1.1654970760233918,3.685441674361342,2.722092480149463,130.60545377784263,394.2632765902586,0.4141105965643794,1.0000000000000009,315.3878574018526,394.2632765902584,0.9758527639122756,0.9613894654598618,0.9999998210808064,0.9994205700032452,0.8458098676914452,0.457025955760133,0.5052736069942281,0.3405362606972171,1.333685104809152,0.4774372401047281,0.1809679682020107,1.1144762672712234,362.0,1.0,5987.0,2914.0,3249.0,2141.0,3.4914296607936,3.482316673228965,0.0820666876110618,0.0899968276410666,0.0,0.0034317089910775,3.949479857557984,0.0055401662049861,0.6749182624941616
Offenbach am Main,offenbach am main,,legacy,,9.4,,,commute_mode_share,legacy_max_value,,mixed Eurostat + 2011 census; year unknown,Offenbach am Main,,False,0.2.0,0.0010295679994199,0.0223382510494885,4.986518391632793e-05,0.0069245491633654,0.0969573226700759,0.9700363112308584,0.640470735127762,1.022658401611271,1.062960868314492,7.849238478522016e-05,0.0002807205344797,6.022296918740769e-05,0.0002810332450627,0.0054920421430172,0.0282386072708653,0.7555610217816922,,0.8025687494344245,0.0040157952886002,0.5925925925925926,0.4756410256410256,,0.0168123739071956,0.1705069124423963,60.41208123169023,134.2407964573771,0.0869405180303717,0.6099529253530599,0.1874039938556067,927.0,1080.0,,,5.812353365044621,4.33705891168829,0.8583333333333333,3.550773369199731,2.849462365591398,,,0.1513844698161498,1.0000000000000009,159.4878944516622,249.0166774284345,0.9828552092051172,0.9734202986175065,0.9999375292029672,0.9999638600670422,0.7237477837493781,0.3228140703517588,,,,0.4314584035028629,0.2131589072720277,1.0550197054845114,128.0,1.0,2640.0,1855.0,1487.0,1302.0,3.4825454533815323,3.480452133925087,0.0897981636999646,0.091615113855379,0.0007575757575757,0.0021563342318059,,0.0134498991257565,0.642089093701997
Ingolstadt,ingolstadt,,legacy,,20.5,,,commute_mode_share,legacy_max_value,,mixed Eurostat + 2011 census; year unknown,"Ingolstadt, Germany",DE,False,0.5.0,0.0109322679649516,0.0149748299998061,0.0012911448696976,0.0026823925359879,0.7380505711279929,0.9548112720463284,1.0045902457759706,1.0234013107789837,1.089545662380148,0.0001358458477287,0.0001580527976606,0.0001592287218232,0.0001583011523777,0.0115862905671822,0.0491347905282331,0.906646851906738,,0.3433492482611144,0.0017508898766377,0.6596874525868609,0.4626338573706994,4.301256960970357,0.0100090991810737,0.1697404371584699,65.9797391460088,140.63978013943824,0.0213021985007216,0.7381710646041856,0.110655737704918,3320.0,2431.0,24.888764987318943,18.22427339884709,5.786393422471574,4.256413290106259,1.3656931303990127,3.956323930846224,2.773907103825137,421.5288356942799,571.1381471462582,0.7346782175432174,0.9999999999999992,573.7598116136926,571.1381471462587,0.9866458246649012,0.9596981825011596,0.9999859633477896,0.9989782411422252,0.8015307263747646,0.50552510664152,0.5040349150456171,0.2974958113291474,1.1180756052435474,0.5117787640833049,0.1938130234148009,1.069169475929472,197.0,1.0,8696.0,4061.0,4396.0,2928.0,3.555986178238115,3.5396930131593267,0.0249043799456936,0.0394942319095038,0.0,0.0017237133710908,4.281603349281933,0.0170609645131938,0.719603825136612
Gera,gera,,legacy,,4.9,,,commute_mode_share,legacy_max_value,,mixed Eurostat + 2011 census; year unknown,"Gera, Germany",DE,False,0.5.0,0.0050897554517236,0.0165201219773074,8.172353554111896e-05,0.0028457046300505,0.1469965186457383,0.9515457356539124,0.4093209754244438,1.046839230147383,1.088893456766156,0.0001054642269296,0.0001510426308534,0.0001125602977945,0.0001527669663419,0.0126019273535952,0.0340923772609819,0.7735866200209645,0.6665090078247966,0.5746995413901879,0.006415543005213,0.6327641672853254,0.4138376980278047,1.256474462274899,0.0081541882876204,0.311531007751938,74.85505030624147,182.66185715656064,0.036014015544376,0.6953298739807264,0.1027131782945736,941.0,1421.0,6.1771970427348455,9.328158339772813,4.916293349528789,3.03882887013592,0.6622097114707952,3.7909562638991847,2.48062015503876,68.73768215393167,467.5321334658124,0.3591228582735366,0.9998241695229774,191.40436363305943,467.61435432079526,0.974646238292661,0.9534076427319784,0.9998711025640734,0.9958481020738038,0.7855857491029381,0.3633422835954482,0.4212317546089156,0.3643539944940224,1.4402314879997815,0.4894170070553286,0.1210283773951006,1.100177850353894,110.0,3.0,2557.0,2560.0,1349.0,2064.0,3.504015118185053,3.545820505448682,0.0710582322625138,0.0340202196910164,0.0,0.002734375,3.0696556925088,0.0022238695329873,0.5857558139534884
Cottbus,cottbus,,legacy,,24.4,,,commute_mode_share,legacy_max_value,,mixed Eurostat + 2011 census; year unknown,"Cottbus, Germany",DE,False,0.5.0,0.0150584814356234,0.0161452736457024,0.0023721443664931,0.0031753812205186,0.5749985341613058,0.9943329280217932,0.8510145246594915,1.0213755026853533,1.0843785351959827,0.0001662729870802,0.0001780415856114,0.0001883365032712,0.0001767992912618,0.0059840425531914,0.0517405063291139,0.8950028769352019,,0.3374316305306844,0.0021920551042835,0.580339985218034,0.447553678282295,2.3457445975794684,0.0115248226950354,0.2246835443037974,49.44304555002982,179.39162855391774,0.0136759260612587,0.6008421985815603,0.1308016877637131,2811.0,1470.0,16.984629014530253,8.882036517737273,7.240613079555374,3.2223210032968463,1.912244897959184,3.480496453900709,2.682489451476793,262.3102553570308,456.1929114126127,0.6756624211453671,0.9999999999999996,388.2267936588342,456.1929114126128,0.9894212654073368,0.9555420299951743,1.0,0.9998243719460445,0.8261060467984551,0.7167322759895194,0.5470363320912496,0.2790697147072055,1.1136286125641208,0.3848541966958643,0.171111697913916,1.0727763547379916,131.0,1.0,7852.0,2543.0,4512.0,1896.0,3.528983172503473,3.523010707886716,0.0490245462953522,0.0543185969796948,0.0,0.0043255996854109,2.756409590680076,0.0221631205673758,0.6445147679324894
Hildesheim,hildesheim,,legacy,,16.4,,,commute_mode_share,legacy_max_value,,mixed Eurostat + 2011 census; year unknown,"Hildesheim, Germany",DE,False,0.5.0,0.0049585401672119,0.0154421625544267,7.602762631770264e-05,0.0029433414658035,0.378466702919348,0.9530832524648664,0.8613796870670076,1.0335036215840188,1.095116082989751,6.871098334690134e-05,0.0002029659444614,5.4056847962588586e-05,0.0002029602534683,0.0080305232558139,0.0295458117240295,0.822416376666099,,0.5952218210232525,0.0026843559472694,0.607030303030303,0.4240994179644486,3.4827902365052643,0.0207122093023255,0.2772277227722772,64.07523428865159,138.17835212313844,0.0198153958981014,0.6217296511627907,0.0957095709570957,1777.0,1533.0,19.286802047589862,16.638529847470604,5.537744376745129,4.115117667164057,1.1591650358773646,3.63953488372093,2.542197076850542,140.98976080438533,372.5288373239809,0.4393726815268012,0.9999999999999992,320.88877331756714,372.5288373239813,0.9798795749410112,0.9593693695456296,0.9999997666520246,0.9987977417216972,0.8440145994125522,0.5839523367378521,0.4871684180229099,0.3568461813896424,1.230218415439947,0.4449899981814875,0.1359452442766108,1.1114590866948442,191.0,1.0,5008.0,2696.0,2752.0,2121.0,3.5386003816153933,3.4980341211774166,0.0404687032618189,0.0762979713728977,0.0,0.0014836795252225,4.04326952306496,0.0239825581395348,0.6270627062706271
Jena,jena,,legacy,,16.1,,,commute_mode_share,legacy_max_value,,mixed Eurostat + 2011 census; year unknown,"Jena, Germany",DE,False,0.5.0,0.0002059447008982,0.0177569738932497,1.0277486872342962e-05,0.0030708977542448,0.0428312559804097,0.9616761256679016,0.5355761341691326,1.033797655878548,1.111462423012952,5.094900051854975e-05,0.0001864767032411,4.202578950995458e-05,0.0001888407383894,0.0041901829998289,0.0406761753829899,0.7003273078644894,,1.0895347840187544,0.0027267702227456,0.6062318096216401,0.4341618191433104,1.7173546280585124,0.0056439199589533,0.248283148441627,55.46854151002143,148.89737639414696,0.0601882997351991,0.6880451513596716,0.0972002113048071,1345.0,1423.0,11.760061575067205,12.442057711019055,6.847777030398246,3.8801940269670334,0.9451862262825016,3.6336582863006672,2.602218700475436,15.707688027076296,366.7342380587836,0.0799723013178249,0.999999999999999,196.41410548698587,366.734238058784,0.9815226436308158,0.94997226493896,0.9998859638466328,0.9960588444697408,0.8410019073136695,0.677787640415047,0.4849225576678359,0.3560793496458336,1.2867215111634611,0.4639095812997688,0.151018249140439,1.1053606895344772,214.0,1.0,3541.0,2463.0,1949.0,1893.0,3.5543974026018867,3.558388942126818,0.026331901533197,0.0227434999274417,0.0,0.003248071457572,3.206555554837661,0.0020523345305284,0.6545166402535658
Bordeaux,bordeaux,,legacy,,8.6,,,commute_mode_share,legacy_max_value,,mixed Eurostat + 2011 census; year unknown,"Bordeaux, France",FR,False,0.5.0,0.0005283800665973,0.0129968363520177,1.1428567625292602e-05,0.0049693086610208,0.0567033283026444,0.9818573075820668,0.3268952900651728,1.0463300680477945,1.0401153954368338,6.060234957105808e-05,0.0002551254882465,5.422190598964704e-05,0.0002569794276744,0.0057480635955972,0.0370717395419269,0.8176073938509227,,1.2084219889812389,0.0018900835244457,0.5552835577315381,0.5014204545454546,3.4596187898005057,0.0949857317570322,0.0885860306643952,42.35925242696938,99.92014120583931,0.0424081323130907,0.5642070933550755,0.1788756388415673,1450.0,3210.0,29.004713673095747,64.21043509699128,8.38378891876936,6.067168113470757,0.4517133956386293,3.3289849164288627,3.006814310051108,30.000435202604656,529.0771476849186,0.1734602180757621,0.9999999999999988,172.95282765931594,529.0771476849192,0.9817515029755022,0.9778294970904076,0.9999999985989928,0.9997325945757688,0.805090869460004,0.1858270676691729,0.4978471868497235,0.3072436826102803,1.5358858589495326,0.3752295449908182,0.2520244352891035,1.1374547257384386,209.0,1.0,4083.0,5295.0,2453.0,3522.0,3.529658103989477,3.560116978461969,0.0484253511525888,0.021187944748197,0.0,0.0009442870632672,10.583262882468464,0.0269058295964125,0.7325383304940375
Nantes,nantes,,legacy,,8.7,,,commute_mode_share,legacy_max_value,,mixed Eurostat + 2011 census; year unknown,"Nantes, France",FR,False,,0.0012268835637827,0.0106647452771825,2.235885814657696e-06,0.001999553571695,0.2002163818356347,,0.649105903849324,1.0429914295129927,1.065990706080529,5.89297744764465e-05,0.000200770157498,2.689946113807743e-05,0.0002007925015975,0.0107076350093109,0.0238519934172108,0.7884498853695934,0.4994634080613371,1.056098260784591,0.0031230962010035,,,,0.053072625698324,0.2570791527313266,43.44038226116114,109.73100337752972,0.0282787063206812,0.5865921787709497,0.1090301003344481,3267.0,3331.0,,,7.859391840508563,5.201516722771426,,3.5638733705772814,2.602452619843924,,,0.3084494851276391,0.9994634080613332,415.6810178570509,640.3901357112635,0.9785325609032144,0.965512651415569,0.9999111776163978,0.9987932476544712,0.7506930400826137,0.1399497487437186,,,,,,1.0904714759579512,439.0,2.0,9569.0,5836.0,5370.0,4485.0,3.565335103828517,3.577133428715053,,,0.0002090082558261,0.0011994516792323,,0.0217877094972067,0.6336677814938685
Strasbourg,strasbourg,,legacy,,15.0,,,commute_mode_share,legacy_max_value,,mixed Eurostat + 2011 census; year unknown,"Strasbourg, France",FR,False,,0.0108059522886079,0.0138442877630712,0.0009788483584904,0.003346792579229,0.7494874392432225,,1.065251426980074,1.0420286039582822,1.0792269044187288,0.0001370915371458,0.0002129508085942,0.0001509759605628,0.0002055992574119,0.0036800894854586,0.0308700564971751,0.9214235764260346,0.4995721755536171,0.3551183110025629,0.0038211140155781,,,,0.034228187919463,0.1749152542372881,51.24638422723677,127.59813983051151,0.0224510494305438,0.6454697986577181,0.1271186440677966,4012.0,2434.0,,,7.195629614860013,4.650295756958573,,3.651006711409396,2.7810169491525425,,,0.7035779725430417,0.9995721755536184,557.5606603923361,523.4075695847582,0.98498122688974,0.962636211555931,0.9999957343729808,0.9987636509448304,0.5878422014517075,0.0538693467336683,,,,,,1.0749668880614387,198.0,2.0,10880.0,4102.0,5960.0,2950.0,3.569100119092385,3.5691548291035,,,0.0,0.0021940516821062,,0.0276845637583892,0.6979661016949152
Grenoble,grenoble,,legacy,,12.5,,,commute_mode_share,legacy_max_value,,mixed Eurostat + 2011 census; year unknown,"Grenoble, France",FR,False,0.5.0,0.0076557068989853,0.0197750018005147,0.0001671681338452,0.0107776665623103,0.4756867146978771,0.9922928822326894,0.880479751451803,1.0206919063971058,1.0593869293564673,0.000110426226218,0.0004379761939471,0.000117787775691,0.0004411121335602,0.0067134268537074,0.0452177103718199,0.8701466242681732,0.4996649908075279,0.8044025537630656,0.0101907936777625,0.6175356506238859,0.490566037735849,9.31696165741747,0.0561122244488977,0.1172945205479452,31.174283527949505,114.36804652854616,0.0480104212684529,0.6479625918503674,0.1660958904109589,2008.0,1031.0,108.26713815167388,55.589352307956055,11.620434014073638,5.2533541408866125,1.947623666343356,3.702738810955244,2.9383561643835616,93.35616630839598,196.18982042368435,0.5402585509928288,0.9996649908075296,172.7990535954241,196.25556784298524,0.9901180408401528,0.9741624592469112,1.0,0.9998081735557888,0.7963812138000003,0.5165727628039186,0.558791807777339,0.2375894060226611,1.2506481987650353,0.4492729399966572,0.2359502359502359,1.1244338895439143,139.0,2.0,5543.0,1716.0,2994.0,1168.0,3.508515519009141,3.525373749531942,0.0671058202907393,0.0522257405879242,0.0,0.0011655011655011,10.58168758799387,0.0227120908483633,0.7166095890410958
Rennes,rennes,,legacy,,9.5,,,commute_mode_share,legacy_max_value,,mixed Eurostat + 2011 census; year unknown,"Rennes, France",FR,False,,0.0001334321526514,0.0130189905908891,1.8574411743854983e-06,0.003207919990707,0.080745114089106,,0.7273047815417069,1.0445350243865243,1.0807462308526563,3.6548524613575214e-05,0.0002637435555572,3.3363458911366216e-05,0.000259263429602,0.0090873936581593,0.0231720240197809,0.7821007757113452,0.4997874301881453,1.2263622544369608,0.0045623484989988,,,,0.0703016241299303,0.2543270929000353,43.74113339528694,118.76746702512004,0.0386809680509111,0.5394431554524362,0.1109148710702931,2439.0,2111.0,,,7.649865827549226,4.815558840693251,,3.382366589327146,2.607559166372307,,,0.1110196387241485,0.9997874301881474,318.82912131824645,438.3707207897181,0.9771547187698388,0.9618966715429704,0.9999695316864644,0.9993177857857228,0.5482156398965938,0.0334170854271356,,,,,,1.093649349129668,391.0,2.0,7289.0,3691.0,4310.0,2831.0,3.529767346265396,3.497445660967991,,,0.0,0.0016255757247358,,0.0264501160092807,0.6347580360296715
Dijon,dijon,,legacy,,5.7,,,commute_mode_share,legacy_max_value,,mixed Eurostat + 2011 census; year unknown,"Dijon, France",FR,False,0.5.0,0.0152649038720448,0.0157939692093992,0.0004855230847605,0.005742207075249,0.2024247244071317,0.9869344939538024,0.3735643930293318,1.0308652957489903,1.0669231078078194,0.0001195148313868,0.0003021172803659,0.0001163316581737,0.0003037206583079,0.0049101352603298,0.034087694483734,0.8621760079072607,0.4994149417625246,0.6208667659296674,0.0054572639192141,0.5818957521795586,0.4734937863772219,3.280763215091902,0.0583657587548638,0.1626591230551626,43.64213553207418,121.75548719626688,0.0744346448578931,0.6331295163979989,0.1532296086751532,1203.0,1776.0,28.828364318865383,42.55958024131749,8.787090816628117,4.846050360262145,0.6773648648648649,3.4874930516953864,2.8382838283828384,74.18542603168872,366.26960196803,0.5418737122283428,0.9994149417625252,136.90537916411668,366.4840164607633,0.9799156791093606,0.9682011800983434,0.99989588557474,0.9995949156555864,0.7902252732325106,0.4469868270926252,0.4177046527267856,0.372520620505725,1.2776981705482084,0.3960478708600056,0.2102902997403823,1.1662023594569693,85.0,2.0,3137.0,3010.0,1799.0,2121.0,3.4776716757520383,3.554485324679284,0.094025676691983,0.0262529305100827,0.0003187759005419,0.0026578073089701,8.782323145113835,0.0355753196220122,0.6841112682696842
Clermont-Ferrand,clermont-ferrand,,legacy,,3.6,,,commute_mode_share,legacy_max_value,,mixed Eurostat + 2011 census; year unknown,"Clermont-Ferrand, France",FR,False,0.5.0,0.0017353962826812,0.0131783463530084,7.402227432476755e-05,0.0045353097426935,0.0609593876834387,0.975339975390404,0.2960957384338867,1.028480954781579,1.070231316446414,7.657776686564963e-05,0.0002932987122405,7.128857074102817e-05,0.0002936278162161,0.0045993031358885,0.0287562604340567,0.771538269403605,0.4999181538811525,0.8318442056955193,0.0050266433540278,0.5710630379157944,0.4590643274853801,2.733664710509673,0.0536585365853658,0.1999165275459098,47.98799262118008,120.67935376679266,0.0424422908918357,0.5909407665505226,0.1452420701168614,877.0,1917.0,20.349828799309392,44.48189487830799,7.444156820356842,4.818037654835697,0.4574856546687532,3.421602787456446,2.7520868113522536,24.25451076993236,397.8472644493143,0.2058772882239571,0.9999181538811536,117.81052188499709,397.8798293691154,0.9801026473476824,0.9678345034977412,0.9999395171878452,0.9989548816218462,0.7397368776488235,0.3515851180521839,0.4381629741187194,0.301573903530104,1.5177078824694243,0.3902268760907504,0.1886358888656778,1.1327315626396754,98.0,2.0,2455.0,3297.0,1435.0,2396.0,3.488570278529831,3.4804818147959327,0.0845586316370984,0.0915893642715607,0.0,0.0009099181073703,9.232367628688634,0.0202090592334494,0.6548414023372288
Angers,angers,,legacy,,7.3,,,commute_mode_share,legacy_max_value,,mixed Eurostat + 2011 census; year unknown,"Angers, France",FR,False,0.5.0,0.0001733220719301,0.0132917978553709,2.320185224870893e-06,0.0035058355155269,0.1242096086110064,0.9924273815482848,0.6057194754260021,1.0320808717041452,1.0745810819341528,4.91421038269217e-05,0.0002624370664499,4.7754200524249736e-05,0.0002538155785026,0.0056988312566405,0.0313771213887809,0.7757160765195803,0.7498036610143335,1.4116981807610027,0.0101796795417904,0.5890596308108631,0.4513159600674186,5.347003779877115,0.0553462764416111,0.2129809560823941,39.05024045204374,112.88126339352274,0.0109487383494536,0.6006954505940307,0.1255343956471045,2128.0,2024.0,47.80625155430661,45.46985580165253,8.940755144819684,5.150917848145958,1.051383399209486,3.532309475514344,2.7057909055577145,48.80688359632199,392.8310926184856,0.205061276135541,0.999723659226895,238.0112155552065,392.9396778728527,0.9829432390262492,0.96241479195727,0.9998343203671464,0.9982127046289816,0.8395876996768592,0.5126317971804288,0.4946558469614399,0.3449318527154192,1.420216238146079,0.4320719153255038,0.1773973935032095,1.14749638809635,336.0,4.0,6095.0,3481.0,3451.0,2573.0,3.5060269470491545,3.5281186935769164,0.0692924096754552,0.0497917434684856,0.0,0.0025854639471416,8.827524946455734,0.0159374094465372,0.661095996890789
Caen,caen,,legacy,,4.9,,,commute_mode_share,legacy_max_value,,mixed Eurostat + 2011 census; year unknown,"Caen, France",FR,False,0.5.0,0.0077053255077111,0.0164791817462717,5.66037561134458e-05,0.0054822975362597,0.2598851023830292,0.997713482597024,0.5176085238118479,1.037350260833083,1.0720338699990295,9.144802876590456e-05,0.0003080577944356,9.144686287542036e-05,0.0002958690750998,0.0021594032194738,0.0415976440272409,0.8368409555383589,,0.9897357232987236,0.0034614570723007,0.5696136214800261,0.4641606780910263,5.811799466726014,0.0628190027483313,0.1684152401987852,34.38373585973408,114.6866540425306,0.0310089937192074,0.6038476639183353,0.1170623964660408,1609.0,1506.0,62.53514991977931,58.53196754455416,10.760032289105718,5.212954350884856,1.0683930942895086,3.414998036906164,2.781888459414688,75.07968377325369,288.89568153313445,0.5020881427321668,0.9999999999999994,149.53486725398352,288.8956815331346,0.98488474803963,0.9643744492803578,0.9999943541020538,0.998887681039376,0.7739804872321272,0.1986728285341865,0.5185921708138831,0.2553883164182439,1.396140206868535,0.3831794065631754,0.1960188001105889,1.1889920796315132,148.0,1.0,4349.0,2519.0,2547.0,1811.0,3.5342534478086614,3.537662584529379,0.0443406498766413,0.0413046899721368,0.0,0.000396982929734,11.22817573390391,0.027875932469572,0.7145223633351739
Brest,brest,,legacy,,3.0,,,commute_mode_share,legacy_max_value,,mixed Eurostat + 2011 census; year unknown,"Brest, France",FR,False,0.5.0,0.0017926477026852,0.0105084423237077,5.867503224099338e-05,0.0024586368530309,0.058785641188017,0.953136587192004,0.2340681224269778,1.0342509618823048,1.0835814336531258,7.095681296943876e-05,0.0002530719780193,7.234812927812352e-05,0.0002566041853401,0.0027287993282955,0.0256281407035175,0.7462479333940144,,1.2734292582737847,0.0019609815495244,0.5105086170659942,0.4364839953075247,2.407733104784384,0.0579345088161209,0.2542713567839196,49.1406898762612,97.89762029728216,0.0480596487208712,0.4609571788413098,0.1228643216080402,792.0,2968.0,15.975878968049194,59.86920300147728,6.635236661531826,5.820193238988713,0.2668463611859838,3.05919395465995,2.6175879396984927,29.977661545194792,509.94870412854175,0.2511475743834208,0.999999999999998,119.36273570943844,509.9487041285427,0.9797892951962714,0.9575187158529744,0.9999088779571168,0.9992613350485394,0.7780943442859245,0.437482427601719,0.3327090987200482,0.4453852455658764,1.4345246091342108,0.3131504257332071,0.1546197360150848,1.1720964018500684,152.0,1.0,2429.0,5209.0,1588.0,3980.0,3.483120764146413,3.5542598656549105,0.0892984899980636,0.026455429878028,0.0,0.0021117296985985,10.286463102362534,0.0377833753148614,0.6228643216080402
Amiens,amiens,,legacy,,5.2,,,commute_mode_share,legacy_max_value,,mixed Eurostat + 2011 census; year unknown,"Amiens, France",FR,False,0.5.0,0.0006495047755977,0.0145540041043543,4.444441959968383e-05,0.0043354020222987,0.0936816432484493,0.9762460983485358,0.4942276709480423,1.0318806896427373,1.0685463343756447,7.511036685528793e-05,0.0002852427420901,6.53335831932702e-05,0.0002814923361195,0.0058108821975699,0.0342342342342342,0.7942928576769674,,0.817088031462046,0.0029052339190576,0.6010928961748634,0.441980783444198,3.373378673338166,0.0316957210776545,0.2255206025697829,49.887480630661926,115.11918484126892,0.0400720251622771,0.6286318013734813,0.0979175897208684,1215.0,1748.0,24.0932519250527,34.66255503291533,7.142172361340906,5.078348890512701,0.6950800915331807,3.6027469624933968,2.649534780682321,32.24581767200262,344.2063626753944,0.1895515948525228,1.0000000000000009,170.11630895055717,344.2063626753941,0.9822299619609502,0.9635276990643988,1.0,0.99957247987303,0.8045972838073125,0.4158697230577741,0.474011196674719,0.3305860871325934,1.3873865971317914,0.437979370536895,0.162785540031049,1.1246176037942557,139.0,1.0,3410.0,2990.0,1893.0,2257.0,3.50378035498804,3.5519241889214674,0.071264179388106,0.0285520135196183,0.0,0.0016722408026755,6.825556057731956,0.0132065504490227,0.6765618077093487
Dunkerque,dunkerque,,legacy,,3.3,,,commute_mode_share,legacy_max_value,,mixed Eurostat + 2011 census; year unknown,"Dunkerque, France",FR,False,0.5.0,0.0137229013295105,0.0199233039802627,0.0006430351267539,0.0051518351195121,0.4437762933841348,0.9780992751994612,0.6338041703250816,1.048964588461484,1.0650888001001433,0.0001546792421443,0.0002677993327942,0.000167780291464,0.0002720177313574,0.0065636424061149,0.0320212765957446,0.8944280311382071,0.6658863189073951,0.6237763567690214,0.0101372322120613,0.601962741184298,0.4840255591054313,4.470805253206728,0.0383848454636091,0.1335106382978723,51.82846769371212,108.5217333477065,0.0540247492839879,0.6036889332003988,0.1675531914893617,1247.0,1627.0,29.723178786310783,38.78076334027878,6.648283050350169,5.497758936341259,0.7664413030116779,3.608175473579262,2.901063829787234,131.33060901656995,295.62273306916416,0.7001788788428444,0.9989320974287792,187.5672245835441,295.93876683919564,0.9710974635972128,0.9680086939738208,0.9999943564528848,0.99989036464644,0.800751141065924,0.4868388683886839,0.4972294069446238,0.3035217341213003,1.2371914746650237,0.4317444472173696,0.2263648468708388,1.113071482912969,117.0,3.0,3619.0,2727.0,2006.0,1880.0,3.4813714616742075,3.41772091980407,0.0908173833813275,0.145221961053527,0.0005526388505111,0.0025669233590025,7.053922114323779,0.0179461615154536,0.6978723404255319
Annecy,annecy,,legacy,,6.9,,,commute_mode_share,legacy_max_value,,mixed Eurostat + 2011 census; year unknown,"Annecy, France",FR,False,0.5.0,0.0006848098213198,0.0164525519756601,2.706183324341727e-05,0.002795481140539,0.0592489297532695,0.9476415847544158,0.3066184854306258,1.0417840106788918,1.110001774756708,9.579132751996204e-05,0.0001975199419155,8.580476361971636e-05,0.0002009853020237,0.0064308681672025,0.0187886113349449,0.6768385477541279,0.798509912136508,1.1290690057500423,0.0122763627124021,0.5580596694569651,0.407258064516129,1.7873247647431794,0.0707395498392283,0.3211120064464142,48.03140370923886,134.41807277611446,0.0395506340391182,0.569774919614148,0.0781627719580983,951.0,1684.0,13.610853605120855,24.101658749761853,7.615210102611989,4.134678961537044,0.5647268408551069,3.344051446945337,2.441579371474617,24.13130466299009,405.8745368491301,0.1932333912290325,0.9965326060176306,124.88164964402104,407.2867605116268,0.9809973110045525,0.9467145054698252,0.999933093830979,0.9928831828553286,0.6611933877709669,0.0093658051415231,0.4358654570383622,0.2253279307326048,1.5991772993173554,0.3819645732689211,0.1115144182294817,1.2141433287668923,141.0,5.0,2600.0,3030.0,1555.0,2482.0,3.55099512019506,3.5658144402074488,0.0293853492392509,0.0160504028381454,0.0,0.0016501650165016,5.829148761963902,0.0418006430868167,0.6003223207091055
Besançon,besancon,,legacy,,5.3,,,commute_mode_share,legacy_max_value,,mixed Eurostat + 2011 census; year unknown,"Besançon, France",FR,False,0.5.0,0.000157868809627,0.0157563679749383,6.048384028248115e-06,0.0051842815990199,0.0677660470642228,0.9705253848752288,0.5011327337012028,1.0467805091825282,1.0865384612568036,6.290767220758948e-05,0.0002521196836579,5.0146970418821e-05,0.0002511815303067,0.0093272940781748,0.0237584650112866,0.7273061291387737,0.4999821252630052,1.2097467393319068,0.005746385692583,0.6040302267002519,0.4261770244821092,2.6728024553797805,0.0352289884247609,0.2708803611738149,48.489483403944895,153.79799351507063,0.0731080974084843,0.6285858077503774,0.0902934537246049,1270.0,1292.0,19.461781280559173,19.79891449959248,7.281414023466928,3.71216515740867,0.9829721362229102,3.620533467539004,2.554176072234763,23.585624317451977,348.0386381142815,0.1352257446120609,0.9999821252630036,174.4166718039898,348.04485932460483,0.9743755174645532,0.9592796907507268,0.9999220041254864,0.9938753924502992,0.8499121538055409,0.573590745744039,0.5518841454564591,0.2980280083490815,1.4799885990853094,0.4588057445200302,0.1393048883865498,1.151289325212634,211.0,2.0,3597.0,2263.0,1987.0,1772.0,3.5283021858139176,3.514199542019185,0.0496289259072267,0.062101918574588,0.0,0.0022094564737074,5.333521990549956,0.0105686965274282,0.6388261851015802
Bayonne,bayonne,,legacy,,2.4,,,commute_mode_share,legacy_max_value,,mixed Eurostat + 2011 census; year unknown,"Bayonne, France",FR,False,0.5.0,0.0095885391265794,0.0231217149178014,0.0002935509495307,0.0069649336944221,0.2441594834954826,0.9939495563662571,0.5268465674044825,1.044736568992866,1.0953748643679138,0.0001498515850938,0.0003372063184846,0.0001517379034136,0.0003426524007662,0.0043186180422264,0.0349434737923946,0.8144675845119089,0.8237629883284598,0.7431058313140521,0.0367033834168183,0.6198717948717949,0.4256779951939581,3.3453527767791225,0.0259117082533589,0.2713257965056526,44.53206506269024,131.832796515488,0.0428571658051269,0.6986564299424184,0.0904419321685508,758.0,709.0,29.44298400656616,27.53967765257969,8.801159689625804,4.337116473754039,1.0691114245416078,3.712092130518234,2.548818088386433,39.913402106183405,160.39613533425882,0.4634356539482415,0.981180142291532,86.12501383124292,163.47266767920513,0.9757829899318238,0.9513434369855492,0.9999291773789742,0.994625583607629,0.7787310816256879,0.2135093167701863,0.5008970125635406,0.2778340690621472,1.3807404211668106,0.4598364598364598,0.1406491499227202,1.1545290748339738,64.0,6.0,1934.0,1240.0,1042.0,973.0,3.5573347869509777,3.552174647772787,0.0236918288119845,0.0283273012320711,0.0020682523267838,0.0032258064516129,6.349766675447944,0.0287907869481765,0.6382322713257965
Avignon,avignon,,legacy,,5.2,,,commute_mode_share,legacy_max_value,,mixed Eurostat + 2011 census; year unknown,"Avignon, France",FR,False,0.5.0,0.00069945323741,0.0122509591841355,4.8038369304556354e-05,0.0026484882593877,0.0605515166789726,0.9952822766709024,0.3335177931671848,1.0339466611264212,1.1129458242961194,7.442410422331049e-05,0.0002670240452415,6.37240693600395e-05,0.0002817818642199,0.0051916932907348,0.0301279947489333,0.7462836436362992,0.7486033577057247,0.7265387581322245,0.0092309944100071,0.5848,0.4260536398467432,2.234724851596657,0.0654952076677316,0.2569740728585494,65.90098109308377,111.3367838327276,0.0357305560035179,0.6573482428115016,0.0669510994420741,838.0,2264.0,12.957987762456776,35.00821514821258,5.798471231569563,5.224742836064023,0.3701413427561837,3.5031948881789137,2.554643912044634,26.238350491613403,432.28742789074937,0.1815540817296652,0.9976107075939644,144.52085153713273,433.3227626769758,0.9753969244667234,0.9524215861937954,0.9997153338875387,0.9994194182837692,0.7504920262656977,0.1317237818163499,0.5094949536426814,0.2409970726230163,1.5511569581122435,0.4185674269707883,0.1394317621941205,1.153438311443058,105.0,4.0,2193.0,3892.0,1252.0,3047.0,3.489801819855722,3.5181927495855603,0.0834857619044836,0.0585785136095163,0.0,0.0041109969167523,6.700466653892858,0.0119808306709265,0.6760748276993764
Fort-de-France,fort-de-france,,legacy,,0.3,,,commute_mode_share,legacy_max_value,,mixed Eurostat + 2011 census; year unknown,"Fort-de-France, France",FR,False,0.5.0,0.0333333333333333,0.0151764420490687,0.0,0.0028309620894519,0.0045521793241864,1.0,0.0047449992624701,1.1365917570555517,1.1388787283032902,0.0035788403594371,0.000256416808401,0.0012656111791675,0.0002567420972079,0.0,0.0235795454545454,0.459363547259364,0.6665761829826411,1.214181230297317,0.0086419335633987,0.6666666666666666,0.4183590576766856,0.0375719701177711,0.0,0.2930194805194805,274.53342632525283,112.34450939541064,1.907019995698962,0.2,0.0925324675324675,1.0,1741.0,0.0228095904511446,39.711496975442905,0.6070906151486585,5.015202111292416,0.0005743825387708,2.4,2.508116883116883,1.5802641703239708,347.09903587367705,0.959363547259364,0.999868935980027,1.6472005579515172,347.1445340318189,0.9114445518433516,0.9444063864392324,0.933672175745091,0.9976441234432384,0.750198184615168,0.0114614155018195,0.3034324646250951,0.4467657199900728,2.307672345157848,0.6,0.1277676213690839,1.0835129648522068,2.0,3.0,6.0,3090.0,5.0,2464.0,1.5241172443846085,3.546143622842984,0.9960654618032456,0.0337311301413478,0.0,0.0022653721682847,7.918224648619249,0.0,0.6140422077922078
Fréjus,frejus,,legacy,,1.4,,,commute_mode_share,legacy_max_value,,mixed Eurostat + 2011 census; year unknown,"Fréjus, France",FR,False,0.5.0,0.00651868945765,0.0197517048413361,0.0003496482234829,0.0031737425503599,0.0855835978395819,1.0,0.3916222179176349,1.0797529892948454,1.1656205310431411,9.756004407491572e-05,0.0001720607486796,8.880431507418496e-05,0.0001847667457442,0.0063768115942028,0.0127381716977092,0.7114529513666255,,0.4746443073588008,0.0033193081494613,0.5904595695171612,0.3965702036441586,1.1250950976323653,0.0191304347826086,0.3558124598587026,116.23949331682728,162.8473513759984,0.1131521540898915,0.6208695652173913,0.0854206807964033,365.0,1003.0,3.4806659627660927,9.564679344258606,3.093663789035041,3.329266073909691,0.3639082751744765,3.530434782608696,2.376364804110469,25.783565124398383,301.2676000455968,0.2185361144591179,0.999999999999999,117.9830857165797,301.2676000455971,0.9613471050325192,0.9307676974189414,0.993641589024974,0.989181799441569,0.7672850582517776,0.0462464364903389,0.4420901494278133,0.3251949088239643,1.69939031224168,0.4331877729257642,0.0945641685429398,1.1342315717724645,56.0,1.0,1015.0,1850.0,575.0,1557.0,3.48751645738932,3.5512649554935454,0.0854761797718448,0.0291433551284939,0.0,0.0021621621621621,2.872909263460105,0.0139130434782608,0.558766859344894
Chambéry,chambery,,legacy,,7.0,,,commute_mode_share,legacy_max_value,,mixed Eurostat + 2011 census; year unknown,"Chambéry, France",FR,False,0.5.0,0.0087540911624136,0.0214543021713815,7.291642038065965e-05,0.0058886648078964,0.1537075354298983,0.992646942821911,0.3253215746309946,1.0416821371259777,1.1316169850324027,0.0001527675204594,0.000293479828904,0.0001413512462113,0.0002918479529013,0.012753999135322,0.0223604465709728,0.7552966415455031,0.6664245660674613,1.4718912706316032,0.016140606264522,0.5613350671868227,0.4062000639181847,2.85391308259434,0.0687418936446173,0.3244019138755981,46.69221843837539,146.23652578002407,0.1049844151493454,0.5940337224383917,0.0765550239234449,466.0,706.0,21.99441331561756,33.32200815627897,7.706756540610416,3.798422674250865,0.660056657223796,3.3592736705577173,2.4325358851674643,28.569100734664914,185.821117284562,0.4724787638331259,0.9997551632412316,60.46642287769613,185.86662426641053,0.9707093721576926,0.940720416167812,0.9998357487806964,0.9942577238123712,0.6658205205558573,0.0370141038871689,0.4274614698935707,0.2383590506622864,1.7494980919557246,0.3988288874430709,0.1098321342925659,1.1209981853672566,89.0,3.0,1295.0,1271.0,771.0,1045.0,3.3971831055646584,3.531646454406217,0.1624182807588979,0.0466590233713463,0.0015444015444015,0.003147128245476,8.772590892047269,0.0103761348897535,0.5990430622009569
Douai,douai,,legacy,,3.4,,,commute_mode_share,legacy_max_value,,mixed Eurostat + 2011 census; year unknown,"Douai, France",FR,False,0.5.0,0.000528064516129,0.0276750869187309,3.875956102427669e-05,0.0117597511951325,0.1225504745988313,0.912343222370846,0.658835891651302,1.037958619750131,1.0658524283384665,0.00012968886817,0.0004474820302692,0.0001100137592138,0.0004482288308863,0.0036465036465036,0.0384420087931141,0.7082150969779963,,1.1807783793518063,0.0085487821582728,0.4929032258064516,0.4519774011299435,4.565441249431232,0.1261261261261261,0.2054616384915474,67.24939510345992,112.47665968514151,0.1720191039958462,0.398970398970399,0.1027308192457737,348.0,610.0,20.61526882633181,36.13595972431726,4.515504132026688,5.21475711654642,0.5704918032786885,2.9498069498069497,2.7048114434330297,14.33543074673354,116.97572607254732,0.186010622905913,1.000000000000001,77.06780678856506,116.97572607254718,0.975532751404086,0.961712953919946,0.9993959926391116,0.99722513398303,0.7995280714240188,0.2071912761567934,0.4504596674552347,0.3490684039687839,1.5548055322128795,0.2969657843770174,0.177429876060013,1.1112533045832516,91.0,1.0,1146.0,1040.0,777.0,769.0,3.3508439487008244,3.53348561616875,0.2005761620056352,0.0450237674809561,0.0,0.0038461538461538,6.929557583738252,0.0489060489060489,0.6905071521456437
Cherbourg-en-Cotentin,cherbourg-en-cotentin,,legacy,,4.5,,,commute_mode_share,legacy_max_value,,mixed Eurostat + 2011 census; year unknown,"Cherbourg-en-Cotentin, France",FR,False,0.5.0,0.0056866400537042,0.0167685304989919,0.0009659839194846,0.0030933842784061,0.0697177153980321,0.987546338089372,0.2225417780124598,1.0343966361633263,1.1113805829116783,0.0001174364861191,0.0002046142280869,0.0001230014685897,0.0002049589576866,0.0022598870056497,0.0377510040160642,0.808389132627594,,0.5772508984286246,0.0022537270402736,0.5979614949037373,0.435109555296253,1.3850238491400828,0.0384180790960452,0.2401865526622619,62.33831525044894,132.2137832056776,0.0613641674476033,0.6711864406779661,0.0858919549164399,608.0,1955.0,8.528066786785969,27.42166211869501,6.157342916571996,4.4060363637349145,0.3109974424552429,3.5796610169491525,2.608628060629615,30.93440960337772,443.7094564382558,0.3132792234369976,1.000000000000004,98.74389135671112,443.709456438254,0.9745664596267102,0.9462384984465748,0.9985646412485428,0.995650299198565,0.7380542079624847,0.285388841738509,0.3993899757705081,0.3386642321919765,1.4540281406654112,0.428328611898017,0.1524995137132853,1.1367143660444137,57.0,1.0,1584.0,3356.0,885.0,2573.0,3.5264774436220034,3.5689049647288367,0.0512474480394575,0.0132579749314801,0.0,0.0068533969010727,6.223657694792648,0.015819209039548,0.6739214924212981
Béziers,beziers,,legacy,,1.1,,,commute_mode_share,legacy_max_value,,mixed Eurostat + 2011 census; year unknown,"Béziers, France",FR,False,0.5.0,0.0012040387091511,0.0121188600582742,0.0003133903133903,0.0032439821506723,0.0133329644198835,0.9785627229334302,0.1217962162793788,1.0582265718075037,1.108484643813321,0.0001481982318649,0.0003314073944944,0.000106513041835,0.0003387754169242,0.0,0.0373627580149319,0.5835911908286928,0.4999266928625314,0.6619722174216643,0.0040312855682014,0.551440329218107,0.4529773676115139,0.63171863337737,0.0306748466257668,0.2042160737812911,112.7341355235545,120.32977290435171,0.1092268082871,0.5736196319018405,0.1205533596837944,194.0,2416.0,2.028173894938495,25.258083145213423,3.210565254495072,4.869792966387354,0.0802980132450331,3.2883435582822087,2.7160737812911724,6.614745690582272,496.0832845729889,0.1094694468118786,0.999926692862532,60.42549664062521,496.1196536846422,0.9724311990776696,0.9548214397159568,0.9950151457214864,0.9997009930660358,0.6247579451153324,0.0376924923688994,0.2862680721134302,0.3384898730019022,2.0170851398044176,0.3863987635239567,0.1794956321081259,1.119960852032436,40.0,2.0,536.0,4123.0,326.0,3036.0,3.45638567866847,3.576490195565665,0.1123738032582302,0.006387604411611,0.0,0.0050933786078098,5.186685208088237,0.0214723926380368,0.6752305665349143
Chartres,chartres,,legacy,,4.3,,,commute_mode_share,legacy_max_value,,mixed Eurostat + 2011 census; year unknown,"Chartres, France",FR,False,0.5.0,0.0060410658864606,0.0216518891285246,0.0002336172895383,0.0081352581913329,0.2269407146599446,0.9838651706790316,0.5863474313708784,1.0598724537496276,1.0833685739189076,0.0001856550721723,0.0004078524004377,0.0001715850737743,0.0004075747331047,0.0094562647754137,0.0315698478561549,0.7741784508890595,,0.5224678239087952,0.00680772592273,0.6448553816974869,0.4407484407484408,5.082398251208281,0.0198581560283687,0.2302904564315352,63.33066608115892,115.4810770785707,0.0770231075106208,0.675177304964539,0.0975103734439834,482.0,742.0,28.44217256203308,43.784423321635984,5.59621091386754,5.051332634665734,0.6495956873315364,3.858156028368794,2.6390041493775933,33.33575958195078,146.89193004394164,0.3870413726028576,0.999999999999998,86.12970587037613,146.89193004394195,0.9666683113169016,0.955868119686205,0.9996337465919682,0.9985580895990134,0.7693260297369295,0.1822272215973003,0.4757128134937259,0.2936132162432036,1.3992930825425614,0.498220640569395,0.1606864274570983,1.1740007936920724,45.0,1.0,1360.0,1272.0,705.0,964.0,3.503902018144609,3.551488329624682,0.0711574526584221,0.0289430055738895,0.0014705882352941,0.0039308176100628,8.667895481908483,0.0085106382978723,0.6721991701244814
Boulogne-sur-Mer,boulogne-sur-mer,,legacy,,0.8,,,commute_mode_share,legacy_max_value,,mixed Eurostat + 2011 census; year unknown,"Boulogne-sur-Mer, France",FR,False,0.5.0,0.0120218172625879,0.0323730813208135,0.0008215620279331,0.0154206945936269,0.190763037241241,0.9236792658766144,0.4107984444923836,1.0411519382165753,1.074412225142205,0.0003475616233184,0.0006094599162911,0.000285980984495,0.0006051934495377,0.0017094017094017,0.0265536723163841,0.7683268155069591,,0.9158137424366334,0.0117567144011786,0.6065292096219931,0.4557823129251701,4.469834905015849,0.0307692307692307,0.1813559322033898,49.49235519903039,105.79325584388336,0.1440606854052091,0.6666666666666666,0.0847457627118644,262.0,483.0,33.5158279030735,61.78681250833779,7.498225016199936,5.678493055769298,0.5424430641821946,3.620512820512821,2.7254237288135594,16.22588001475277,85.05777769848225,0.4643713718949535,1.0000000000000004,34.94160277051546,85.05777769848223,0.9765681783080676,0.9596580713122896,0.9999532136046306,0.998471706331214,0.8010549159941829,0.419501133786848,0.4283002361596978,0.372754679834485,1.6052664925636455,0.4490322580645161,0.1829787234042553,1.0578917617589845,32.0,1.0,706.0,804.0,390.0,590.0,3.396489687996835,3.53667827041534,0.1629958301059041,0.0421817517777312,0.0,0.0012437810945273,10.88084671435196,0.0051282051282051,0.7338983050847457
Arras,arras,,legacy,,2.5,,,commute_mode_share,legacy_max_value,,mixed Eurostat + 2011 census; year unknown,"Arras, France",FR,False,0.5.0,0.0001799627608141,0.0297488275216148,4.624265138741273e-06,0.0112251263341091,0.0549448267658928,0.975449741926584,0.4919335216946365,1.0590477894318182,1.06996031592957,0.0001201066187508,0.0003932822337738,8.798024278970245e-05,0.0003906306365029,0.0088325652841781,0.0368450810403317,0.6847349397088447,,2.5110345812080825,0.0080736083962791,0.5484988452655889,0.4731040564373898,5.135357791544776,0.0264976958525345,0.1530343007915567,42.75863895150962,115.43369500523966,0.0638798011471726,0.4953917050691244,0.129287598944591,440.0,642.0,37.08383555971197,54.108687339397925,7.221275919814094,5.18325659041121,0.6853582554517134,3.283410138248848,2.8311345646438,6.805485734385516,123.86035474062216,0.1116915687644465,1.0000000000000002,60.931060505901215,123.86035474062214,0.9661878393853472,0.96659725899682,0.9988851848480224,0.9983045237532114,0.8722012736713418,0.2620448179271709,0.5292409146818974,0.3429603589894442,1.5367794666445054,0.4101675332177932,0.2091330244870946,1.171056793871248,153.0,1.0,1425.0,1073.0,868.0,758.0,3.5279913813693646,3.552995181961787,0.049904702793448,0.0275909339454792,0.0,0.0018639328984156,10.43912960811096,0.0115207373271889,0.7176781002638523
Colmar,colmar,,legacy,,9.0,,,commute_mode_share,legacy_max_value,,mixed Eurostat + 2011 census; year unknown,"Colmar, France",FR,False,0.5.0,0.000936366212867,0.0200942996262049,0.0001204816855375,0.0106001639451767,0.0634808627616674,0.8132594032492076,0.3625956042878722,1.023260107779964,1.065408054476622,0.000219206103351,0.0003963199021419,0.0001269644839344,0.0003939427755363,0.008008008008008,0.037251356238698,0.7216295458447195,,0.9647813325126602,0.0046029667140537,0.5305917753259779,0.4761473429951691,1.184189822743794,0.1181181181181181,0.1528028933092224,49.63725697726231,137.7623277327552,0.0931405461807058,0.4474474474474474,0.1509945750452079,497.0,937.0,7.471245590288687,14.085628004226358,6.309162134984107,4.312979811068383,0.5304162219850587,3.1771771771771773,2.851717902350814,13.791293030177204,217.25119083455567,0.1750734482464069,1.000000000000003,78.77432682291528,217.25119083455496,0.9824659542550436,0.967165737102064,0.9999997864183704,0.999487270159148,0.7216534898693758,0.0727367870225013,0.4418727458574759,0.2797807440119,1.5925370590920878,0.3331660812844957,0.2138649750792931,1.127834175893804,76.0,1.0,1587.0,1577.0,999.0,1106.0,3.358341454546873,3.4226987102695308,0.1944626771799137,0.1410277468477979,0.0,0.0006341154090044,3.265869218325221,0.05005005005005,0.6962025316455697
Bourges,bourges,,legacy,,3.9,,,commute_mode_share,legacy_max_value,,mixed Eurostat + 2011 census; year unknown,"Bourges, France",FR,False,0.5.0,0.0037488362746742,0.015754325533745,0.0003996035725294,0.0034738217982545,0.1107039221206405,0.994105038494202,0.3641948639340375,1.0448738874032035,1.07219366853248,0.0001165012406862,0.0002464477892777,9.714768294900026e-05,0.0002430421114831,0.0039447731755424,0.0312683069712946,0.7872866082855421,0.9155262139944602,0.4505483750818168,0.0322794893426801,0.6014492753623188,0.4297859865142187,1.9729717397185047,0.0364891518737672,0.2565905096660808,74.14598416295415,126.79164150355253,0.0661171127868466,0.6863905325443787,0.086115992970123,708.0,1690.0,10.317291830820698,24.62743388995336,5.229315566523383,4.546028082427451,0.4189349112426035,3.601577909270217,2.5764499121265376,41.15452544322647,370.992990240916,0.3039689273067045,0.9979553562242232,135.39056708155428,371.753092888416,0.9759355792203768,0.9600023371475804,0.9999436387919604,0.9995745313180772,0.8067226317726395,0.266152379924835,0.433591899817473,0.3731307319551663,1.4235095132774611,0.4315373208106772,0.1469100505828018,1.166326905015469,61.0,12.0,1826.0,2932.0,1014.0,2276.0,3.510450152157798,3.55960154563944,0.065404177993961,0.0216520599379075,0.0,0.0034106412005457,5.417351904435004,0.0118343195266272,0.656414762741652
Belfort,belfort,,legacy,,4.1,,,commute_mode_share,legacy_max_value,,mixed Eurostat + 2011 census; year unknown,"Belfort, France",FR,False,0.5.0,0.0020613530359114,0.0123497295059117,1.0666662458287732e-05,0.0009178904695896,0.0621374040399807,0.9858022640416576,0.289496506003001,1.0653060590285075,1.087921549563429,5.726091971872106e-05,7.290381009997087e-05,3.3290990000415266e-05,7.664351133399074e-05,0.0031069684864624,0.030325271059216,0.7023101403027436,,0.6793554627034847,0.000777355860817,0.5596031393454761,0.4117581623004616,0.6096469313945503,0.020861074123391,0.296580483736447,98.54771465513004,173.7690286143246,0.0242330275229436,0.5867731913004882,0.0610508757297748,1346.0,4217.0,2.203433778173152,6.903328560591517,3.614278469560831,3.278109665065454,0.3191842542091534,3.3546382600976474,2.469724770642202,79.93430958978202,1286.4121188318431,0.2146395647322132,0.9999999999999986,372.4118136817365,1286.412118831845,0.968422512023426,0.9524672515415712,0.9987044483123256,0.9930519867378904,0.6960595676568041,0.0349032962796376,0.4018239521308344,0.2942356155259698,1.696931474570648,0.3952455009997778,0.1175636211931581,1.141959816195408,253.0,1.0,3779.0,7403.0,2253.0,5995.0,3.558796438698657,3.575913269048866,0.0223767884297143,0.0069109967309186,0.0005292405398253,0.0028366878292584,2.105887009870269,0.0106524633821571,0.6423686405337782
Cayenne,cayenne,,legacy,,3.7,,,commute_mode_share,legacy_max_value,,mixed Eurostat + 2011 census; year unknown,"Cayenne, France",FR,False,0.5.0,0.0055745075583854,0.0205783628847392,0.0009137477502422,0.0057680864150537,0.0447771316929861,1.0,0.2055463860002363,1.036389350972709,1.1001012710205489,0.0002026553823557,0.000365636968532,0.0002088780902323,0.0003674384611217,0.0,0.0204451345755693,0.6667956918785509,,0.8397143048401833,0.0053937575197687,0.5663082437275986,0.4349403836184551,1.4829776677869022,0.0642398286937901,0.266304347826087,48.23822683553465,110.48838484688996,0.0997769639214145,0.6295503211991434,0.1366459627329192,307.0,945.0,11.946881604673523,36.77460298506997,8.056009112060508,5.0971008561814815,0.3248677248677248,3.3832976445396143,2.6055900621118013,8.301658264924342,185.3995097730813,0.2178444124672408,0.9999999999999996,38.10819920007237,185.3995097730813,0.9803857204874398,0.959873075061469,1.0,0.9999256923847116,0.8830918638547213,0.2903634826711749,0.4987617911366211,0.3843300727181,1.424810028207918,0.3821313240043057,0.1520809023726176,1.1277725578794906,32.0,1.0,790.0,1678.0,467.0,1288.0,3.3822936769905945,3.462187425185666,0.1747759436583652,0.1073914155957506,0.0,0.0059594755661501,7.214807794213405,0.0278372591006423,0.5970496894409938
Helsinki,helsinki,,legacy,,17.0,,,commute_mode_share,legacy_max_value,,mixed Eurostat + 2011 census; year unknown,"Helsinki, Finland",FI,False,0.5.0,0.0040653289332039,0.0074192895135284,0.0001650767314892,0.0004919477135498,2.4275231686954584,0.9995174850952931,2.664839924855551,1.0234598124901069,1.07247894075299,7.971854022236918e-05,9.92219342596088e-05,8.727937720016199e-05,9.991970441961344e-05,0.013515381704939,0.0193115666919767,0.9682613318733766,0.8325393951605218,0.3079145324169997,0.0047521791858767,0.7002546751073274,0.4092359106790217,4.69071044071578,0.0086876800838208,0.326044039483675,34.96165681667705,156.22106582344043,0.0052822649370093,0.7988518292150528,0.1053910402429764,36798.0,4438.0,51.30187884928232,6.187231325971926,10.936910196796097,3.515028537820159,8.291572780531771,4.20134462586222,2.454669703872437,3064.9389348490254,1260.8457445203048,0.9109452114002844,0.9986274839517748,3364.5700054097324,1262.5786539850458,0.988800981313746,0.9635177434196096,0.999998790940072,0.9972419952590444,0.8717254419075782,0.6892115915954508,0.7033740427912569,0.1683513991163213,1.0327390259242657,0.5616738886038922,0.1141663501709077,1.0425724145528077,1036.0,6.0,96236.0,8082.0,45812.0,6585.0,3.579826406096971,3.5701590509890537,0.0033582635710792,0.0121237230184083,2.0782243651024563e-05,0.0007423904974016,1.7602222170887212,0.0043874967257487,0.5685649202733485
Bern,bern,,legacy,,10.75,,,commute_mode_share,legacy_max_value,,mixed Eurostat + 2011 census; year unknown,"Bern, Switzerland",CH,False,0.5.0,0.00013349220811,0.0173674205059854,3.014314594722003e-06,0.0052667743579979,0.0342459625552494,0.9601978208008608,0.2999219907079412,1.0373406922798196,1.0801187309875668,7.317641310812741e-05,0.0002802804727626,5.632584662976123e-05,0.0002957611371163,0.0041353383458646,0.0456995201181247,0.6368911578324077,0.4998047475011535,2.1072727628969865,0.0059906866541486,0.5105421686746988,0.4822616407982261,1.9407035681971936,0.0924812030075188,0.1251384274640088,49.22783688432538,127.9124696621454,0.0353077549518868,0.4488721804511278,0.1378737541528239,620.0,1580.0,12.016809940633854,30.62348339709917,6.191986317517212,4.73264245677747,0.3924050632911392,3.058646616541353,2.8903654485049834,11.433067537102202,333.7863604696351,0.1141828996080436,0.9998047475011546,100.12942022271784,333.8515458181995,0.9796329225034202,0.9661729214962596,0.9999985832027978,0.9993735650043482,0.8178017976171053,0.2206843521722414,0.4398561362559084,0.3779456613611968,1.7236503608693243,0.3446327683615819,0.223454394233435,1.1483002380529574,211.0,2.0,2034.0,2610.0,1330.0,1806.0,3.5404541480570906,3.562255757707603,0.0388151159819638,0.0192609312467894,0.0,0.0019157088122605,6.470694474974384,0.0172932330827067,0.7369878183831672
Basel,basel,,legacy,,18.32,,,commute_mode_share,legacy_max_value,,mixed Eurostat + 2011 census; year unknown,"Basel, Switzerland",CH,False,0.5.0,0.0003294493722055,0.0176927793246234,6.486471373552252e-06,0.0081477822993265,0.0422838246678806,0.866809407188263,0.2784146646979896,1.0252331881884644,1.0558560605369849,9.742264226981986e-05,0.0003484489991948,8.97400972828086e-05,0.0003528604975932,0.0017959770114942,0.0357224902366184,0.6974240815930501,,2.018957847548998,0.003772533370233,0.5086393088552916,0.4989648033126294,3.095488452138395,0.1185344827586206,0.1178497587870434,52.22961864758293,122.21017273318476,0.1168661907434594,0.4827586206896552,0.2184700206753962,470.0,1280.0,19.713694833206667,53.68836039681816,6.368524754013617,4.828842713898343,0.3671875,3.0452586206896552,2.9896623018607857,11.20833681724815,265.0738646582781,0.1518735541956745,1.0000000000000016,73.80045114903467,265.0738646582777,0.9840968685525422,0.972350717726358,0.999977083652489,0.9998523265213392,0.7505686569457921,0.17025137787337,0.3148850238406858,0.4356836331051062,1.9037821356602425,0.3425175580767153,0.2481877804625474,1.1162704827462022,149.0,1.0,1413.0,2169.0,928.0,1451.0,3.5073285772468834,3.569331886207172,0.068149049369779,0.0128719211269068,0.0014154281670205,0.0004610419548178,11.11826654496173,0.0237068965517241,0.6636802205375603
Bienne,bienne,,legacy,,6.89,,,commute_mode_share,legacy_max_value,,mixed Eurostat + 2011 census; year unknown,Bienne,,False,0.2.0,0.0004373128155414,0.028992808673683,0.0,0.0135207737179289,0.0352636685781266,0.9512330643592898,0.2002615043237189,1.0546158658779767,1.0889672037353662,0.0001873189639697,0.0004428360741896,0.0001420358713516,0.0004512558282118,0.0,0.0316543209876543,0.5881722864245991,,3.141972096349372,0.0075809163681695,0.4864864864864865,0.467062902426944,,0.0776119402985074,0.1807407407407407,54.35499990676083,139.8835359159376,0.2182230642888771,0.3910447761194029,0.1511111111111111,133.0,553.0,,,5.034726371258632,4.192246751597769,0.240506329113924,2.901492537313433,2.794074074074074,,,0.1760881038880222,1.0000000000000002,26.416529954685764,131.91017436872914,0.97555191358811,0.9680586432474813,0.9998526280084574,0.9994250398524483,0.653660893799788,0.130502512562814,,,,0.3518796992481203,0.2,1.0563225159242169,83.0,1.0,486.0,943.0,335.0,675.0,3.306178926511876,3.314765052536256,0.2365135428036681,0.2296693297726343,0.0,0.0,,0.0059701492537313,0.6681481481481482
Sheffield,sheffield,,legacy,,1.5,,,commute_mode_share,legacy_max_value,,mixed Eurostat + 2011 census; year unknown,"Sheffield, United Kingdom",UK,True,0.5.0,4.402091477809493e-05,0.0051659852635213,9.498930299626556e-07,0.0001942250404542,0.0174225115392651,0.9963355045837836,0.2879254110114085,1.0527893275391202,1.0706811854929257,2.29583294391492e-05,0.0001138884301476,1.6100363516261877e-05,0.0001158831079611,0.0063122923588039,0.0167605238742529,0.739375024112833,0.4999929618241301,0.8740553654141023,0.0010551897288619,0.5879233934789491,0.395481323234285,1.4827882787842783,0.0465116279069767,0.3381448637452262,73.45968768579532,103.42083994913322,0.0089305879077798,0.6207878500237304,0.0478995404233283,2667.0,10223.0,7.246407020130795,27.77653504566821,4.887013961340484,5.393602299078012,0.260882324170987,3.525866160417656,2.3725807495630784,33.02251919767128,1895.3803936333168,0.0605105033212049,0.9999929618241268,545.7320198177733,1895.3937337477648,0.9663336835566372,0.9684076820550274,0.9961541912996128,0.9984641739818324,0.7171391530966299,0.0041687132403874,0.3274804341638941,0.3896587189327358,1.7523613241148013,0.4383236376587914,0.0932250024277344,1.2071786316305513,477.0,2.0,7429.0,18327.0,4214.0,15449.0,3.570576478252672,3.5776257473988093,0.0117460385371396,0.0053570199732857,0.0,0.0009275931685491,5.149904183780173,0.0121025154247745,0.613826137614085
Manchester,manchester,,legacy,,3.1,,,commute_mode_share,legacy_max_value,,mixed Eurostat + 2011 census; year unknown,"Manchester, United Kingdom",UK,True,0.5.0,0.0001837231174785,0.0056546989201935,4.314476973438323e-06,0.0002921973325453,0.0361487265914727,0.9006840076845524,0.3130796422226203,1.0535823934719626,1.0615099144615985,3.68639158384539e-05,0.0001330656971691,2.649069427690213e-05,0.000135970001797,0.0068662674650698,0.0133723624832296,0.8175395875904581,0.8747146422413221,0.8085418840620953,0.005904093382721,0.5926192187874431,0.4084266510527214,3.668178086609625,0.0459880239520958,0.3140870837907061,57.1802733049282,80.93854121137014,0.0222587197978983,0.6093413173652694,0.0777167947310647,2667.0,9373.0,23.06119615685357,81.04709095545125,6.28682566995221,6.917383409530526,0.2845407020164301,3.5540119760479043,2.4502012440541527,48.98123962234868,1354.321890076256,0.1154617602564161,0.9995053636591826,424.2204476492623,1354.9921184195475,0.9752627906717756,0.9726436948491586,0.9998204433497312,0.9999979653363408,0.8259889556120101,0.0618837259344581,0.3770417914431423,0.4489471641688679,1.6784326361221171,0.4298382264829239,0.1128636779505947,1.1914838608775464,343.0,8.0,7419.0,16741.0,4175.0,13665.0,3.568412184742266,3.568011836403176,0.0137034889684427,0.0140653630556458,0.0,0.0017322740577026,11.71643758300103,0.0294610778443113,0.6081961214782291
Edinburgh,edinburgh,,legacy,,13.0,,,commute_mode_share,legacy_max_value,,mixed Eurostat + 2011 census; year unknown,"Edinburgh, United Kingdom",UK,True,0.5.0,0.0004984043419448,0.0053790888190675,9.015777203868686e-07,0.0001937053835644,0.1046152839263775,0.9477187227664968,0.552977487629355,1.045784683760255,1.080972558096008,1.2849716682268426e-05,0.0001189155532837,1.1053393728079791e-05,0.0001203405015895,0.0120406528487033,0.0166599086313626,0.7942885876384742,0.666568518772549,0.7282701671761066,0.001980575446035,0.6186899038461539,0.3943818098250736,3.068838832429698,0.0123160108140582,0.3427134863352526,67.80000378447312,103.83980912126404,0.0135780164394828,0.6557524782216881,0.0502797826615846,4389.0,8105.0,16.080603613881355,29.69544139678933,5.2399635471080845,5.350854663371274,0.5415175817396669,3.71102433163112,2.3659070634985,158.4619522611124,1514.5580178800035,0.1891854302692664,0.999898807269534,837.6012467533809,1514.7112956518786,0.9685375986187292,0.962474000956878,0.9995648967117672,0.9995861052836325,0.8123329370592679,0.0652985551719728,0.4358501052821497,0.3764828317771181,1.3259675480951203,0.4737435203966644,0.0916169850346757,1.1973771097047723,610.0,3.0,12354.0,14587.0,6658.0,12331.0,3.55564115331868,3.5370716435380825,0.0252144751724203,0.0418312893173584,0.0004856726566294,0.00178240899431,5.549663234186946,0.0034544908380895,0.6070067310031627
Liverpool,liverpool,,legacy,,2.4,,,commute_mode_share,legacy_max_value,,mixed Eurostat + 2011 census; year unknown,"Liverpool, United Kingdom",UK,True,0.5.0,0.0001225136370872,0.0056901175583738,3.0135595064653994e-06,0.0002469170776051,0.0206995900757444,0.9573950108603424,0.1507997600953684,1.0331272085982814,1.0530893239433492,4.211519632028747e-05,0.0001521891772523,3.2497541460919555e-05,0.0001521571910597,0.0106987629555332,0.0115756158624436,0.7842584359520695,,1.3141342074089075,0.0007206222662195,0.5600736278447122,0.401294498381877,1.5671544546053715,0.0315947843530591,0.3290583150286969,62.52263330412557,81.6864590413261,0.05156110720031,0.5466399197592778,0.0646921278254092,1120.0,9469.0,8.387583383058143,70.91252415551568,5.352110226538096,6.823572238833061,0.1182807054599218,3.357071213640922,2.4074257776518104,28.72460517260442,1387.6895661940448,0.1372654045513975,0.9999999999999978,209.2632536689083,1387.689566194048,0.9698087639027728,0.9735582765051554,0.99980232525837,0.9999955254503832,0.7752076918019812,0.0151260078731187,0.3003839479534295,0.4748237438485518,1.867334671695876,0.4087371328144614,0.1019099252329825,1.1735111605852953,275.0,1.0,3347.0,16988.0,1994.0,14113.0,3.4988066255408667,3.563066739959897,0.0756220411498365,0.0185297508167452,0.0,0.0011773016246762,10.392287452011036,0.0150451354062186,0.6062495571458939
Bristol,bristol,,legacy,,5.2,,,commute_mode_share,legacy_max_value,,mixed Eurostat + 2011 census; year unknown,"Bristol, United Kingdom",UK,True,0.5.0,0.0009180625510544,0.0067351866670017,9.082650470891196e-06,0.0003756573938261,0.0459610178372414,0.9929487606589024,0.3207326189193063,1.045464507235873,1.0638951055887322,4.745562722694813e-05,0.0001506668344635,3.8397508604116754e-05,0.0001496339041921,0.0162316711318526,0.0174944449660438,0.8342626028540161,,0.8002684175669802,0.0008790143335776,0.6287328490718321,0.403825085297524,1.5461965060167189,0.0320629159104658,0.3117078208618909,58.54903330570488,88.18214686104672,0.0168465091461103,0.6721113127646703,0.0450661909679842,2251.0,7331.0,9.538783877553774,31.06567063809273,6.169192492956412,6.44405407945757,0.307052243895785,3.770114942528736,2.422495540324852,52.28699474123272,1137.6378766543698,0.1433001045921209,1.000000000000005,364.8775755611528,1137.6378766543637,0.9686649095999744,0.9697041828279124,0.9980157428836928,0.9997050276065872,0.8077374594785897,0.0404277024218838,0.3755405792162651,0.4321968802623245,1.4404828311698274,0.4870591796579385,0.1056956378832699,1.1852326023475308,292.0,1.0,6232.0,12901.0,3306.0,10651.0,3.562999481674233,3.572268987702454,0.0185904011513474,0.0102139313236473,0.0,0.0013177273079606,4.820827115204422,0.0087719298245614,0.6432259881701249
Cardiff,cardiff,,legacy,,2.9,,,commute_mode_share,legacy_max_value,,mixed Eurostat + 2011 census; year unknown,"Cardiff, United Kingdom",UK,True,0.5.0,0.0004688478113558,0.0060207462063475,1.0354645260995448e-05,0.0002087464728565,0.0658801245927842,0.99744568443993,0.3601399569075406,1.0663368962791593,1.0732379072070573,3.993764436053273e-05,0.0001367880163192,3.8829423759057565e-05,0.0001372984756981,0.0066821865838937,0.0095680300500834,0.7981290044788085,0.4999530115120805,0.7071067725105663,0.0018863511302295,0.6274154589371981,0.3790092534613511,2.554003665900602,0.0263838592860838,0.3841819699499165,52.50071037065387,97.31509803055256,0.0233230575519047,0.6828763579927574,0.0409015025041736,2689.0,5902.0,17.98595701700712,39.47680115819116,7.042259671410788,5.56662218530732,0.4556082683835988,3.7625452664252457,2.273580968280468,69.84926988091375,1060.1981735928605,0.1829292288433793,0.9999530115120836,381.8376665257656,1060.24799304287,0.9705903541718878,0.964719020381876,0.9995196463304622,0.997702643230872,0.7914056089006548,0.093991259555925,0.3766164426230094,0.4147891662776453,1.564321398884332,0.4758638540183771,0.0685174555132286,1.168892840425556,270.0,2.0,7273.0,10895.0,3866.0,9584.0,3.562800347055951,3.576071881218518,0.0187699603249619,0.0067671162538297,0.0,0.0009178522257916,7.09169759398926,0.0126745990688049,0.5749165275459098
Belfast,belfast,,legacy,,2.0,,,commute_mode_share,legacy_max_value,,mixed Eurostat + 2011 census; year unknown,"Belfast, United Kingdom",UK,True,0.5.0,0.0003804500459296,0.0068325831824458,3.857059348763113e-05,0.0002163482103448,0.0437060430332201,0.992485477817216,0.2397304027482581,1.120276082105616,1.078042369423825,5.079070407179728e-05,0.0001521930026387,3.995118216729991e-05,0.000153333424026,0.0204416761041902,0.0143281365998515,0.7677070506612704,0.4999478250661142,0.4665877481375394,0.001761500295723,0.6394557823129252,0.3895647703906785,1.9755648062744644,0.0356738391845979,0.3508651704642796,80.43406835526318,83.2340575274895,0.0259544031202937,0.6919592298980748,0.0385471989035463,1275.0,7578.0,9.254033670714216,55.001621299350845,4.684247077758762,6.674324620494725,0.1682501979414093,3.832389580973953,2.336988178859003,49.62365676501849,1135.3365395327917,0.1823133091680327,0.9999478250661116,272.1888873142106,1135.395778732484,0.9638832162748306,0.9632610163974036,0.997781806287702,0.9998447898339776,0.8223276033347703,0.0094299022834286,0.395024602907231,0.4273030004275392,1.616021078979194,0.494754749078537,0.0843507689671421,1.2389305327492233,127.0,2.0,3384.0,13641.0,1766.0,11674.0,3.555821939444031,3.575980999034965,0.0250519976544599,0.0068495586930703,0.0,0.0010996261271167,8.240777071354662,0.0300113250283125,0.610587630632174
Coventry,coventry,,legacy,,1.9,,,commute_mode_share,legacy_max_value,,mixed Eurostat + 2011 census; year unknown,"Coventry, United Kingdom",UK,True,0.5.0,0.0005005054772842,0.0060595593645882,3.938113601794521e-05,0.0002333994568262,0.0300334368796068,0.9946238984465376,0.2602975892282904,1.047010874298391,1.0611187361332044,4.601693938836067e-05,0.000159339695169,3.64095428286799e-05,0.0001531161670973,0.0055399500624219,0.0110359309379374,0.7714161037392069,,0.629340788711888,0.0011143938102362,0.633864417369572,0.3819136522753792,2.367586006130847,0.0107677902621722,0.3734251049930004,57.55981798985522,91.38902600614924,0.0190035760876239,0.7265917602996255,0.0368642090527298,1564.0,5371.0,15.852985354467265,54.44142221153688,6.695843493506074,5.985409154779138,0.2911934462856079,3.799625468164794,2.290947270181988,26.95046993597229,897.3488463543757,0.115381156501094,0.999999999999996,233.5777414028325,897.3488463543794,0.9651688097988924,0.9696946103922756,0.9992607680889648,0.9993279479697784,0.7756227123058201,0.0270525560131484,0.4161407498964167,0.3594819624094034,1.5353182734473527,0.4848839934380126,0.0728163836863294,1.1928792863193045,147.0,1.0,4058.0,9819.0,2136.0,8572.0,3.548790129178453,3.5623086708100624,0.0313617023782845,0.0192132331783697,0.0004928536224741,0.0005092168245238,9.09568933446552,0.0056179775280898,0.5897106859542697
Doncaster,doncaster,,legacy,,1.8,,,commute_mode_share,legacy_max_value,,mixed Eurostat + 2011 census; year unknown,"Doncaster, United Kingdom",UK,True,0.5.0,0.0002907950236613,0.0062079701135756,1.8565374468490148e-05,0.000171188904451,0.0272407705908451,0.9691066702830572,0.2121252493593204,1.0545643846192656,1.0750182064612162,3.26954283042332e-05,8.915712162839646e-05,2.276093800426897e-05,9.168950679979764e-05,0.0054713804713804,0.0127645615836613,0.6591135282423448,,0.4491433383522649,0.0006309578983182,0.5781337830241708,0.3827741640990528,0.5911782296794156,0.0252525252525252,0.3702721204860517,163.43975136360342,118.12564666349412,0.0568113608728076,0.6220538720538721,0.036453876433339,744.0,7358.0,1.308276027468276,12.938568561977922,2.21299764062308,4.642588215825491,0.1011144332699103,3.462962962962963,2.2962519253807976,43.17367397009145,1584.8918012841032,0.128418331495756,1.0000000000000018,336.19556855493227,1584.8918012841004,0.9697867687789028,0.9667624248143696,0.9964700897993458,0.9995464703152276,0.6769194618190194,0.0097857709600634,0.3360345055549839,0.3408849562640355,1.9348237698155475,0.4301982285955293,0.0741216245132023,1.1933354645267378,151.0,1.0,2057.0,13417.0,1188.0,11686.0,3.5356921227727187,3.573953370132183,0.0430600448324216,0.0086880027448392,0.0,0.0010434523365879,2.786930039987907,0.0042087542087542,0.5931884306007188
Nottingham,nottingham,,legacy,,2.8,,,commute_mode_share,legacy_max_value,,mixed Eurostat + 2011 census; year unknown,"Nottingham, United Kingdom",UK,True,0.5.0,0.0037942424827455,0.0070804840658622,5.618583729612731e-05,0.0002386350009633,0.1869620393063541,0.9928238856991514,0.4069921973459284,1.045596755199819,1.0651075569087078,6.189704213976254e-05,0.000176025201701,5.020434155879685e-05,0.00017545401943,0.0079172289698605,0.0102695610687022,0.879622713821802,,0.7243807785608904,0.0012284055199235,0.6261589702043389,0.3892865664519208,4.439354995365645,0.0350877192982456,0.3543654580152672,47.63045723358715,83.1610400512482,0.0315785163642151,0.7130904183535762,0.0435353053435114,2736.0,5413.0,36.65993107750304,72.52931539565934,8.257940875594151,6.649359079346158,0.5054498429706262,3.754925775978408,2.335162213740458,152.19895732639677,814.063421061667,0.4593749966843792,0.999999999999998,331.3174605168322,814.0634210616686,0.9719531930382532,0.9710990029582758,0.9996735944778884,0.9999101704705302,0.8144079235840191,0.0580232706814985,0.3696235977892103,0.444784325794809,1.4325380795854308,0.4714382174206617,0.0838752013362763,1.1580897892448916,240.0,1.0,6956.0,9789.0,3705.0,8384.0,3.544010737582304,3.5738392757756072,0.0356385993904009,0.0087914010849443,0.0005750431282346,0.0021452650934722,10.907715244458007,0.0253711201079622,0.6020992366412213
Newcastle upon Tyne,newcastle upon tyne,,legacy,,2.3,,,commute_mode_share,legacy_max_value,,mixed Eurostat + 2011 census; year unknown,"Newcastle upon Tyne, United Kingdom",UK,True,0.5.0,0.0009899398630961,0.0056601894113694,4.126454993792484e-05,0.0002183406061509,0.0945326811378506,0.9804482172663492,0.3759664642269937,1.0410108068405344,1.0709558258920937,4.910994429248293e-05,0.000153554659222,4.755109720839841e-05,0.0001575857585445,0.0114472517730496,0.014263887373131,0.8511774007113326,,0.5138348062537855,0.0010614541500219,0.6393878908848969,0.3902776261689044,3.0766587858710386,0.0345744680851063,0.3594892502455528,61.42896961127248,87.83365756655955,0.0250031018292862,0.6848404255319149,0.0591509331005129,2120.0,5869.0,18.414813554020608,50.97950035308818,5.985328512406732,6.229674406478928,0.36121996933038,3.833776595744681,2.3411546436756523,89.05959916958659,942.1038110589172,0.2514391312326611,0.9999999999999992,354.1994387785971,942.1038110589178,0.9709533006035294,0.9669049062083416,0.9996442883740492,0.999978486055518,0.7901911779273482,0.0274812030075187,0.3513325754687029,0.4388586024586451,1.4691966289083476,0.4891033105972384,0.0853665192947983,1.1985132106435636,182.0,1.0,5766.0,10726.0,3008.0,9163.0,3.534038601401855,3.54617414916952,0.0445318171203428,0.0337038163393975,0.0,0.0016781652060413,8.183333032633128,0.0199468085106383,0.5813598166539343
Sunderland,sunderland,,legacy,,1.3,,,commute_mode_share,legacy_max_value,,mixed Eurostat + 2011 census; year unknown,"Sunderland, United Kingdom",UK,True,0.5.0,0.0009320378092791,0.0049983440195893,3.5199980007111106e-05,0.000172651931129,0.0525468910888811,0.9583473785540916,0.3255422480517596,1.0584525931037043,1.0832246474333742,3.3975634184668904e-05,0.0001208609587808,2.962763148402797e-05,0.0001206660429093,0.0112708555200567,0.0140070768965219,0.782474421241186,,0.4280881227713211,0.000876482829253,0.6224235963041933,0.3852107610415767,2.659680061188038,0.020234291799787,0.3652369034262535,106.02879077030008,85.21987323549443,0.0310091472108045,0.6922257720979765,0.0405626995771122,1321.0,7355.0,9.45950191366089,52.6681578917304,3.556631510571793,6.4465312091561175,0.1796057104010877,3.730564430244941,2.310865625269699,59.95199145391448,1140.9236628767962,0.16141343067867,0.9999999999999972,371.4188540683612,1140.9236628767994,0.9662837841446258,0.9612153423060412,0.997457546827894,0.9999398263106728,0.7772595193373351,0.0175060767496631,0.3534080691577483,0.4238514501795868,1.3740084121676877,0.4756065049320181,0.0777763390737623,1.197861681415874,159.0,1.0,3503.0,13388.0,1878.0,11587.0,3.54529588728148,3.553122251678212,0.0344894976275871,0.0274768735580159,0.0,0.002390200179265,8.169999676248356,0.011182108626198,0.5942003969966342
Brighton and Hove,brighton and hove,,legacy,,3.8,,,commute_mode_share,legacy_max_value,,mixed Eurostat + 2011 census; year unknown,"Brighton and Hove, United Kingdom",UK,True,0.5.0,0.0005135428627136,0.0116433617103504,2.824476266816872e-05,0.0017722638935072,0.0433606255124448,0.997204564763251,0.3519502608276997,1.0429729899032938,1.05561013624481,6.609873756527451e-05,0.0001842222817134,4.8554985967531737e-05,0.0001858063087799,0.0078299776286353,0.0186333111947457,0.7999960590943616,,0.6981685497483555,0.0016491315650042,0.5477150537634409,0.4225913621262459,2.4981030878842523,0.0986577181208053,0.2667699800752712,87.28650885017477,105.93636590252022,0.0553966982530683,0.5604026845637584,0.0668585344255036,869.0,3312.0,10.171948333431828,38.76811608783223,4.071868924371281,5.461923743294016,0.2623792270531401,3.2818791946308723,2.534425503652867,26.29300562343765,606.3797584260259,0.1232010040579921,1.0000000000000002,213.4155141386773,606.3797584260258,0.9711496072545988,0.9710509017202784,0.9995737700002576,0.9995383976145712,0.812378928128291,0.0380378088186652,0.3443835558520552,0.4679953722762359,1.7960277038832602,0.3710924369747899,0.1337911175102447,1.1141106829682568,149.0,1.0,2445.0,5724.0,1490.0,4517.0,3.509584823492889,3.530206569882596,0.0661654854549785,0.0479382914859818,0.0,0.0008735150244584,7.097886735498742,0.0228187919463087,0.6663714854992252
Kingston Upon Hull,kingston upon hull,,legacy,,6.9,,,commute_mode_share,legacy_max_value,,mixed Eurostat + 2011 census; year unknown,"Kingston upon Hull, United Kingdom",UK,True,0.5.0,0.0014418566194568,0.0063065399489822,4.152245165989442e-05,0.0002379252847265,0.070238048168926,0.941672594629572,0.2839573646251716,1.0468364267395849,1.0623850983495802,5.712183216919349e-05,0.0001709413789577,4.957392871816696e-05,0.0001723615234725,0.0118554327808471,0.0102984897134023,0.8255520077190415,,0.7253637163261001,0.0013203357005299,0.6184877823881973,0.3719519448078981,2.6323316477434755,0.0089779005524861,0.4043286954453561,80.15822613525721,80.73586408360582,0.046586244239259,0.6678176795580111,0.0392436674991081,972.0,5009.0,11.897017476570086,61.30880714006128,4.519573924801085,6.613561523954768,0.1940507087242962,3.705801104972376,2.2311808776311097,53.1971135376644,757.3831409683079,0.2473542049583444,1.0000000000000022,215.06452072089508,757.3831409683062,0.966889423980448,0.97119814818523,0.998842837662819,0.9999825630965437,0.802968156018839,0.0469222687746034,0.3479126358367682,0.4550555201820708,1.4738836181065635,0.4811483915600138,0.0578718848510081,1.158412919632308,156.0,1.0,2683.0,9381.0,1448.0,8409.0,3.480433565551566,3.5222426203391333,0.0916312226274186,0.0549983648459027,0.0007454342154304,0.0006395906619763,9.270165086995354,0.0034530386740331,0.5564276370555358
Plymouth,plymouth,,legacy,,2.1,,,commute_mode_share,legacy_max_value,,mixed Eurostat + 2011 census; year unknown,"Plymouth, United Kingdom",UK,True,0.5.0,0.0006035226209289,0.0068815296023959,1.3211375301951828e-05,0.000261745835822,0.0689173718266564,0.952340899706176,0.3004165721005641,1.0584145047415718,1.081462773624464,4.635378967892333e-05,0.0001585460438235,4.391247386798284e-05,0.0001565912893799,0.0084221207508878,0.013064713064713,0.7788042362024346,,0.8533955953973595,0.0012385226058695,0.6133401049602167,0.3832330105557009,2.876591210456659,0.0233384069000507,0.3703558346415489,66.95015925397375,91.89774679277156,0.0281815837160632,0.6621004566210046,0.0384615384615384,1318.0,4813.0,15.63052663878714,57.07869856789264,5.433697559100096,5.961009302050093,0.2738416787866196,3.676306443429731,2.2987964416535847,55.64482351799391,807.4136033212919,0.2294060255889826,1.000000000000001,242.56042697714688,807.413603321291,0.9669094356356848,0.963540844099543,0.998276114114451,0.99869208108201,0.8283899062003993,0.0936799868359429,0.3586077209868302,0.4697821852135691,1.4921168059845435,0.4721869443738887,0.0747889812209644,1.177735555823914,207.0,1.0,3623.0,8786.0,1971.0,7644.0,3.552127386811911,3.548982101449203,0.0283697058697215,0.0311897159632669,0.0,0.0010243569314819,9.575341301390404,0.006595636732623,0.5911826268969126
Stoke-on-Trent,stoke-on-trent,,legacy,,1.4,,,commute_mode_share,legacy_max_value,,mixed Eurostat + 2011 census; year unknown,"Stoke-on-Trent, United Kingdom",UK,True,0.5.0,0.0007306967975762,0.0081173046976374,1.4814807599869677e-05,0.0002220002165315,0.0759622716988265,0.8785181312309519,0.3781588008978908,1.052642595483014,1.0616828285754167,3.25302392585985e-05,0.0001472927444133,3.0460304390695304e-05,0.0001492400554725,0.0151216305062458,0.0127237757064654,0.8178005238864077,0.4988161517255549,0.5310194229869338,0.0023214990549159,0.6074366567949984,0.3884572697003329,3.486524207575175,0.0364891518737672,0.3570794496227252,88.24172803771778,82.04879087624163,0.033882412046607,0.6301775147928994,0.0440523746116289,1302.0,5794.0,13.933748664528226,62.00625173753959,3.996458316352531,6.725382762091476,0.2247152226441146,3.641025641025641,2.33022636484687,65.44243172356329,860.4924043458013,0.2008740019231698,0.998816151725561,325.788459915254,861.5123042005371,0.9674887039066116,0.9734577120433956,0.9972255033556436,0.9999545014028766,0.764587838283736,0.0528670562454346,0.3577103095453129,0.4068775287384232,1.413511315502121,0.453468279437176,0.0826904933681114,1.220329765961155,173.0,2.0,3692.0,10500.0,2028.0,9012.0,3.530609953722122,3.5712712591942672,0.0475799909589007,0.0111172468501626,0.0,0.0013333333333333,9.219735728209576,0.0118343195266272,0.5988681757656458
Milton Keynes,milton keynes,,legacy,,2.0,,,commute_mode_share,legacy_max_value,,mixed Eurostat + 2011 census; year unknown,"Milton Keynes, United Kingdom",UK,True,0.5.0,0.0105361003425857,0.0034092604470573,0.0035020575042881,0.0001532908360694,0.9950739747665556,0.9994345231107576,1.0623836044093224,1.047620703298723,1.0613136216357029,0.0001396864045853,0.0001444833442597,0.0001445984729372,0.0001459260602892,0.0184243330840189,0.0068591318591318,0.9669349417530688,0.8327620264275535,0.0884467207926762,0.0054736512252762,0.7328345802161264,0.3680182255669892,10.218803720436862,0.0007479431563201,0.4150798525798526,66.0471240798499,76.24403225865994,0.0052878038544423,0.8886811269010222,0.0373925061425061,7131.0,7618.0,62.57415664553925,66.84755648937288,6.123432679345381,6.949712505692368,0.936072459963245,4.395911244078784,2.20777027027027,1090.760737737368,1095.4559734343668,0.9366428196336948,0.9993573218708616,1164.5428917759134,1096.160451782754,0.9739308185015322,0.968426798779226,0.9990096861258428,0.999108281178548,0.8213030700313823,0.5870082527466963,0.4674906118904217,0.3538124581409604,1.05790310158286,0.605586383190972,0.0521829282340744,1.0802353363190385,103.0,6.0,17632.0,14377.0,8022.0,13024.0,3.5477364474470097,3.5429568595651646,0.0323054155080416,0.0365804016541048,0.0005671506352087,0.0008346664811852,9.618751341817292,0.00024931438544,0.5475276412776413
Derby,derby,,legacy,,2.5,,,commute_mode_share,legacy_max_value,,mixed Eurostat + 2011 census; year unknown,"Derby, United Kingdom",UK,True,,1.7146166605161448e-05,0.0040733721542127,0.0,6.343567609668541e-05,0.0192091582486502,,0.3102617421945678,1.053029424872958,1.082320933529964,7.703534399711005e-06,2.8745793157031305e-05,4.17115343327439e-06,2.947497262176717e-05,0.0075468700349539,0.0119194866427748,0.6824911208764557,0.6666532148345694,0.4726412345267438,0.0005492228196901,,,,0.0187480139815697,0.3928831943167042,151.66739973562187,154.80852325428626,0.0100544404083563,0.6379091197966317,0.0234055374076305,4073.0,19141.0,,,2.40333052213162,3.504224663896119,,3.5506831903400062,2.2380514414385844,,,0.0619127518358483,0.9999819786399884,1694.7315246458388,5462.263934504236,0.9637180349843668,0.9636434734376516,0.9936443361738896,0.9972031834659864,0.3384678060994083,0.0011055276381909,,,,,,1.0674395157573442,801.0,3.0,11174.0,35284.0,6294.0,31531.0,3.5733867548378315,3.576100971191087,,,0.0005369608018614,0.0011336583153837,,0.0092151255163647,0.5836478386349941
Swansea,swansea,,legacy,,1.1,,,commute_mode_share,legacy_max_value,,mixed Eurostat + 2011 census; year unknown,"Swansea, United Kingdom",UK,True,0.5.0,0.0064600971266693,0.0065155080213903,4.537716880897779e-05,0.0002546797319703,0.1377476634699984,0.9867070113418296,0.3893103759471122,1.0596433498463909,1.077481023751144,5.153327124405214e-05,0.0001138970544191,3.580096910526667e-05,0.0001160075149218,0.0075122687806719,0.0100135777325186,0.8233051952429657,,0.3906231770068002,0.0008998441177169,0.6205593348450491,0.378745437568967,1.0270345929069835,0.0062287655719139,0.3834012219959267,131.7423931427693,124.5297615096598,0.0201851325996165,0.6761041902604756,0.0381873727087576,1196.0,4844.0,2.8391448794694982,11.499011535242683,2.764410175740432,4.358844906221142,0.2469033856317093,3.719139297848245,2.2718940936863543,153.07947316417324,1111.3035917122068,0.3538247937391513,1.0000000000000024,432.6420190808543,1111.303591712204,0.9638941784663928,0.9659931936473896,0.9935390698217706,0.9977298460101228,0.699833595924488,0.0270553637642245,0.395479274570029,0.3043543213544588,1.5019032173967233,0.4783101786220584,0.0680588272744636,1.183548899564105,169.0,1.0,3284.0,8924.0,1766.0,7856.0,3.5492836258484584,3.562884364722734,0.0309195518547029,0.0186942038140823,0.0,0.0004482294935006,2.6380868745365933,0.001132502831257,0.5784114052953157
Southampton,southampton,,legacy,,3.0,,,commute_mode_share,legacy_max_value,,mixed Eurostat + 2011 census; year unknown,"Southampton, United Kingdom",UK,True,0.5.0,0.0011856541465796,0.0086122097779107,4.4955542641686514e-05,0.0005179562769977,0.0544229315017032,0.9619832386936376,0.2623583035901807,1.0358065821322295,1.058334420693162,8.133563675771827e-05,0.0001903249797882,7.680939669261669e-05,0.0001879968963211,0.0029227557411273,0.0099290780141843,0.7684675368288791,,0.8844594434739227,0.0017988006138304,0.6192964123998607,0.3882411006231106,2.586348765009872,0.0339248434237995,0.3585568917668825,41.01569119787827,88.3403755438703,0.0190005945722539,0.715553235908142,0.0455134135060129,1437.0,3467.0,25.48191540207249,61.47933242796474,9.852466823814162,6.2364417281503215,0.4144793769829824,3.711899791231733,2.3285846438482887,30.255121709020987,555.925983297574,0.2074374272015232,0.9999999999999968,145.8517978996551,555.9259832975757,0.9805666723911888,0.9705362426803452,0.99990320346513,0.9998174559879162,0.8380589746091883,0.119822168486543,0.4132918582307582,0.4247671163784302,1.6690965339813573,0.4622419649856284,0.0822767237390097,1.1383752115676966,129.0,1.0,3556.0,6293.0,1916.0,5405.0,3.5664660396818912,3.5807400434725967,0.0154619825837991,0.0025278596796831,0.0,0.0011123470522803,9.858078549897558,0.034446764091858,0.5959296947271046
Aberdeen,aberdeen,,legacy,,7.0,,,commute_mode_share,legacy_max_value,,mixed Eurostat + 2011 census; year unknown,"Aberdeen, United Kingdom",UK,True,0.5.0,0.0001414759400678,0.0071698245866968,6.369424735211428e-06,0.0003752212269485,0.0248757527209816,0.986186239657578,0.3511610581034143,1.0570738639142556,1.080910111465644,3.400562043717098e-05,0.0001370738765893,3.09956324153466e-05,0.000135913975457,0.0090788601722995,0.0179367285900838,0.7493859453548408,,0.6942509719842186,0.0010074128343442,0.6193129062209842,0.3986853747945898,1.6955552464164798,0.010337972166998,0.3266776191077973,74.65776691011864,104.90823413971708,0.0190641861397337,0.6715705765407555,0.0442310122583091,1696.0,5328.0,8.24971458215033,25.91655618732132,4.865494415228243,5.367495581386023,0.3183183183183183,3.7129224652087474,2.3915076456464046,24.6927097540648,992.6417114300046,0.07083858573423,1.0000000000000018,348.5771137033439,992.6417114300028,0.9614354395022058,0.963425314325266,0.9984154764749632,0.99913970176917,0.7403274722586178,0.008278061870285,0.4062922383778166,0.3340352338808012,1.6949714655879853,0.4768159203980099,0.0979710511345679,1.175071847511139,242.0,1.0,4669.0,9462.0,2515.0,7913.0,3.527745747329987,3.553562833560345,0.0501226256465447,0.0270813464075401,0.0,0.0011625449165081,4.828426180209171,0.0027833001988071,0.6290913686338936
Portsmouth,portsmouth,,legacy,,5.2,,,commute_mode_share,legacy_max_value,,mixed Eurostat + 2011 census; year unknown,"Portsmouth, United Kingdom",UK,True,0.5.0,0.002083910467543,0.0132128722925197,0.0002848599942632,0.0022345116653042,0.0888307772654145,0.9930537694658784,0.2772442800662,1.03869375917915,1.056121248044459,0.0001202255529131,0.0002253905645861,8.955009511741786e-05,0.0002255909477239,0.0157232704402515,0.0153570755605803,0.8344857344530827,,0.5908407145606369,0.0022751001186411,0.6361525704809287,0.4188348416289593,2.0259800066214813,0.0377358490566037,0.2778405879027699,63.53506504785956,98.92889852591657,0.1073005438932456,0.7130089374379345,0.0667043527416619,731.0,2555.0,12.153194556627664,42.47799191817193,5.998674476997578,5.812880803128145,0.286105675146771,3.809334657398213,2.5115884680610514,39.04477721115431,439.5410961506464,0.3204061676013789,0.999999999999998,121.86025476179464,439.5410961506473,0.9673284014538848,0.9719804128256648,0.998685714560306,0.9999626462163276,0.813559576124117,0.1053541346224273,0.4157225675336582,0.3978370085904588,1.4634626783918927,0.4892981582877053,0.1281289775137887,1.1645375258624404,72.0,1.0,1918.0,4443.0,1007.0,3538.0,3.518731584181706,3.3757677804975312,0.0581025673119365,0.1801632432440588,0.0,0.00067521944632,7.307562868881264,0.012909632571996,0.6554550593555681
York,york,,legacy,,7.3,,,commute_mode_share,legacy_max_value,,mixed Eurostat + 2011 census; year unknown,"York, United Kingdom",UK,True,0.5.0,0.0003177950138922,0.0074930592322406,1.2610337974930648e-05,0.0002853066931005,0.0530653923712155,0.9932499800787672,0.4539296879086161,1.0426590122687425,1.0707765326034588,3.678465238715324e-05,0.0001476145500094,3.479016614405092e-05,0.0001512054032203,0.0053543307086614,0.0091164028708588,0.8281345567450444,,0.7924467292692754,0.0012621582333382,0.6041601008509297,0.3675652545999144,1.321809765013079,0.0617322834645669,0.4112362754883787,62.53618952793236,102.48269134483095,0.0388750823193908,0.6494488188976378,0.0263795807785541,2125.0,4129.0,7.81003729167266,15.175361871678312,5.908594034025299,5.211451345453699,0.5146524582223299,3.6226771653543306,2.204762583772993,42.04337536258316,792.2936867868912,0.1169022291000682,1.0000000000000038,359.64562597513896,792.2936867868882,0.9726860248168638,0.968423774148228,0.9990835315120682,0.9994699535419476,0.7534801394278186,0.1999093210412967,0.4411623160429122,0.3123178233849064,1.4599016288944493,0.4509062253743104,0.0512802225233578,1.1574880637826577,285.0,1.0,5751.0,7731.0,3175.0,7013.0,3.559296164447961,3.565223638129885,0.0219269847815296,0.0165837685847806,0.0,0.0007760962359332,2.9119262304764306,0.0198425196850393,0.5623841437330671
Colchester,colchester,,legacy,,2.5,,,commute_mode_share,legacy_max_value,,mixed Eurostat + 2011 census; year unknown,"Colchester, United Kingdom",UK,True,0.5.0,0.0017176186773209,0.0080073964530613,1.9600975251321075e-05,0.0003412386766107,0.1364522780600293,0.9979257448992944,0.4478879359211788,1.0602294103239152,1.085009574604874,6.191234343432213e-05,0.0001250269358472,4.000811933217468e-05,0.0001312735360715,0.0094988344988344,0.014256480218281,0.8200769641814245,,0.6167247679586253,0.0011138047715824,0.6447399113599254,0.3731945866029796,1.160392527298305,0.0048951048951048,0.3905184174624829,72.74317559552719,136.80076363081574,0.0071916182504499,0.6909090909090909,0.0187585266030013,1981.0,3574.0,5.716485527610079,10.313336333002738,4.926337763411438,3.980738253635807,0.5542809177392277,3.865734265734266,2.2384038199181444,122.51004982332664,897.8234117090398,0.3046571856850433,0.9999999999999956,402.1242746920743,897.8234117090436,0.9643173023913776,0.9588933121879106,0.9976908317973588,0.9974608757700252,0.6632919913466394,0.1033890542706663,0.4095337863152721,0.2537582050313673,1.630297644844288,0.510236220472441,0.0597116778981489,1.1609321317523804,248.0,1.0,5528.0,6563.0,2860.0,5864.0,3.559361439495926,3.565581723554338,0.021868223006193,0.0162605126092045,0.0005426917510853,0.0019808014627456,2.5908099643534848,0.0017482517482517,0.5907230559345157
Oxford,oxford,,legacy,,10.5,,,commute_mode_share,legacy_max_value,,mixed Eurostat + 2011 census; year unknown,"Oxford, United Kingdom",UK,True,0.5.0,0.000196806110763,0.0146606139161175,1.0015017518769396e-05,0.0006662214805421,0.0562048252513997,0.9975865875822076,0.5876817485018097,1.0317259125901328,1.0695141085597952,4.9866914345025874e-05,0.0002028921031717,4.517365855573465e-05,0.0002063380119729,0.0070833333333333,0.0165610759141936,0.7898903929362884,0.6657207358113182,1.094336677355076,0.0089737910511305,0.6007674341007674,0.3820487153820487,4.307087205568924,0.009,0.3747915971990663,54.558746461161824,97.32368855466216,0.049581715163686,0.6395,0.0400133377792597,1289.0,1874.0,28.25849820274085,41.08334028854643,6.560930126096245,5.605628143272903,0.6878335112059765,3.601,2.290763587862621,18.78965921910517,333.8650549835585,0.0956382011091615,0.9986784142322256,196.4660460066437,334.30687018526453,0.9777312939338254,0.96352931824441,0.9999451116623266,0.9995174628964746,0.8543480753216851,0.1752415065668077,0.4579242808213423,0.3964237945003429,1.4035257213755354,0.4545682102628285,0.0732521274820624,1.0985152660563138,215.0,3.0,3601.0,3435.0,2000.0,2999.0,3.523136275759958,3.5514793955036112,0.0542074444704577,0.0289510191957479,0.0005554012774229,0.0014556040756914,7.328944988591323,0.005,0.5848616205401801
Newport,newport,,legacy,,1.3,,,commute_mode_share,legacy_max_value,,mixed Eurostat + 2011 census; year unknown,"Newport, United Kingdom",UK,True,0.5.0,0.00384461952556,0.0085776378313757,8.103341456362809e-05,0.0003730647007835,0.163008374055602,0.9947197716542922,0.4069336796295971,1.0755828070030429,1.0976918882769615,6.382037956541149e-05,0.0001614071612456,5.8279400399592255e-05,0.0001597788055069,0.0114302461899179,0.0123912503107133,0.8531122517560228,,0.5394914616409132,0.0014255665299628,0.638302034428795,0.3772845953002611,1.311039224699937,0.003516998827667,0.3868381804623415,87.48207416080197,115.58337517482062,0.0158038490789538,0.6934349355216881,0.0356077554064131,1186.0,3289.0,5.447085964778567,15.105788986641404,4.154784892896903,4.688688317047975,0.3605959258133171,3.8253223915592014,2.262863534675615,114.3463813364392,701.475503935987,0.4005772493541871,1.0000000000000009,285.45400798669687,701.4755039359864,0.9536770531549644,0.9599532867128472,0.994804988068284,0.9969248526370637,0.7331826265984598,0.1036762761174292,0.4317861432834493,0.3013964833150104,1.33920318165318,0.5022013501614323,0.0658397836426373,1.1772562407897569,154.0,1.0,3263.0,6069.0,1706.0,5364.0,3.55518629797135,3.57581245359182,0.0256232064336354,0.0070024431616499,0.0006129328838492,0.0009886307464162,3.2217515785208124,0.0017584994138335,0.5775540641312453
Preston,preston,,legacy,,1.7,,,commute_mode_share,legacy_max_value,,mixed Eurostat + 2011 census; year unknown,"Preston, United Kingdom",UK,True,0.5.0,0.0011059826440415,0.0078851828993021,0.0001101633573133,0.000460286112266,0.076214642686677,0.9951976012699132,0.3095529611090287,1.054874500037517,1.085212729508421,6.948423783449636e-05,0.0002027311494597,6.602983445904947e-05,0.000204013483725,0.0054373522458628,0.0165242165242165,0.8324077613567293,,0.5390960519399955,0.0014899891000018,0.6264204545454546,0.3903321275896086,1.4535806758155057,0.0226950354609929,0.3578238001314924,78.51669878812928,94.23558681846824,0.0666185454918973,0.699290780141844,0.0560486522024983,997.0,3907.0,6.975613791945397,27.335730275958543,4.798917533787282,5.821387413707408,0.2551830048630663,3.753191489361702,2.3412228796844183,51.15114109665642,671.1458493211296,0.2462087340842244,0.999999999999998,207.7551849933901,671.1458493211309,0.9636552383281656,0.9649105203078696,0.9969202941168424,0.999977454340238,0.708114163893931,0.0131387415667759,0.3700665600383201,0.338047603855611,1.7182655815436387,0.4788632326820604,0.0854230041930444,1.173469139409386,112.0,1.0,2646.0,7122.0,1410.0,6084.0,3.513117240098803,3.5204239919052065,0.0630557493701359,0.0566069011879479,0.0,0.0011232799775344,4.695741467333388,0.0078014184397163,0.5861275476660092
Wrexham,wrexham,,legacy,,1.1,,,commute_mode_share,legacy_max_value,,mixed Eurostat + 2011 census; year unknown,"Wrexham, United Kingdom",UK,True,0.5.0,0.0001251316459996,0.0076671939751956,1.9070267821754142e-05,0.0003168567648367,0.011164975515517,0.9133436141629364,0.1348957238764741,1.0687351213298906,1.1003957078427091,8.03722375396196e-05,0.0001087894317168,6.74455280680605e-05,0.0001124721493313,0.0031670625494853,0.0135866983372921,0.577742868021544,,0.7621234420978263,0.0008567266117084,0.5801587301587302,0.3802735096890015,0.3126032966642295,0.005938242280285,0.3752969121140142,107.69822686377536,162.07074399012947,0.0463713986223838,0.5783847980997625,0.0302454473475851,495.0,3945.0,0.9827494894175912,7.832215627782619,3.143759198653534,3.3797864831899145,0.1254752851711026,3.472684085510689,2.2809184481393507,13.032133428483094,1167.2334982169114,0.0827674532199473,0.9999999999999992,157.4548076748396,1167.2334982169125,0.9555136648115288,0.9601739501726296,0.9936342919650444,0.9978049970421952,0.5210572448485155,0.0022305764411027,0.3312488607153077,0.1898083841332078,2.461147604073827,0.4407385348421679,0.0703366336633663,1.111366093103077,120.0,1.0,1462.0,7202.0,842.0,6315.0,3.537267818676012,3.5739000713809066,0.0416564897665593,0.0087363055632707,0.0,0.0018050541516245,2.317369948290464,0.009501187648456,0.5944576405384007
Norwich,norwich,,legacy,,6.2,,,commute_mode_share,legacy_max_value,,mixed Eurostat + 2011 census; year unknown,"Norwich, United Kingdom",UK,True,0.5.0,0.0005232653459116,0.0095190847614087,2.3648633678809283e-05,0.0004722549650845,0.0579034500874929,0.9977971248113182,0.3726867515903975,1.031526511707986,1.06590104024785,8.293466682205072e-05,0.0002349777971214,7.17554283051149e-05,0.0002344730467524,0.0202548248079445,0.011365423942111,0.8022043601399813,,1.13305234868377,0.0026896407593173,0.6280247608328644,0.3783443500157381,3.418429895424426,0.0258572231590781,0.3824917413874469,41.38702674760318,77.32879869975707,0.0612670587033232,0.6795952782462057,0.0335063709296838,1227.0,2617.0,30.270637240604657,64.56255717902395,8.855128865190991,7.038789867133517,0.4688574703859381,3.763912310286678,2.268994808872109,21.528321165905137,371.7968641484322,0.1553676105748238,1.0000000000000009,138.56376555097546,371.796864148432,0.9738370332468184,0.9681848447139574,0.999576270250378,0.9997976414801988,0.8056253158960403,0.0849996403653887,0.3838799110597637,0.4217454048362765,1.588104366432514,0.4857866591612721,0.0674064455200094,1.144137863463818,157.0,1.0,3348.0,4808.0,1779.0,4238.0,3.525360621778316,3.553873353394269,0.0522373737314709,0.0268025326054388,0.0,0.0020798668885191,9.17239445952042,0.0101180438448566,0.5840018876828693
Exeter,exeter,,legacy,,4.7,,,commute_mode_share,legacy_max_value,,mixed Eurostat + 2011 census; year unknown,"Exeter, United Kingdom",UK,True,0.5.0,0.0023374801995413,0.0097225572118011,7.834598198453791e-05,0.0004245382763493,0.1609146195055305,0.990529340032362,0.5330296609527906,1.0565167700771216,1.0894951291541224,7.34631045808466e-05,0.0002264065443746,5.161312026734557e-05,0.0002243557752189,0.0063371356147021,0.0107127704709376,0.8571423301378764,,0.6778900683634326,0.0023616700215883,0.6293275330795722,0.3687040181097906,4.714996892267841,0.024443237370994,0.4085702163767501,65.00585025959172,81.24120869446635,0.0331228346496125,0.6865833785985878,0.0277895630038184,1277.0,2788.0,26.67719408701379,58.24276986264248,5.6579452111117865,6.584336020188447,0.4580344332855093,3.771863117870722,2.2112855324565124,68.13594534146802,423.42917971555966,0.301886801604803,1.0000000000000024,225.70031210130247,423.4291797155586,0.9666546559674168,0.9583862264614532,0.996016268682408,0.9978830917526192,0.8106598871423866,0.1883507818535389,0.4052790404284112,0.4053808467139754,1.3989520353633005,0.4851781343486538,0.0529555343308925,1.161332372821977,153.0,1.0,3472.0,5212.0,1841.0,4714.0,3.546277180041027,3.570462748730624,0.0336116253637143,0.0118489471530235,0.0,0.0026861089792785,8.84565576302036,0.0070613796849538,0.5636402206194315
Cambridge,cambridge,,legacy,,16.8,,,commute_mode_share,legacy_max_value,,mixed Eurostat + 2011 census; year unknown,"Cambridge, United Kingdom",UK,True,0.5.0,0.002848406714718,0.0120963906779792,8.433733410850732e-05,0.000670016600177,0.4045621231272231,0.9524515678587318,0.9216271570654172,1.0264763630750575,1.0795707285283205,5.263844358282769e-05,0.000228261694102,5.600758285917643e-05,0.0002255192141896,0.008456214264219,0.0188531905399375,0.8838495646792375,,0.8323364121844827,0.003143868201982,0.6052393857271906,0.3811118553248493,7.198895154302636,0.0367138128197412,0.3775100401606425,48.61537276226741,93.16915401543886,0.0489402039559842,0.6433945230213662,0.0401606425702811,2217.0,1860.0,54.44281961200471,45.6759785648754,7.562663220545074,5.847594855686567,1.1919354838709677,3.629250677099007,2.285140562248996,128.6829145293592,318.0794918087094,0.4389650630688905,1.0000000000000036,293.1506977564725,318.07949180870827,0.9817765670535976,0.9585093595647586,0.9999981593665044,0.9997993563497928,0.8658963992612198,0.6066685087961684,0.4857282394208329,0.3801681598403867,1.3278308386030029,0.4443607890377955,0.0715123094958968,1.1273324909255058,244.0,1.0,6030.0,3414.0,3323.0,2988.0,3.520564686249896,3.544129746455285,0.0564825090731676,0.0355322177271867,0.0,0.002929115407147,7.811070994505924,0.0237736984652422,0.5823293172690763
Gloucester,gloucester,,legacy,,3.3,,,commute_mode_share,legacy_max_value,,mixed Eurostat + 2011 census; year unknown,"Gloucester, United Kingdom",UK,True,0.5.0,0.00042540649386,0.0073016532844736,1.2658222681036872e-05,0.0003655007995266,0.0820096337978673,0.9649157422297728,0.5206368465082865,1.0429340171296866,1.074386698048987,5.89734691584423e-05,0.0001978761235046,5.159605921695415e-05,0.0001959771673653,0.0129420617005267,0.0064055636896046,0.7838422331956654,0.4998516209212325,0.9217088726925764,0.0047512435730432,0.6232866395541498,0.3584157207372146,5.367488645380351,0.0090293453724604,0.4375915080527086,52.96233389455218,71.67417449506662,0.0192921531957115,0.6537246049661399,0.0241581259150805,1453.0,3073.0,35.58599778754938,75.26205863808619,6.62991580209066,7.300285749980988,0.4728278555157826,3.7363431151241535,2.1497071742313323,34.52133427263484,420.8799677600233,0.1575179212686824,0.9998516209212353,219.15813765565693,420.9424268095263,0.9681429210544986,0.964624944938378,0.9976982198202204,0.9995095817455416,0.8282674275807156,0.111978496008241,0.3661092989630304,0.4621581286176851,1.41819562723681,0.480225988700565,0.0376270255424334,1.1666264633661858,202.0,2.0,4138.0,5873.0,2215.0,5464.0,3.5207506101098707,3.531085374149697,0.0563181156009486,0.0471576183146191,0.0,0.0013621658436914,10.309467494239138,0.0022573363431151,0.5382503660322109
Bruxelles,bruxelles,BE,oecd_fua,2011,4.1,,employed persons commuting to work,commute_mode_share,oecd_fua,,FUA code BE001F,"Bruxelles, Belgium",BE,False,0.5.0,0.0011993687086351,0.026404606336297,5.146123485913895e-05,0.0078330714269304,0.2893369842949495,0.9883573295163288,0.8199654511343158,1.0274460375790522,1.0734976721159089,7.882725909091778e-05,0.0002332777735487,6.887043887536705e-05,0.000240508446071,0.0071934835501957,0.0489275801160736,0.8651381894020418,,0.7578117903266897,0.0038594999163361,0.6002963903884831,0.4975991913065453,6.424222811194954,0.0529990479212948,0.1112793338380015,37.46320000094161,131.590109408274,0.043493007682217,0.5906061567756268,0.1892505677517032,1971.0,1174.0,59.599511665268,35.49965839422863,9.277310799589475,4.531052901778695,1.678875638841567,3.5994922246905743,2.98107494322483,74.9674803904687,259.1009254248916,0.3528648480185223,1.0000000000000009,212.4538072053399,259.1009254248915,0.9839023079663106,0.9663252549495116,0.9999998279720612,0.9985343093909448,0.7858820526556872,0.4663541291020555,0.5200425595789742,0.265839493076713,1.2562531328292852,0.4257582976020327,0.2461130072051573,1.118271516185894,161.0,1.0,5671.0,1969.0,3151.0,1321.0,3.493690603032972,3.550266951314583,0.0800938845335716,0.0300382362562302,0.0003526714865103,0.0020314880650076,7.834748162020576,0.0349095525230085,0.6994700984102953
Antwerpen,antwerpen,BE,oecd_fua,2011,18.7,,employed persons commuting to work,commute_mode_share,oecd_fua,,FUA code BE002F,"Antwerpen, Belgium",BE,False,0.5.0,0.0078371509436326,0.009068149070612,0.0010103874823882,0.0018249697139018,0.8823172877058083,0.896749767474026,1.0530786823240748,1.0293905989421834,1.0729932144348575,0.0001023498941461,0.0001269634526526,0.0001167016318268,0.0001283689002951,0.0087562458611763,0.0275709525450993,0.9462849325922724,0.8868759690034993,0.249570809720045,0.0076797379708403,0.6059128131021194,0.4622988505747126,5.932819629874883,0.0210402745168864,0.1814891416752843,61.31962073830113,145.68808849340286,0.0110691676206054,0.5950875925591476,0.1316787314719062,6952.0,4747.0,33.42057980489067,22.820410289674346,5.633169705109589,4.0506351275088095,1.4645038971982305,3.6348202998013366,2.772836952774905,1034.000849964328,1164.8831121285205,0.8378455499247147,0.9939996742004568,1234.1186869790486,1171.9149838409326,0.9850659554981854,0.9707180694904562,0.9999999665593522,0.999651391123432,0.8305789136038592,0.659481285520803,0.5677993986958045,0.2627795149080547,1.0496323408511494,0.4227069502777401,0.1940684541770842,1.0460181824075008,308.0,9.0,20126.0,8044.0,11074.0,5802.0,3.5500733660670925,3.5571173765529607,0.0302117706994474,0.0238873561891872,4.9686972075921695e-05,0.0003729487817006,5.633785707998138,0.0326891818674372,0.6864874181316787
Gent,gent,BE,oecd_fua,2011,14.9,,employed persons commuting to work,commute_mode_share,oecd_fua,,FUA code BE003F,"Gent, Belgium",BE,False,0.5.0,0.0014464719746317,0.0094735596099409,9.678337211239612e-06,0.0016025900846116,0.2546414328375116,0.836727257356405,0.7161652549378666,1.0457024829740396,1.0837519360215158,2.70455107022761e-05,0.0001717848663525,2.7065511708804025e-05,0.0001719422833881,0.0100109071940057,0.0265285996055226,0.8445336687273322,0.499524965527107,0.6599728483041327,0.0020027526404991,0.5712727100232436,0.4362436798618818,4.536868811901817,0.0355669369753876,0.2387204142011834,59.38561296456506,141.14849065785629,0.0111819333825778,0.5495803101436905,0.0900517751479289,4055.0,4117.0,25.723564600554305,26.11687187681432,5.669893855663682,4.1226663104674985,0.9849404906485304,3.4266609759567506,2.6164940828402368,254.29144637057817,998.1511898324,0.3555623944079832,0.9995249655271032,715.180936932257,998.6255714043332,0.9803158629441576,0.9648493157406168,0.9999781140902804,0.998593099899401,0.7941227719343883,0.3915547510854018,0.4773496780935021,0.3167730938408863,1.33155941587604,0.3903792784458834,0.1543797983535288,1.1424297182223366,472.0,2.0,12043.0,7075.0,7029.0,5408.0,3.5572308147766734,3.569226843410364,0.023785338312303,0.0129669155540205,0.0001660715768496,0.0018374558303886,6.334946830526467,0.0273154075970977,0.6712278106508875
Gent,gent,BE,oecd_fua,2011,14.9,,employed persons commuting to work,commute_mode_share,oecd_fua,,FUA code BE003F,"Ghent, Belgium",BE,False,,0.0014464719746317,0.0094735596099409,9.678337211239612e-06,0.0016025900846116,0.254640951199041,,0.7161630139016018,1.0457011886232983,1.083751764494877,2.704551120680619e-05,0.0001717848555122,2.7065511708804025e-05,0.0001719422730525,0.0100109071940057,0.0265285996055226,0.8445337831170419,0.4995249664256054,0.659973665207044,0.0020027488524167,,,,0.0355669369753876,0.2387204142011834,59.38553945817735,141.14875763197355,0.01118179293297,0.5495803101436905,0.0900517751479289,4055.0,4117.0,,,5.669900873759668,4.12265851269997,,3.4266609759567506,2.6164940828402368,,,0.3555628345169299,0.9995249664256016,715.1800516948298,998.6274602462128,0.980315968564987,0.9648493154987218,0.9999781140902804,0.998593099899401,0.5950862988508725,0.1110552763819095,,,,,,1.0828362600788757,472.0,2.0,12043.0,7075.0,7029.0,5408.0,3.557230869868866,3.5692266518352898,,,0.0001660715768496,0.0018374558303886,,0.0273154075970977,0.6712278106508875
Charleroi,charleroi,BE,oecd_fua,2011,0.8,,employed persons commuting to work,commute_mode_share,oecd_fua,,FUA code BE004F,"Charleroi, Belgium",BE,False,0.5.0,0.0002910173502437,0.0106232298514926,4.9122673093490654e-05,0.0033034443586102,0.0389479588739858,0.8806035399709831,0.2355397485092601,1.047013541708189,1.0616139510463818,5.47808663475789e-05,0.0001785893575031,4.816519047163485e-05,0.0001775043079028,0.0071872571872571,0.0394439020862711,0.7038654375491267,0.7987575731587355,0.5170818491800485,0.0064783685486474,0.5572429906542056,0.4562336456486874,1.768128913204549,0.0512820512820512,0.1878005568210579,127.03661894811646,142.79357113708087,0.0533094381397089,0.5664335664335665,0.1047835990888382,509.0,3208.0,4.950660535388463,31.201805496122176,2.7999432046026027,4.156521260812196,0.1586658354114713,3.335664335664336,2.736016198430777,30.060005525710224,770.174496951006,0.165356204719114,0.9978948476035516,181.78940171475463,771.7992519959222,0.9678423266034928,0.9652531170391812,0.998164637663009,0.9980848102060338,0.7893275207116056,0.1070515484691628,0.3313509495858251,0.4579765711257805,1.6680124445116662,0.3898305084745763,0.1847537039382044,1.1639274859540432,94.0,5.0,1431.0,5405.0,858.0,3951.0,3.525593846452081,3.5746893280346383,0.0520306913265482,0.0080209091870908,0.0,0.0009250693802035,7.506711391156281,0.0268065268065268,0.7071627436092128
Brugge,brugge,BE,oecd_fua,2011,16.1,,employed persons commuting to work,commute_mode_share,oecd_fua,,FUA code BE006F,"Brugge, Belgium",BE,False,0.5.0,0.0050719457821991,0.0123516897943898,2.657058951633392e-05,0.0022969166795109,0.3811720192114509,0.9296473403555632,0.7829868204997263,1.0348470132628609,1.08356107313223,5.548040191578475e-05,0.0001659076568851,4.678380423887699e-05,0.000169155212202,0.0116861686168616,0.0222787081339712,0.8695774905933693,0.666336024447499,0.6091981681376332,0.004514140095183,0.5658862374305869,0.4269898264512268,3.697065153035511,0.0346534653465346,0.2607655502392344,69.00359741028065,155.23905620042754,0.0227251093761295,0.5227272727272727,0.0801435406698564,2450.0,2472.0,17.406943314987522,17.563250561081286,4.708313917782969,3.71965143843084,0.9911003236245954,3.393789378937894,2.560406698564593,253.31869049757103,664.3527696105306,0.4868179249405184,0.9996604915482694,520.3561280709264,664.5783995940303,0.978041995556204,0.9643112149897266,0.999967017654946,0.9985614951887531,0.790415819662381,0.4856070730955073,0.5114022317976964,0.2790135878646845,1.1372296182539132,0.3843296183721715,0.1406553942840042,1.0970129960478283,317.0,3.0,7541.0,4281.0,4444.0,3344.0,3.4985142170701224,3.535721396172545,0.0758779234403748,0.04303397885508,0.000265216814746,0.0016351319785096,4.721746338815678,0.0285778577857785,0.6590909090909091
London,london,CA,oecd_fua,2021,0.8,,employed persons commuting to work,commute_mode_share,oecd_fua,,FUA code CAN10F,"London, Canada",CA,False,0.2.0,0.0003592261598492,0.0078482617307581,2.671117935915444e-06,0.0013588076057263,0.0284106604697284,0.9582234683973806,0.253920528275819,1.084803063458728,1.1152050759450811,1.941272466670965e-05,0.0001086525766878,1.560343614213107e-05,0.0001063422170261,0.026184122748499,0.0451294241944004,0.7480481987772605,0.499949809850579,0.7620953543172638,0.001121806695448,0.5786604361370716,0.4645423800465018,,0.0206804536357571,0.1839936608557844,87.04081063845128,202.8026790858681,0.0650365331064815,0.5280186791194129,0.1540412044374009,1641.0,5149.0,,,3.6249231201003767,2.888091337430982,0.3187026607108176,3.4696464309539694,2.7863708399366085,,,0.1118880015831866,0.9999498098505816,452.699256130585,1782.8383518438666,0.9653838496029729,0.9450975711584352,0.9991288666285448,0.9999335858891364,0.5219806364900866,0.0068844221105527,,,,0.4253046236020698,0.196829171621086,1.1005363289964785,345.0,2.0,5201.0,8791.0,2998.0,6310.0,3.441972388634017,3.292624390594349,0.1246912069174552,0.247256035824948,0.0007690828686791,0.0045501080650665,,0.019346230820547,0.6619651347068146
Kitchener,kitchener,CA,oecd_fua,2021,0.7,,employed persons commuting to work,commute_mode_share,oecd_fua,,FUA code CAN11F,"Kitchener, Canada",CA,False,0.2.0,0.0001258042744211,0.0103725677377456,2.6702267050380217e-06,0.0023141021715132,0.0537049031341839,0.9876752926173707,0.647114860239274,1.064218258105144,1.128313225157089,1.997749449290454e-05,0.000146545623838,1.7459942195874926e-05,0.0001459629467258,0.0121636646653324,0.0383309073265405,0.8075040180074582,0.6658363484607395,0.7851047959380711,0.0033945633427393,0.6129773822766036,0.4617924070298087,,0.0262397153657994,0.1889374090247452,69.18681043122963,185.8212990014922,0.0189096982258786,0.6608850344674227,0.1467248908296943,3026.0,2785.0,,,5.291151698237424,3.151286303176317,1.0865350089766608,3.676228596842339,2.7691411935953423,,,0.0829912994338073,0.9991483500911816,571.8981750245441,883.766098051097,0.9772186183343554,0.941508302407642,0.9992296838244844,0.9985384989366632,0.6589936075326378,0.0203015075376884,,,,0.4692401824452108,0.1928623452294246,1.0986645420242294,449.0,3.0,8266.0,4756.0,4497.0,3435.0,3.532674003089381,3.497315886139732,0.0457455706413136,0.0769261949368589,0.0004839099927413,0.003574432296047,,0.0120080053368912,0.6640465793304221
Bern,bern,CH,oecd_fua,2024,11.3,,employed persons commuting to work,commute_mode_share,oecd_fua,,FUA code CH001F,"Bern, Switzerland",CH,False,0.5.0,0.00013349220811,0.0173674205059854,3.014314594722003e-06,0.0052667743579979,0.0342459625552494,0.9601978208008608,0.2999219907079412,1.0373406922798196,1.0801187309875668,7.317641310812741e-05,0.0002802804727626,5.632584662976123e-05,0.0002957611371163,0.0041353383458646,0.0456995201181247,0.6368911578324077,0.4998047475011535,2.1072727628969865,0.0059906866541486,0.5105421686746988,0.4822616407982261,1.9407035681971936,0.0924812030075188,0.1251384274640088,49.22783688432538,127.9124696621454,0.0353077549518868,0.4488721804511278,0.1378737541528239,620.0,1580.0,12.016809940633854,30.62348339709917,6.191986317517212,4.73264245677747,0.3924050632911392,3.058646616541353,2.8903654485049834,11.433067537102202,333.7863604696351,0.1141828996080436,0.9998047475011546,100.12942022271784,333.8515458181995,0.9796329225034202,0.9661729214962596,0.9999985832027978,0.9993735650043482,0.8178017976171053,0.2206843521722414,0.4398561362559084,0.3779456613611968,1.7236503608693243,0.3446327683615819,0.223454394233435,1.1483002380529574,211.0,2.0,2034.0,2610.0,1330.0,1806.0,3.5404541480570906,3.562255757707603,0.0388151159819638,0.0192609312467894,0.0,0.0019157088122605,6.470694474974384,0.0172932330827067,0.7369878183831672
Geneva,geneva,CH,oecd_fua,2024,10.3,,employed persons commuting to work,commute_mode_share,oecd_fua,,FUA code CH003F,"Geneva, Switzerland",CH,False,0.5.0,0.000340073699339,0.0210707437719766,6.910164456367636e-06,0.0091676716405647,0.0963174610704356,0.8551066994188,0.6120591722552292,1.0239864616633694,1.053668938796417,7.489378596656917e-05,0.000483448402264,6.128144159782913e-05,0.0004907813285417,0.0023821258419582,0.0334204413472706,0.710248289989925,0.6659800459605283,1.91318387289972,0.0171363181114983,0.5208024995888834,0.4959278650378126,5.856796597290959,0.110399211434204,0.1228222996515679,33.83366822967889,102.67846221926872,0.0487983366205838,0.5120749137506161,0.2090592334494773,1105.0,1007.0,60.398377172946695,55.04177901643197,10.31252770514239,5.752090779426288,1.0973187686196624,3.121734844751109,2.970383275261324,16.861987582818116,174.9446844057241,0.1573662571145509,0.9993025879640592,107.15122728339306,175.06677808385317,0.989907117502998,0.976263997791822,1.0,0.9996675580618803,0.8033885203694737,0.3841977027497389,0.5515217554290989,0.2518667649403749,1.4187565600694068,0.3313594867999013,0.2444347446529899,1.164812415113351,205.0,3.0,3167.0,1705.0,2029.0,1148.0,3.5404479350800178,3.496173526539671,0.0388206604277112,0.0779249501827683,0.0,0.0005865102639296,9.569003885213684,0.0325283390832922,0.6681184668989547
Basel,basel,CH,oecd_fua,2024,16.0,,employed persons commuting to work,commute_mode_share,oecd_fua,,FUA code CH004F,"Basel, Switzerland",CH,False,0.5.0,0.0003294493722055,0.0176927793246234,6.486471373552252e-06,0.0081477822993265,0.0422838246678806,0.866809407188263,0.2784146646979896,1.0252331881884644,1.0558560605369849,9.742264226981986e-05,0.0003484489991948,8.97400972828086e-05,0.0003528604975932,0.0017959770114942,0.0357224902366184,0.6974240815930501,,2.018957847548998,0.003772533370233,0.5086393088552916,0.4989648033126294,3.095488452138395,0.1185344827586206,0.1178497587870434,52.22961864758293,122.21017273318476,0.1168661907434594,0.4827586206896552,0.2184700206753962,470.0,1280.0,19.713694833206667,53.68836039681816,6.368524754013617,4.828842713898343,0.3671875,3.0452586206896552,2.9896623018607857,11.20833681724815,265.0738646582781,0.1518735541956745,1.0000000000000016,73.80045114903467,265.0738646582777,0.9840968685525422,0.972350717726358,0.999977083652489,0.9998523265213392,0.7505686569457921,0.17025137787337,0.3148850238406858,0.4356836331051062,1.9037821356602425,0.3425175580767153,0.2481877804625474,1.1162704827462022,149.0,1.0,1413.0,2169.0,928.0,1451.0,3.5073285772468834,3.569331886207172,0.068149049369779,0.0128719211269068,0.0014154281670205,0.0004610419548178,11.11826654496173,0.0237068965517241,0.6636802205375603
Biel/Bienne,biel/bienne,CH,oecd_fua,2024,10.7,,employed persons commuting to work,commute_mode_share,oecd_fua,,FUA code CH010F,"Biel/Bienne, Switzerland",CH,False,0.5.0,0.0004373128155414,0.028992808673683,0.0,0.0135207737179289,0.0352636685781266,0.9512330643592898,0.2002615043237189,1.0546158658779767,1.0889672037353662,0.0001873189639697,0.0004428360741896,0.0001420358713516,0.0004512558282118,0.0,0.0316543209876543,0.5881722864245991,,3.141972096349372,0.0075809163681695,0.4864864864864865,0.467062902426944,1.2458996122090744,0.0776119402985074,0.1807407407407407,54.35499990676083,139.8835359159376,0.2182230642888771,0.3910447761194029,0.1511111111111111,133.0,553.0,6.272763633529929,26.08149089730865,5.034726371258632,4.192246751597769,0.240506329113924,2.901492537313433,2.794074074074074,4.651636671021758,131.91017436872917,0.1760881038880222,1.0000000000000002,26.416529954685764,131.91017436872914,0.97555191358811,0.9680586432474813,0.9998526280084574,0.9994250398524483,0.7901492666882285,0.1098989898989899,0.3781969919252286,0.4119522747629998,1.809515195356841,0.3518796992481203,0.2,1.111822612681441,83.0,1.0,486.0,943.0,335.0,675.0,3.306178926511876,3.314765052536256,0.2365135428036681,0.2296693297726343,0.0,0.0,6.22136349378012,0.0059701492537313,0.6681481481481482
Olomouc,olomouc,CZ,oecd_fua,2021,7.5,,employed persons commuting to work,commute_mode_share,oecd_fua,,FUA code CZ006F,"Olomouc, Czechia",CZ,False,0.2.0,0.0033709817019294,0.0161718772252997,0.0001179244464526,0.0031562478896217,0.1148332657162352,0.996063868876804,0.4637748634496013,1.0207075045855505,1.076612191212874,9.624551370596898e-05,0.0002574927397017,9.229163783965294e-05,0.000258418471269,0.0034333921914851,0.0194492586173695,0.737207589570507,,0.6277969768873064,0.0032714208677526,0.6071498723237085,0.4067861962598805,,0.0153031194820482,0.3275563258232236,45.86398445069596,144.87088896473284,0.0560903588321738,0.7310182460270748,0.0918544194107452,1266.0,1164.0,,,8.930235648756515,3.807933890064047,1.0876288659793814,3.638610947616245,2.43789716926632,,,0.2476056267088185,1.0000000000000002,141.7655759371012,305.6775757155864,0.9865014384941476,0.9652798189974258,0.9999517351400314,0.9992486744207738,0.6132271137482095,0.0209547738693467,,,,0.4364868847627468,0.1099218975990743,1.0678830081127264,89.0,1.0,3091.0,2110.0,1699.0,1731.0,3.492493239981328,3.546535764186232,0.0811389169409079,0.0333802275325286,0.0,0.0018957345971563,,0.0141259564449676,0.5805892547660312
Hamburg,hamburg,DE,oecd_fua,2016,10.2,,employed persons commuting to work,commute_mode_share,oecd_fua,,FUA code DE002F,"Hamburg, Germany",DE,False,0.5.0,0.0013229598995598,0.0052057331078699,5.069113603578693e-06,0.0003970893941205,0.3876374515378087,0.827053006154916,1.0568761760825978,1.0283671718858622,1.0765461875146152,1.7718609919412043e-05,6.600635622094333e-05,1.142760923744572e-05,6.674167847101861e-05,0.0092489166314669,0.0303662040716512,0.8902554903687352,0.832907661187785,0.4654323716691858,0.0015757748591397,0.6232986013329579,0.4435544685621115,4.105393277253007,0.0271976345801849,0.2241853640643149,50.50470817084753,174.95981915351967,0.0040517803661395,0.682498709344347,0.1077214648162866,30278.0,12690.0,30.88878032271504,12.945987921766754,7.523951601387938,3.3327638270805138,2.385973207249803,3.739616088609377,2.6610014061258176,1475.9879533149874,3804.9459228020887,0.3667766009965521,0.9992896875896208,4024.2151470531294,3807.650544238049,0.9866841467109424,0.962593874469348,0.9999995434214431,0.9984040819255404,0.8425516322692288,0.3393939393939394,0.5649483576726477,0.2776032745965809,1.2195733500580297,0.4569071729462703,0.165459047968449,1.1381176597568978,1873.0,6.0,79680.0,21763.0,42614.0,16357.0,3.565962852289892,3.5630942618443253,0.0159163962905449,0.0185049323453311,2.5100401606425704e-05,0.0029407710334053,3.8844600438151606,0.0280189609048669,0.6680931711193985
Frankfurt am Main,frankfurt am main,DE,oecd_fua,2016,7.1,,employed persons commuting to work,commute_mode_share,oecd_fua,,FUA code DE005F,"Frankfurt am Main, Germany",DE,False,0.5.0,0.0007432024233438,0.0090622263115768,4.226611339761132e-06,0.0013814924757908,0.2196161695171393,0.9433773882535404,0.9264765331080118,1.033069699610325,1.072001559017212,2.784494860842457e-05,0.0001195233806745,1.9219110764971343e-05,0.0001197485064097,0.0078389945284143,0.0324978865184743,0.8549553732342463,0.7497030690378061,0.5964566634486543,0.0029590527534194,0.567295188556567,0.4646570163657165,5.0476420689248425,0.0395741914513245,0.1879755333432791,59.80879185634416,144.71512080996143,0.0160607369548323,0.5519258898098488,0.1600775772042369,7168.0,5442.0,28.889820327236635,21.93337084553875,5.723428866934343,4.025791271027156,1.3171628077912532,3.4032179424670894,2.787110249142175,296.87361168313544,1351.159178203127,0.2370445032000996,0.9995378216424796,1252.3961014718466,1351.7839434858497,0.9815014386077264,0.9690553582621012,0.9999991236923212,0.9996130118627876,0.8229913046567952,0.4244455638651012,0.5620904688973715,0.2609008357594237,1.198817926051919,0.3812329824846588,0.197149466457727,1.1375114833374775,747.0,4.0,20940.0,9341.0,12306.0,6703.0,3.554684395395008,3.5469436125958684,0.0260741146879013,0.0330152020760083,0.0001910219675262,0.0017128787067765,5.448213622844532,0.0305542012026653,0.6517977025212591
Dresden,dresden,DE,oecd_fua,2016,11.6,,employed persons commuting to work,commute_mode_share,oecd_fua,,FUA code DE009F,"Dresden, Germany",DE,False,0.5.0,0.0001878474880725,0.0082332047905867,2.362948894357877e-06,0.0010774030129269,0.0371674580843072,0.887828990770349,0.5048308744035388,1.0299609929077842,1.0613720357914815,1.810907266853192e-05,0.0001061732477437,1.608930061632027e-05,0.0001070394892343,0.0074361526824028,0.0298633798633798,0.7907154972307922,0.4998930587430585,0.9678086668727608,0.0013762808325428,0.563221106517031,0.4523172905525847,2.2347647568197933,0.0272823904570686,0.2267597267597267,51.29106338573021,159.07956050519354,0.0055563326713802,0.5408054800992087,0.1632016632016632,4812.0,5207.0,14.658468248938638,15.86172987785193,6.559289161960176,3.583147147525217,0.9241405799884772,3.378528404393528,2.713097713097713,54.01144476543604,1453.0363790588513,0.0736235835976174,0.999893058743056,733.6160796060992,1453.191785214943,0.9843356117426412,0.9684100967822256,0.999999940923702,0.9995872634758566,0.8260632038380016,0.2694617739373038,0.5129214207330499,0.3131417831049514,1.410499353787107,0.3866737550948077,0.178489192601946,1.177290107544175,710.0,2.0,14303.0,9135.0,8467.0,6734.0,3.567811976048921,3.571959555957624,0.0142459915948673,0.0104941262990831,0.0002796616094525,0.0013136288998357,4.426759277471259,0.027518601629857,0.61003861003861
Düsseldorf,dusseldorf,DE,oecd_fua,2016,7.4,,employed persons commuting to work,commute_mode_share,oecd_fua,,FUA code DE011F,"Düsseldorf, Germany",DE,False,0.5.0,0.0011263743462443,0.009212038275917,5.176668836267113e-06,0.0011100856351843,0.2633662595770545,0.9298691456546552,1.2501338347052573,1.0436985538398351,1.0747931208440744,2.6157366462476786e-05,0.0001159690941567,2.708578573478284e-05,0.000120760603891,0.0086803883806772,0.0311316092900675,0.8880179798069505,0.7991254605431903,0.7927711072543353,0.0042137329266811,0.5898238433449701,0.4382929642445213,6.823149566379068,0.0254573904670197,0.2418053039038049,50.459358202521415,148.69628116977222,0.0106521545506158,0.5669234472797304,0.1108548838741558,9759.0,4601.0,44.888046063229545,21.16301874545744,6.578786765046818,3.8774770391319495,2.121060638991524,3.538517091959557,2.6288914511612584,312.5094354099133,1185.4215617569428,0.2106704516474015,0.9990099733545929,1483.4042124377245,1186.5963237347823,0.9788952829351322,0.9636779305922376,0.9999618577743896,0.9981876696817464,0.8527952022534507,0.5883980798992734,0.5852024900415577,0.267592712211893,1.1406526767225855,0.4200800553766515,0.1576995962758507,1.1547792555062593,1176.0,5.0,29398.0,7980.0,16616.0,6071.0,3.5666360433758424,3.5697905444412523,0.0153084335517087,0.0124570844799609,0.000340159194503,0.0015037593984962,5.457935284175197,0.0204020221473278,0.6470103772030967
Bremen,bremen,DE,oecd_fua,2016,15.7,,employed persons commuting to work,commute_mode_share,oecd_fua,,FUA code DE012F,"Bremen, Germany",DE,False,0.5.0,0.0055172373079813,0.0120933963281154,0.0002876658623701,0.0008316716890292,0.8381667075157866,0.7569229527549239,1.1805432361056336,1.0279766113681137,1.0775251635590877,7.110678123667604e-05,8.245227966767665e-05,8.476705330790052e-05,8.1618412388298e-05,0.0113711001642036,0.0305940689389562,0.9156681914073316,0.7995730304637163,0.4300996618923385,0.0033625910377372,0.5837345575336842,0.4333044399499181,5.38458652366519,0.0130989699955217,0.2518775274407857,56.11915279892303,165.25323286430665,0.0129652703629544,0.5768584863412449,0.1016753321779318,10827.0,5180.0,33.21105304100548,15.88928186500493,6.167800052064039,3.48364431509576,2.09015444015444,3.502015226153157,2.5990756787983824,1246.3108033497467,1486.0325558156717,0.7099839140840991,0.9993839507943024,1755.4070995503123,1486.9485893130309,0.9868152788406742,0.965218187096488,0.9999999808563854,0.9991865262819112,0.7977325328202364,0.2779436027254064,0.56271855271475,0.2350139801054863,1.1845988264537173,0.3966912073454077,0.150184208625298,1.1034435599528167,755.0,5.0,31280.0,8998.0,17864.0,6924.0,3.54789028043234,3.5607825014981183,0.0321676661367563,0.0205885198612386,0.0005115089514066,0.0022227161591464,4.561109122464519,0.0292207792207792,0.6464471403812825
Hannover,hannover,DE,oecd_fua,2016,12.8,,employed persons commuting to work,commute_mode_share,oecd_fua,,FUA code DE013F,"Hannover, Germany",DE,False,0.5.0,0.0076127971236848,0.008561036480639,0.0007070168703404,0.0011946594442502,1.0400088331360713,0.9500830075963888,1.3046255981450587,1.0183434700362324,1.0644335333300488,8.259699338424453e-05,0.0001281682942014,9.262787108969713e-05,0.0001247868813427,0.0064594566021778,0.0267477363655506,0.9264243493724992,,0.3283720374893495,0.000831849642376,0.6171625536594134,0.4435492364402317,7.689489942248558,0.0126863304789089,0.229785217940619,53.737983259904624,142.7211594060006,0.0084869109362443,0.6671106882334285,0.1184459886291851,10944.0,4877.0,53.65776217598674,23.91163250477772,6.97806520055037,4.056930705867886,2.2440024605290136,3.702505550269585,2.660454832596336,1250.2365573728862,1202.1403256767387,0.7971703411421449,0.9999999999999966,1568.3430414403165,1202.140325676743,0.9909325422448808,0.969024635179872,1.0,0.9998913828594448,0.8826785626430439,0.8316519625836993,0.59204908497502,0.290629477668024,1.0775167876780585,0.4420301348136399,0.1652579192669247,1.0646998375575318,515.0,1.0,29185.0,8423.0,15765.0,6332.0,3.5399480136197767,3.5122759734017754,0.0392667367219479,0.0637968210524584,6.85283536063046e-05,0.0007123352724682,5.894020440179635,0.0270853155724706,0.6517687934301958
Bielefeld,bielefeld,DE,oecd_fua,2016,6.9,,employed persons commuting to work,commute_mode_share,oecd_fua,,FUA code DE016F,"Bielefeld, Germany",DE,False,0.5.0,0.0011492440689153,0.0083080319199809,1.2721489903572276e-05,0.0010391388880043,0.1688588216321306,0.937663578400038,0.7605785857211735,1.025677039637673,1.0742758960564285,2.3425064865856783e-05,0.0001092248090531,1.89897480292028e-05,0.0001069152464866,0.0071912493849589,0.0293561532192339,0.8402905879367049,0.7497066790387843,0.5945095932446174,0.0030759950042698,0.6330115464698088,0.4206750366867764,3.824166400116935,0.012944248892926,0.2748166259168704,59.15019929530487,168.00933191234316,0.013289393818283,0.7206767344158056,0.0726976365118174,6484.0,4449.0,25.070403765203405,17.202070689603634,6.55578265747976,3.42127544349909,1.4574061586873457,3.797206767344158,2.5232273838630808,219.5826994487792,1299.7244843991366,0.2220136417225319,0.9994865052347228,989.0504824167926,1300.392229001536,0.9846466569091636,0.9609269751710128,0.9999682285113196,0.9983342083095788,0.8406105331160538,0.5528650810728707,0.5427400003394479,0.2978705327766058,1.3265627729741425,0.4828212845703901,0.1311863024867509,1.1259811647669542,588.0,4.0,16721.0,7740.0,8807.0,6135.0,3.5721505322948497,3.576957242345471,0.0103211991153976,0.0059637948673864,0.0001196100711679,0.0024547803617571,5.027970116317298,0.0155558078800953,0.6524857375713121
Göttingen,gottingen,DE,oecd_fua,2016,10.8,,employed persons commuting to work,commute_mode_share,oecd_fua,,FUA code DE020F,"Göttingen, Germany",DE,False,0.5.0,0.0065788192648474,0.0152058471558635,0.0001153921288655,0.0029075861749658,0.6279377865539546,0.9978239032079091,1.015737199912443,1.0274653534755898,1.0781977370612257,0.0001063078458836,0.0001863825437898,0.0001225600891596,0.0001871111777122,0.0068738597862913,0.026210134369435,0.8680296409054371,,0.8194526473696122,0.0026849952822582,0.5620518837178986,0.4143574785286015,3.235075609029906,0.0228694292415949,0.3006313744536182,43.87119306710069,145.65511653865434,0.0233880831210674,0.5377247849882721,0.0840213695968917,2873.0,1440.0,24.568702984529608,12.3142820388871,7.594475664170632,3.866393206451838,1.9951388888888888,3.370992963252541,2.483729966002914,233.86923273318607,372.4401329893397,0.6182089093597076,1.000000000000001,378.3012978176092,372.4401329893392,0.9842016549992372,0.9603666141211676,1.0,0.9985824235391666,0.8826659753042191,0.8405210798157902,0.5725436715119301,0.3101223037922892,1.1612770854118923,0.3732277305172582,0.1213226355458303,1.068674110655032,310.0,1.0,8623.0,2557.0,5116.0,2059.0,3.470414897896346,3.4247616667551632,0.1003019695031119,0.1392865210003727,0.0002319378406587,0.0011732499022291,3.184953361271765,0.0238467552775605,0.61534725594949
Darmstadt,darmstadt,DE,oecd_fua,2016,10.8,,employed persons commuting to work,commute_mode_share,oecd_fua,,FUA code DE023F,"Darmstadt, Germany",DE,False,0.5.0,0.0067135152370441,0.0183348097170089,1.145523868116212e-05,0.0044722200247352,0.5471610388511822,0.9703529609422508,1.1179641167590475,1.0291041548109188,1.0795249723987823,6.436346725483145e-05,0.0001948079588496,6.633099922177773e-05,0.0001940942850973,0.0088615645537417,0.0266468548786527,0.8265879404491057,,0.8219811305413844,0.0024182773910481,0.6024743725698126,0.4589324078664683,3.78995513330283,0.0186559253762984,0.2030708271421495,54.247561243753466,148.9079911034627,0.0194693228487029,0.6243375026499894,0.1535413571074789,3001.0,1609.0,24.60244759769822,13.190715822957824,6.491487823038669,3.891008322196495,1.865133623368552,3.613313546745813,2.7508667657256067,226.2606601197326,413.5174912943154,0.4894262979006782,0.9999999999999986,462.29771691926703,413.517491294316,0.9839363920031629,0.9735054159365274,0.999999270039191,0.9998459624496896,0.8093368897414017,0.4830033069580003,0.554707071772176,0.2546298179692257,1.2436792944940445,0.4438434616608336,0.1881973716836102,1.1309356059580318,380.0,1.0,8522.0,2777.0,4717.0,2019.0,3.4734670220211608,3.4409962219632764,0.0976648852075722,0.1255223141103387,0.0,0.0021606049693914,3.390050786504512,0.0118719525121899,0.6433878157503715
Freiburg im Breisgau,freiburg im breisgau,DE,oecd_fua,2016,16.6,,employed persons commuting to work,commute_mode_share,oecd_fua,,FUA code DE025F,"Freiburg im Breisgau, Germany",DE,False,0.5.0,0.0042455026664492,0.0136818032302978,2.6537563293585902e-05,0.0026221157385011,0.4507879787496213,0.9398487081681904,0.8588204344689286,1.0361213282972712,1.0815105168980546,6.191039022521955e-05,0.0001523173281571,6.578622170724319e-05,0.0001642134626949,0.0125567502986857,0.0274445257254328,0.8581922390081127,0.6664137312650102,0.7741733886553994,0.0051943431718696,0.5925062746504123,0.4353343094192289,3.24359560142204,0.032437275985663,0.2549378200438917,50.02651699490023,161.8697777692758,0.0289592626950379,0.5772401433691756,0.1185076810534016,3358.0,2037.0,21.959093560131823,13.320629416911412,6.769984997668831,3.52695901369948,1.6485027000490915,3.553763440860215,2.6100950987564007,260.3532133904236,577.375003015513,0.5248920037963191,0.9996946348406128,496.0129160044357,577.551367080776,0.9830712592683626,0.9608825817955846,0.9999885005718504,0.998510888858643,0.7995356390383326,0.5098374349418493,0.513934010654556,0.2856016283837766,1.2146361549456806,0.4230389959659346,0.1532125205930807,1.1130032675750647,384.0,3.0,9915.0,3568.0,5580.0,2734.0,3.552044913225372,3.522668171613337,0.0284437026261403,0.0546217764068704,0.0,0.0008408071748878,3.776803009383204,0.0245519713261648,0.6265544989027066
Frankfurt (Oder),frankfurt (oder),DE,oecd_fua,2016,8.4,,employed persons commuting to work,commute_mode_share,oecd_fua,,FUA code DE027F,"Frankfurt (Oder), Germany",DE,False,0.5.0,0.003583160701097,0.0204382402956036,0.0003801391866169,0.0057475019234821,0.1540406304314101,0.9952166019384084,0.5943536995178074,1.0239445757480847,1.0934091787300066,9.561138236945202e-05,0.0001991689165746,9.359261635911806e-05,0.0002125073827079,0.0006449948400412,0.0359506618531889,0.825177712739289,,0.4426709887706275,0.0032887892480628,0.6310077519379845,0.4243520192887282,1.2236061804672795,0.0162538699690402,0.26985559566787,74.00537552960706,215.95402415816324,0.0528685323665705,0.7438080495356038,0.0812274368231047,966.0,809.0,6.540483615112615,5.477485760482511,5.345252189405327,2.6606305016828475,1.1940667490729295,3.780185758513932,2.5415162454873648,46.838097187937,304.06326601469385,0.2591733349289852,1.0,180.72112704330044,304.06326601469385,0.9850770196500612,0.9472914761184988,1.0,0.9981064675493404,0.8573601265911296,0.6890676049258607,0.5429543398883491,0.3144057867027804,1.2828390042235205,0.4769290422644436,0.1361374943464495,1.084796756973028,80.0,1.0,2442.0,1408.0,1292.0,1108.0,3.541409034037505,3.5128465118664054,0.0379627879421959,0.0632942658155095,0.0,0.0078125,2.0587171939200144,0.0038699690402476,0.6489169675090253
Erfurt,erfurt,DE,oecd_fua,2016,8.3,,employed persons commuting to work,commute_mode_share,oecd_fua,,FUA code DE030F,"Erfurt, Germany",DE,False,0.5.0,0.0008537926012922,0.0109800160871788,1.50659120525021e-05,0.001462171705622,0.0985565161244596,0.9807215510576984,0.6393903529299457,1.0288109311022715,1.0726314823102745,3.2513757722564054e-05,0.0001376380205292,3.140878439578277e-05,0.000138859780298,0.0088944653561968,0.0267420930830547,0.794573575472485,,0.7297776470279852,0.0013331793922674,0.6087168758716875,0.4239773604322099,1.7791665565927994,0.0121288163948138,0.2784777577783492,54.94307905645225,151.71654568127892,0.0301833632269312,0.6551652028439984,0.0989971715093854,3224.0,2806.0,11.960081857977004,10.409426083586684,6.722294668623498,3.740901374702475,1.1489665003563792,3.65077373483898,2.542555926973515,73.92592226979748,750.086601848242,0.1541413874526472,0.9999999999999988,479.5981370837717,750.0866018482429,0.9833048587091472,0.9649036584633776,0.9999967130555836,0.9989955026121168,0.8164308828418515,0.4893732608983702,0.529406453247577,0.2870244295942744,1.210547863617847,0.44952400878753,0.1358548822848321,1.1111702957773928,350.0,1.0,8729.0,4944.0,4782.0,3889.0,3.5462670038715056,3.5359435035064006,0.0336207310924009,0.0428361957716998,0.0,0.0012135922330097,2.7825983742794014,0.0190296946884148,0.6225250707122654
Augsburg,augsburg,DE,oecd_fua,2016,10.3,,employed persons commuting to work,commute_mode_share,oecd_fua,,FUA code DE031F,"Augsburg, Germany",DE,False,0.5.0,0.0024079831022233,0.0111650583004917,7.21076654154875e-05,0.0024302530731773,0.3265300106087249,0.9933098833403322,0.9982413835921314,1.0196914918930495,1.0690386116867816,4.906636887216599e-05,0.0001718139011697,5.452532416022034e-05,0.0001711264141161,0.007430264132313,0.0369479965899403,0.9043024255884802,0.833013638074481,0.5115773470779931,0.0085350029876578,0.6660082304526749,0.4652848857045377,4.781625239811863,0.0096272525302394,0.1690537084398977,43.36079871287176,128.87029360881567,0.0181947762300518,0.7810417180942977,0.1273657289002557,6405.0,3249.0,43.64269149626998,22.13818964424374,9.127166874748038,4.621704117816724,1.971375807940905,3.99506294742039,2.790281329923274,229.54650004053275,702.6782368141251,0.3271052632918501,0.9995601417617844,701.7511663691165,702.9874516360895,0.9891003532373396,0.967786632953843,0.999999996979844,0.9996481309898784,0.8841616003245591,0.6949596722896471,0.6003487124139378,0.2838128879106213,1.166624923873106,0.5210815482437188,0.1984644913627639,1.1095900503923608,359.0,6.0,16184.0,5455.0,8102.0,3910.0,3.5270525745413663,3.49676555269441,0.0507374634039834,0.0774074142565141,0.000247157686604,0.0010999083409715,4.790049098751424,0.0095038262157491,0.7035805626598466
Bonn,bonn,DE,oecd_fua,2016,9.1,,employed persons commuting to work,commute_mode_share,oecd_fua,,FUA code DE032F,"Bonn, Germany",DE,False,0.5.0,0.000537170073607,0.0103535064265296,4.970760021520262e-06,0.0013527005418965,0.161535881808998,0.9686696871855748,0.8312984196131386,1.0366376733209557,1.0735132830144116,2.79603906258794e-05,0.0001376205876167,2.2609073055295767e-05,0.0001356863608469,0.010122266062643,0.0211397849462365,0.8314751806889877,0.4998447582230267,0.7759852739433987,0.0024434671661826,0.5640013643229548,0.4308663224325875,4.825037965504638,0.0382873008914218,0.2617204301075269,58.78404176941479,136.23652705449473,0.0119911212064575,0.5293000146134736,0.1047311827956989,3748.0,3433.0,26.57785172560684,24.344120857526217,5.50831970973458,4.194211390752493,1.0917564812117682,3.3830191436504458,2.5840860215053763,132.2185818943181,818.3819877433083,0.194317561537254,0.9998447582230268,680.4252834809762,818.5090545434043,0.9793607044844836,0.965599540585096,0.999973856926756,0.9981556210142948,0.8687589812070743,0.5819258160616793,0.4981326038308208,0.3706263773762533,1.2477808808735351,0.3844748190921716,0.1463152232383001,1.1195711906284953,528.0,2.0,11575.0,6008.0,6843.0,4650.0,3.552351083907935,3.543129703672706,0.0281689867033572,0.036425970375543,0.0,0.0009986684420772,5.804218860117726,0.0184129767645769,0.6335483870967742
Karlsruhe,karlsruhe,DE,oecd_fua,2016,13.0,,employed persons commuting to work,commute_mode_share,oecd_fua,,FUA code DE033F,"Karlsruhe, Germany",DE,False,0.5.0,0.0007350262373109,0.011676989474031,1.2589927739487954e-05,0.0025399267519945,0.1808426751716293,0.9746156036770532,0.8839058575356958,1.0250662794031349,1.084395066848444,3.91514918059798e-05,0.0001351087844388,3.0111650168702087e-05,0.0001331420777207,0.0092257557028879,0.026511758118701,0.8512436364877749,0.7493414495686983,0.8343571082042401,0.0051214801056824,0.5804203664156458,0.4545284780578898,3.98367467471416,0.0304528598718957,0.2024076147816349,44.56183075840538,160.44047228132197,0.0140745315920865,0.559163951005731,0.1276595744680851,5188.0,2849.0,29.93734752960002,16.44015094676763,7.515008120422913,3.6477742052723214,1.820989820989821,3.481739521294528,2.725643896976484,141.2425091496332,780.1811647784144,0.2045949505027758,0.998920578560202,690.351882109216,781.0242190654752,0.9849864618826172,0.964797091089352,0.999999741594536,0.9993927198855684,0.8442737593330452,0.5673103834312903,0.5595793652681595,0.2846943940648855,1.1685236159109156,0.4029112572359917,0.1820983330998739,1.116209504124313,576.0,4.0,15492.0,4868.0,8899.0,3572.0,3.536801986008431,3.554400608321066,0.0420715384704069,0.0263290222338777,0.0001290988897495,0.0016433853738701,4.506899282035002,0.023822901449601,0.66993281075028
Kaiserslautern,kaiserslautern,DE,oecd_fua,2016,2.2,,employed persons commuting to work,commute_mode_share,oecd_fua,,FUA code DE041F,"Kaiserslautern, Germany",DE,False,0.5.0,0.0008941326027829,0.0145033183667231,4.537197629652989e-05,0.0036986755641587,0.0355823213210413,0.9409003869132768,0.2926356544785622,1.0450139367934117,1.0853475251709896,0.0001192993901277,0.0001934386338958,8.26728158167122e-05,0.0001998397654863,0.0013574660633484,0.0301364023870417,0.6670057558704139,,1.0177839242430071,0.0023638084507032,0.5512239347234814,0.4435437997724687,0.8867846118852527,0.0588235294117647,0.23231031543052,67.87191831488163,135.635178824195,0.1166729505045469,0.5828054298642534,0.1214833759590792,665.0,1801.0,4.7634853673930015,12.900807739360594,5.371637377949204,4.257219019716587,0.3692393114936146,3.301357466063348,2.658994032395567,15.052963073405992,423.046122752665,0.1215925700661605,1.0000000000000016,123.79837900634408,423.04612275266425,0.9810848476863618,0.963689337577994,0.9999890235677076,0.9989648541519544,0.829020356813207,0.379008407485374,0.4360254834801821,0.3929948733330249,1.5468936521764751,0.3832199546485261,0.1651376146788991,1.1119428995954062,126.0,1.0,1824.0,3119.0,1105.0,2346.0,3.3670901388351204,3.5300093854750467,0.1872995378419024,0.0481134134802008,0.0,0.0012824623276691,3.0303368653603906,0.0190045248868778,0.6462063086104007
Iserlohn,iserlohn,DE,oecd_fua,2016,1.1,,employed persons commuting to work,commute_mode_share,oecd_fua,,FUA code DE042F,"Iserlohn, Germany",DE,False,0.5.0,0.0003768444019167,0.0149277332789374,2.512072618147836e-05,0.0031386360236622,0.0289605823335324,0.953721974712764,0.3463942282578182,1.07028059586534,1.0947132670545945,8.707357475015894e-05,0.0001707792100611,6.191738832758451e-05,0.0001758022084996,0.0122029543994861,0.0279733587059942,0.6582520205609359,,0.8021515782075483,0.0022052434672936,0.5923423423423423,0.4196825396825396,1.2527914846357189,0.0067437379576107,0.285918173168411,85.32185998027776,171.50706107083283,0.0629338004661767,0.5857418111753372,0.0856327307326355,620.0,1501.0,4.944887089449381,11.971412131070196,3.947095067370476,3.310070444407706,0.4130579613590939,3.547206165703276,2.5156993339676497,13.132600895571162,453.4646694712822,0.0836058455107323,1.0000000000000004,157.07754422369138,453.4646694712821,0.9616109718120328,0.9561174695755555,0.9988796034760052,0.9947054877556456,0.773627011984091,0.4300786992994898,0.3693563254737969,0.4042706865102941,1.5811029406261017,0.4485755673587638,0.129316503929507,1.0998034081250123,126.0,1.0,1841.0,2644.0,1038.0,2102.0,3.511238163691387,3.5407918809615,0.0647106235032891,0.0385136998919772,0.0010863661053775,0.0011346444780635,3.616663854177376,0.0115606936416184,0.6284490960989534
Flensburg,flensburg,DE,oecd_fua,2016,9.1,,employed persons commuting to work,commute_mode_share,oecd_fua,,FUA code DE049F,"Flensburg, Germany",DE,False,0.5.0,0.0038550172861605,0.0183582932573016,0.0,0.0034294843664514,0.8164012275181535,0.933232632893218,1.6076079741667524,1.053842713046209,1.0928607520153462,3.771519321136366e-05,0.0002261311015875,3.884084226605574e-05,0.0002234270282762,0.0128377872595254,0.0289613990189805,0.8035434466881521,,1.2114019521543764,0.0034963365138322,0.6100501759904141,0.4065769805680119,8.106651788628682,0.003817651021783,0.3262955854126679,56.44461566380089,150.21725796580947,0.0136188002339368,0.5490680440152707,0.0882917466410748,2457.0,1053.0,43.31913233744635,18.56534243033415,5.343652776379359,3.681642349065327,2.333333333333333,3.658657085111161,2.436340371081254,233.5019024308169,286.0136591669009,0.507836015146234,0.999999999999999,459.7978391973221,286.0136591669012,0.968455299417174,0.955597681224536,0.999907435713866,0.9977948510414678,0.8686971977385124,0.7729305376130379,0.5773365008569764,0.291360696881536,1.1929586501599858,0.4774744410740366,0.1095802627363024,1.1158795141593076,557.0,1.0,8146.0,1904.0,4453.0,1563.0,3.542737430899641,3.547323960891423,0.0367764370768582,0.0326747272012677,0.0002455192732629,0.0031512605042016,5.0426795082491935,0.0026948124859645,0.5854126679462572
Gießen,gießen,DE,oecd_fua,2016,7.5,,employed persons commuting to work,commute_mode_share,oecd_fua,,FUA code DE054F,"Gießen, Germany",DE,False,0.5.0,0.0001394037867141,0.0187710806076675,3.439379641648835e-06,0.0032186948209306,0.092826515240379,0.9950471986607956,0.6921509242179577,1.036275524987469,1.0712136121691984,5.916855250233021e-05,0.0002259501105812,4.7808034847230265e-05,0.0002300816328023,0.0135823672534707,0.0214932126696832,0.772783616973558,,1.2763703230664198,0.003236047248186,0.5775676837129351,0.4273310683276708,2.9482043069332864,0.0317732932589094,0.2697963800904977,53.04756159690962,136.49247962055975,0.0235637776878769,0.5096607986260198,0.0989819004524886,1219.0,1291.0,16.802555273398966,17.794994961409405,5.6992506366958455,4.17773699740821,0.9442292796281953,3.462430227565479,2.5610859728506785,28.68515448666952,309.01897386094726,0.1341131131844708,0.9999999999999998,213.8877683587396,309.0189738609473,0.9762222061008976,0.9683619542564644,0.999998404583778,0.9989834363550248,0.8604520666887485,0.5975816887738596,0.5078717800597419,0.3525802866290065,1.4658056330624758,0.4246722544594885,0.1407533276692155,1.139983157189135,273.0,1.0,4032.0,2264.0,2329.0,1768.0,3.556085186560705,3.558892756866176,0.0248153859386354,0.0222901003988073,0.0004960317460317,0.0008833922261484,4.259481861220342,0.0137398024903392,0.6312217194570136
Bayreuth,bayreuth,DE,oecd_fua,2016,6.8,,employed persons commuting to work,commute_mode_share,oecd_fua,,FUA code DE056F,"Bayreuth, Germany",DE,False,0.5.0,0.0008410205208043,0.0181706995063311,4.576269545224203e-05,0.0038867893837509,0.2054867944945402,0.9611549525833204,0.8356356436335307,1.0353502434234152,1.0961867839808646,7.799387048748321e-05,0.0002471279605748,7.156334384115321e-05,0.0002508252788436,0.0175765270136831,0.0299225779451768,0.8177127314862096,,0.6510077426413611,0.003181317392003,0.6398418749117606,0.4267756128221244,3.9262007217470334,0.0126957257723233,0.2711864406779661,57.95888945475188,154.31280699160686,0.0295285463552061,0.6457892509521794,0.0991839296924042,1544.0,1161.0,23.078620085199244,17.35380694230332,5.87810499788457,3.69350949211557,1.329888027562446,3.835801946677952,2.5574387947269304,64.59173014647187,314.33518784190335,0.2459047744792667,1.0000000000000009,262.6696870089356,314.3351878419032,0.97938243553823,0.9545760669839216,0.99997613127319,0.9970586671334544,0.7937825357302405,0.28214055448098,0.519636651364747,0.2741458843654936,1.3171319812623683,0.4956576996399068,0.1398931153725243,1.1114388295708109,171.0,1.0,4532.0,2037.0,2363.0,1593.0,3.567364353886328,3.5535158850334185,0.0146504807163757,0.0271234977177682,0.0,0.0014727540500736,4.698460090422943,0.0076174354633939,0.6296296296296297
Aschaffenburg,aschaffenburg,DE,oecd_fua,2016,5.7,,employed persons commuting to work,commute_mode_share,oecd_fua,,FUA code DE058F,"Aschaffenburg, Germany",DE,False,0.5.0,0.001393391140767,0.0172711960627876,2.017483047726337e-05,0.0041028611120746,0.2072607719302316,0.9427362947043156,0.815925656928789,1.0377540406762389,1.0796363986186284,9.219442825175524e-05,0.0002588246534827,6.628669728777881e-05,0.0002628666353435,0.0127516778523489,0.0237166991552956,0.791880332988236,,0.757266377415549,0.0037906323095881,0.6335125448028673,0.4289741921492084,3.448475605745237,0.010738255033557,0.2683560753736192,76.1131199889242,133.37119815687214,0.0424361766167736,0.6436241610738255,0.1065627030539311,972.0,1126.0,15.572362085525558,18.039588177265205,4.515723428514807,4.268251980596241,0.8632326820603907,3.795973154362416,2.57050032488629,54.67709738187485,263.8082299542927,0.2540191868832488,0.9999999999999984,215.24790332867764,263.8082299542931,0.9761728475454956,0.9648241650846268,0.9999223222325888,0.9991144237845476,0.8098447478435533,0.315273951637588,0.425528587588963,0.3843161602545904,1.502370286810309,0.5045378151260504,0.1431825577611454,1.1267388964887588,163.0,1.0,2828.0,1978.0,1490.0,1539.0,3.5448996072189365,3.569670426621699,0.0348438998304351,0.012565734304814,0.0,0.0020222446916076,4.22645810492782,0.0087248322147651,0.6250812215724496
Bamberg,bamberg,DE,oecd_fua,2016,10.0,,employed persons commuting to work,commute_mode_share,oecd_fua,,FUA code DE059F,"Bamberg, Germany",DE,False,0.5.0,0.0083780225085987,0.0199460741599913,0.0002056913604213,0.0061781666606256,0.6169599460734021,0.7765397245928841,0.9147446742819696,1.026081968514745,1.0733577589451422,0.0001288788898905,0.0002818750560269,0.0001540252149131,0.0002775640702861,0.0111000332336324,0.0333333333333333,0.8661378289495447,,0.6097778992738383,0.0040714677799678,0.6305721889554224,0.4329926178307779,4.117041877319599,0.0104685942173479,0.2559523809523809,59.26456525895928,161.0568326597972,0.0278406953104978,0.6665004985044866,0.1045918367346938,1360.0,875.0,24.92156467267982,16.034094918084442,6.0532696570249644,3.56253430747184,1.5542857142857145,3.7796610169491527,2.5935374149659864,151.53256255862567,245.61166980619075,0.6744613698436515,1.0,224.67196689671465,245.61166980619075,0.98257692758318,0.9611553100282796,0.9999914248068384,0.9976203688886716,0.8222735985038814,0.217703616747722,0.5509452989008147,0.2713282996030667,1.4107097299085094,0.479660593960569,0.1491265445249254,1.1687186450312286,137.0,1.0,3791.0,1525.0,2006.0,1176.0,3.4840036224960724,3.524960393715005,0.0885314358486135,0.0525920010949049,0.0,0.000655737704918,4.500755230470489,0.0114656031904287,0.6394557823129252
Görlitz,gorlitz,DE,oecd_fua,2016,9.6,,employed persons commuting to work,commute_mode_share,oecd_fua,,FUA code DE071F,"Görlitz, Germany",DE,False,0.5.0,0.0007790488188123,0.0271229861019329,5.215106198526224e-05,0.0082132056255685,0.0958238678135052,0.832128037636865,0.6649959163032577,1.0532084991983697,1.0855880749094204,7.128499963657312e-05,0.0002233656970879,5.605227903859277e-05,0.0002403583104867,0.0056277056277056,0.0360984848484848,0.6983690257017188,0.4983330871016398,0.6231709972322657,0.0093124981644513,0.6141493055555556,0.4328018223234624,2.1165547627055807,0.0129870129870129,0.2647727272727272,100.9314085236927,188.3904763180847,0.1117985894113668,0.6428571428571429,0.1193181818181818,505.0,647.0,7.484074705582346,9.58850759309263,3.535970265194317,3.012593156200014,0.7805255023183926,3.675324675324675,2.590909090909091,20.579626674031285,214.40714821562736,0.1440969267092563,0.99833308710164,142.81794306102518,214.76514300261653,0.9722972677055812,0.9556327613799032,0.9999598303280296,0.9975620100278964,0.8331479558567152,0.5360895779500431,0.4883964297069048,0.3447515261498103,1.4931847776138156,0.4781758957654723,0.1492877492877493,1.1223938775894802,89.0,2.0,1415.0,1140.0,770.0,880.0,3.4260897198236906,3.5210070686836787,0.1381646530876672,0.0560913319884073,0.0,0.0043859649122807,3.182808662151797,0.0129870129870129,0.615909090909091
Münster,munster,DE,oecd_fua,2016,28.4,,employed persons commuting to work,commute_mode_share,oecd_fua,,FUA code DE083F,"Münster, Germany",DE,False,,0.0069293362926768,0.0076113482610202,0.0003422796227962,0.0006563832925314,0.625032688124709,,0.9499669904063854,1.0455820958433275,1.0830490861877238,8.126761125725468e-05,0.0001218958253985,9.513634266448243e-05,0.0001201377830088,0.0085667169769131,0.025230987917555,0.8917393051992526,,0.5033723677850387,0.0008036758542495,,,,0.0183632399798759,0.3060521567984254,60.75388244385015,165.0899227104717,0.0130087875184393,0.4611772597685729,0.0839757257667705,6014.0,4231.0,,,5.087867932536509,3.400352539329897,,3.2627871876572194,2.4723634574380844,,,0.6579520072137737,0.9999999999999988,1182.0275368275484,1244.2827474688252,0.9830358145776242,0.9595883779582146,0.9999781222604218,0.9988627402821648,0.4591493029991638,0.017788944723618,,,,,,1.0850993707904852,595.0,1.0,19456.0,7537.0,11926.0,6097.0,3.564495278745458,3.557703300005072,,,0.000719572368421,0.0017248242006103,,0.0430991111856448,0.609972117434804
Chemnitz,chemnitz,DE,oecd_fua,2016,5.8,,employed persons commuting to work,commute_mode_share,oecd_fua,,FUA code DE084F,"Chemnitz, Germany",DE,False,0.5.0,0.0006695780831629,0.0111708813054021,1.6711926681044509e-06,0.0018391903677973,0.1066713400881231,0.9668346144961766,0.647089422226412,1.0460889857755484,1.0904876573302165,3.5023420655949554e-05,0.000130025338704,2.651235738791859e-05,0.0001293886787946,0.0127487821851078,0.0293340427418639,0.7645883528002124,,0.922413158974684,0.0011326068275046,0.6186299081035923,0.4241859639783515,2.585703958206593,0.0171189979123173,0.2859803139132748,64.29523920463255,184.6724372965744,0.0157470840043736,0.5812108559498956,0.1154562383612663,2833.0,2683.0,12.821541708334337,12.142674339379113,4.958627095588767,3.038784118195064,1.0559075661572863,3.710229645093946,2.543761638733706,94.18214467516276,882.9189227149243,0.1648479119332592,1.0000000000000029,571.3274955723649,882.9189227149219,0.972453145069376,0.955651716388018,0.9999464155742326,0.9978060877989092,0.8458671160571852,0.3847073186403649,0.572679149524114,0.2731879665330712,1.376395440481291,0.4828198433420365,0.1361639824304538,1.1525762141855245,527.0,1.0,8886.0,4781.0,4790.0,3759.0,3.568965737781216,3.570138507173747,0.0132030240762558,0.0121423090163567,0.0004501462975467,0.0025099351600083,3.995898973761733,0.0102296450939457,0.5982974195264698
Aachen,aachen,DE,oecd_fua,2016,5.9,,employed persons commuting to work,commute_mode_share,oecd_fua,,FUA code DE086F,"Aachen, Germany",DE,False,0.5.0,0.0005525732571964,0.0117751909586873,9.269355220816876e-06,0.0023178165371644,0.0869584369262171,0.8609166760126653,0.6238526521196248,1.0354688095636988,1.0704425806148967,3.399716215266366e-05,0.0001524292465584,2.5551226125129377e-05,0.0001508257579167,0.0086261690729138,0.0236048749198203,0.7988186370784329,0.4986969882637884,0.8053727633304121,0.0028628714207896,0.5654583446897429,0.4250106974753958,2.708377430604272,0.022337237809861,0.2761385503527902,70.02298079861936,175.83672546830894,0.022955985610333,0.5679651321165895,0.0987812700449005,2170.0,2257.0,13.48524191304171,14.025894469002369,4.9790851750056815,3.230750398361151,0.9614532565352236,3.3909016616725687,2.5484284797947403,60.74910406016838,697.6890271853811,0.1393893840649132,0.99869698826379,435.82303249060686,698.5993102855914,0.9767665978925526,0.9645682373357554,0.9998989304373684,0.9969964652258212,0.7558403840591634,0.1682080028932344,0.4966183552573032,0.2592220288018603,1.447022320090586,0.3958020989505247,0.1375381158722516,1.164395233276091,351.0,2.0,6224.0,3973.0,3671.0,3118.0,3.558303823573115,3.554245109339223,0.0228200905425631,0.0264686827476808,0.0009640102827763,0.0012584948401711,4.341373594232851,0.023154453827295,0.6250801796023092
Kassel,kassel,DE,oecd_fua,2016,5.6,,employed persons commuting to work,commute_mode_share,oecd_fua,,FUA code DE091F,"Kassel, Germany",DE,False,0.5.0,0.0019749911665198,0.0124488749285718,1.528584245254759e-05,0.0025358554939721,0.2076065469059174,0.9599358526599976,0.5640464176529186,1.0285883647989358,1.0692495339488033,5.873460167471513e-05,0.0001856282334734,5.824903997802342e-05,0.0001836575967884,0.0086642231724699,0.0316971544715447,0.796946117991024,0.4986071688899727,0.7675930227946446,0.0031718541737926,0.6005501222493888,0.4472239170225747,3.333283584744509,0.0229077580940745,0.2228658536585366,60.33201344296749,143.3710804961145,0.0334800711311333,0.6383628588882101,0.1262195121951219,2146.0,2549.0,20.112698929662645,23.8896875916636,6.033899732297829,4.042528144498711,0.8418987838367987,3.601099572388516,2.6817073170731707,130.90548022116616,629.6677679200643,0.3680664222100714,0.9986071688899736,355.6572192462934,630.5460120219116,0.98468033365065,0.9677302812811706,0.999881844360505,0.999495959174632,0.8484203045604337,0.4653971612448206,0.4749145519901654,0.3735057525702684,1.3446362263801983,0.4423047531713281,0.1708619374523264,1.130800148303878,273.0,2.0,5895.0,4398.0,3274.0,3280.0,3.5580400887566044,3.539771435534488,0.0230573829872354,0.0394242713239784,0.0,0.0004547521600727,5.909590913837907,0.0171044593769089,0.6509146341463414
Heidelberg,heidelberg,DE,oecd_fua,2016,11.7,,employed persons commuting to work,commute_mode_share,oecd_fua,,FUA code DE100F,"Heidelberg, Germany",DE,False,0.5.0,0.0046211173392171,0.017139108462376,3.93482864525948e-05,0.0042518534381809,0.2271012363750955,0.957129258599276,0.6086248257324072,1.0225266296876463,1.09207882455332,0.0001014293042825,0.0001999317101672,7.879073252218162e-05,0.0002010288150432,0.0075757575757575,0.0235671936758893,0.8346759523854144,0.4999253706671949,0.8753540279915295,0.0048432926612773,0.5597213685720139,0.4607649192218925,2.3110085440112376,0.042997542997543,0.1996047430830039,45.99686744366074,147.74318966561586,0.0541097614449217,0.5282555282555282,0.1595849802371541,1828.0,1620.0,16.808880753444473,14.89627287777902,7.273396196220527,3.9230670556346303,1.128395061728395,3.3562653562653564,2.7618577075098814,93.77968760417716,412.91139751339466,0.3731383058550172,0.9999253706671936,251.3268837121623,412.9422151153963,0.9871493718488712,0.966730656373889,0.999999947705312,0.9996753711112252,0.8052586377186265,0.5561075666964131,0.4620851617360355,0.3431734759825911,1.2832628605947705,0.3731366220992777,0.1911946574325995,1.103868155515904,220.0,2.0,5464.0,2795.0,3256.0,2024.0,3.472961664489092,3.461539287372527,0.098101788824063,0.1079487112201805,0.0,0.0007155635062611,3.7970987155021407,0.0331695331695331,0.6408102766798419
Bremerhaven,bremerhaven,DE,oecd_fua,2016,11.6,,employed persons commuting to work,commute_mode_share,oecd_fua,,FUA code DE105F,"Bremerhaven, Germany",DE,False,0.5.0,0.0224040474975332,0.0210102921425929,0.0024638869041543,0.0048637809461466,0.4890374080570253,0.6028710391807889,0.7096153907174306,1.026129593692347,1.0720074333353138,0.0001063457515349,0.0001968950581992,0.0001218577538532,0.0001981346200286,0.0089997251992305,0.0421118906278107,0.8951171848216244,,0.2678495313202578,0.0023465450595222,0.6266501650165016,0.4745182784080677,3.521430459479455,0.0094806265457543,0.1624392876416621,66.36133275507443,161.72996117256915,0.0291560595481714,0.7197032151690025,0.1672962763086886,1787.0,1552.0,20.808920014707216,18.07243640896788,5.909223610732109,3.641837932378594,1.1514175257731958,3.7568013190436935,2.8440366972477062,208.40742267978592,426.15844768972056,0.6891584010918956,1.000000000000002,302.4085933648742,426.1584476897197,0.9900601267711912,0.9692719025073524,1.0,0.9999831312379874,0.7752883509340146,0.082084582084582,0.4570714253286357,0.318216925605379,1.5165903099585782,0.4563647617082731,0.2115644420426911,1.1515640437840364,81.0,1.0,4557.0,2635.0,2426.0,1853.0,3.4802546608706817,3.4751229558044816,0.0917864219418953,0.0962325169420456,0.0,0.0015180265654648,4.962449385320182,0.0169002473206924,0.6702644360496492
Heilbronn,heilbronn,DE,oecd_fua,2016,4.5,,employed persons commuting to work,commute_mode_share,oecd_fua,,FUA code DE107F,"Heilbronn, Germany",DE,False,0.5.0,0.0035014835596632,0.0151007300992253,2.4645713132698466e-06,0.0038250684877639,0.3312645674417591,0.9931224266930097,0.7999422622605102,1.0395742845941882,1.0798564825879122,6.355149682320155e-05,0.0001901519282323,5.166806925958786e-05,0.0001988477496127,0.0091617933723196,0.0381441693912501,0.8071127877172881,,1.1477930792330928,0.0025363762221234,0.6146186223180372,0.4541062801932367,3.159355852007251,0.0098491843644198,0.2013078000934142,52.67878025753343,135.29968311264875,0.0267808045907823,0.6078793474915358,0.1237739374124241,1993.0,1710.0,19.96461203332765,17.129697228795926,6.319203334009818,4.337203339831045,1.1654970760233918,3.685441674361342,2.722092480149463,130.60545377784263,394.2632765902586,0.4141105965643794,1.0000000000000009,315.3878574018526,394.2632765902584,0.9758527639122756,0.9613894654598618,0.9999998210808064,0.9994205700032452,0.8458098676914452,0.457025955760133,0.5052736069942281,0.3405362606972171,1.333685104809152,0.4774372401047281,0.1809679682020107,1.1144762672712234,362.0,1.0,5987.0,2914.0,3249.0,2141.0,3.4914296607936,3.482316673228965,0.0820666876110618,0.0899968276410666,0.0,0.0034317089910775,3.949479857557984,0.0055401662049861,0.6749182624941616
Ingolstadt,ingolstadt,DE,oecd_fua,2016,11.2,,employed persons commuting to work,commute_mode_share,oecd_fua,,FUA code DE112F,"Ingolstadt, Germany",DE,False,0.5.0,0.0109322679649516,0.0149748299998061,0.0012911448696976,0.0026823925359879,0.7380505711279929,0.9548112720463284,1.0045902457759706,1.0234013107789837,1.089545662380148,0.0001358458477287,0.0001580527976606,0.0001592287218232,0.0001583011523777,0.0115862905671822,0.0491347905282331,0.906646851906738,,0.3433492482611144,0.0017508898766377,0.6596874525868609,0.4626338573706994,4.301256960970357,0.0100090991810737,0.1697404371584699,65.9797391460088,140.63978013943824,0.0213021985007216,0.7381710646041856,0.110655737704918,3320.0,2431.0,24.888764987318943,18.22427339884709,5.786393422471574,4.256413290106259,1.3656931303990127,3.956323930846224,2.773907103825137,421.5288356942799,571.1381471462582,0.7346782175432174,0.9999999999999992,573.7598116136926,571.1381471462587,0.9866458246649012,0.9596981825011596,0.9999859633477896,0.9989782411422252,0.8015307263747646,0.50552510664152,0.5040349150456171,0.2974958113291474,1.1180756052435474,0.5117787640833049,0.1938130234148009,1.069169475929472,197.0,1.0,8696.0,4061.0,4396.0,2928.0,3.555986178238115,3.5396930131593267,0.0249043799456936,0.0394942319095038,0.0,0.0017237133710908,4.281603349281933,0.0170609645131938,0.719603825136612
Gera,gera,DE,oecd_fua,2016,5.0,,employed persons commuting to work,commute_mode_share,oecd_fua,,FUA code DE113F,"Gera, Germany",DE,False,0.5.0,0.0050897554517236,0.0165201219773074,8.172353554111896e-05,0.0028457046300505,0.1469965186457383,0.9515457356539124,0.4093209754244438,1.046839230147383,1.088893456766156,0.0001054642269296,0.0001510426308534,0.0001125602977945,0.0001527669663419,0.0126019273535952,0.0340923772609819,0.7735866200209645,0.6665090078247966,0.5746995413901879,0.006415543005213,0.6327641672853254,0.4138376980278047,1.256474462274899,0.0081541882876204,0.311531007751938,74.85505030624147,182.66185715656064,0.036014015544376,0.6953298739807264,0.1027131782945736,941.0,1421.0,6.1771970427348455,9.328158339772813,4.916293349528789,3.03882887013592,0.6622097114707952,3.7909562638991847,2.48062015503876,68.73768215393167,467.5321334658124,0.3591228582735366,0.9998241695229774,191.40436363305943,467.61435432079526,0.974646238292661,0.9534076427319784,0.9998711025640734,0.9958481020738038,0.7855857491029381,0.3633422835954482,0.4212317546089156,0.3643539944940224,1.4402314879997815,0.4894170070553286,0.1210283773951006,1.100177850353894,110.0,3.0,2557.0,2560.0,1349.0,2064.0,3.504015118185053,3.545820505448682,0.0710582322625138,0.0340202196910164,0.0,0.002734375,3.0696556925088,0.0022238695329873,0.5857558139534884
Cottbus,cottbus,DE,oecd_fua,2016,19.4,,employed persons commuting to work,commute_mode_share,oecd_fua,,FUA code DE117F,"Cottbus, Germany",DE,False,0.5.0,0.0150584814356234,0.0161452736457024,0.0023721443664931,0.0031753812205186,0.5749985341613058,0.9943329280217932,0.8510145246594915,1.0213755026853533,1.0843785351959827,0.0001662729870802,0.0001780415856114,0.0001883365032712,0.0001767992912618,0.0059840425531914,0.0517405063291139,0.8950028769352019,,0.3374316305306844,0.0021920551042835,0.580339985218034,0.447553678282295,2.3457445975794684,0.0115248226950354,0.2246835443037974,49.44304555002982,179.39162855391774,0.0136759260612587,0.6008421985815603,0.1308016877637131,2811.0,1470.0,16.984629014530253,8.882036517737273,7.240613079555374,3.2223210032968463,1.912244897959184,3.480496453900709,2.682489451476793,262.3102553570308,456.1929114126127,0.6756624211453671,0.9999999999999996,388.2267936588342,456.1929114126128,0.9894212654073368,0.9555420299951743,1.0,0.9998243719460445,0.8261060467984551,0.7167322759895194,0.5470363320912496,0.2790697147072055,1.1136286125641208,0.3848541966958643,0.171111697913916,1.0727763547379916,131.0,1.0,7852.0,2543.0,4512.0,1896.0,3.528983172503473,3.523010707886716,0.0490245462953522,0.0543185969796948,0.0,0.0043255996854109,2.756409590680076,0.0221631205673758,0.6445147679324894
Hildesheim,hildesheim,DE,oecd_fua,2016,10.4,,employed persons commuting to work,commute_mode_share,oecd_fua,,FUA code DE120F,"Hildesheim, Germany",DE,False,0.5.0,0.0049585401672119,0.0154421625544267,7.602762631770264e-05,0.0029433414658035,0.378466702919348,0.9530832524648664,0.8613796870670076,1.0335036215840188,1.095116082989751,6.871098334690134e-05,0.0002029659444614,5.4056847962588586e-05,0.0002029602534683,0.0080305232558139,0.0295458117240295,0.822416376666099,,0.5952218210232525,0.0026843559472694,0.607030303030303,0.4240994179644486,3.4827902365052643,0.0207122093023255,0.2772277227722772,64.07523428865159,138.17835212313844,0.0198153958981014,0.6217296511627907,0.0957095709570957,1777.0,1533.0,19.286802047589862,16.638529847470604,5.537744376745129,4.115117667164057,1.1591650358773646,3.63953488372093,2.542197076850542,140.98976080438533,372.5288373239809,0.4393726815268012,0.9999999999999992,320.88877331756714,372.5288373239813,0.9798795749410112,0.9593693695456296,0.9999997666520246,0.9987977417216972,0.8440145994125522,0.5839523367378521,0.4871684180229099,0.3568461813896424,1.230218415439947,0.4449899981814875,0.1359452442766108,1.1114590866948442,191.0,1.0,5008.0,2696.0,2752.0,2121.0,3.5386003816153933,3.4980341211774166,0.0404687032618189,0.0762979713728977,0.0,0.0014836795252225,4.04326952306496,0.0239825581395348,0.6270627062706271
Jena,jena,DE,oecd_fua,2016,10.6,,employed persons commuting to work,commute_mode_share,oecd_fua,,FUA code DE125F,"Jena, Germany",DE,False,0.5.0,0.0002059447008982,0.0177569738932497,1.0277486872342962e-05,0.0030708977542448,0.0428312559804097,0.9616761256679016,0.5355761341691326,1.033797655878548,1.111462423012952,5.094900051854975e-05,0.0001864767032411,4.202578950995458e-05,0.0001888407383894,0.0041901829998289,0.0406761753829899,0.7003273078644894,,1.0895347840187544,0.0027267702227456,0.6062318096216401,0.4341618191433104,1.7173546280585124,0.0056439199589533,0.248283148441627,55.46854151002143,148.89737639414696,0.0601882997351991,0.6880451513596716,0.0972002113048071,1345.0,1423.0,11.760061575067205,12.442057711019055,6.847777030398246,3.8801940269670334,0.9451862262825016,3.6336582863006672,2.602218700475436,15.707688027076296,366.7342380587836,0.0799723013178249,0.999999999999999,196.41410548698587,366.734238058784,0.9815226436308158,0.94997226493896,0.9998859638466328,0.9960588444697408,0.8410019073136695,0.677787640415047,0.4849225576678359,0.3560793496458336,1.2867215111634611,0.4639095812997688,0.151018249140439,1.1053606895344772,214.0,1.0,3541.0,2463.0,1949.0,1893.0,3.5543974026018867,3.558388942126818,0.026331901533197,0.0227434999274417,0.0,0.003248071457572,3.206555554837661,0.0020523345305284,0.6545166402535658
Helsinki,helsinki,FI,oecd_fua,2018,13.0,,employed persons commuting to work,commute_mode_share,oecd_fua,,FUA code FI001F,"Helsinki, Finland",FI,False,0.5.0,0.0040653289332039,0.0074192895135284,0.0001650767314892,0.0004919477135498,2.4275231686954584,0.9995174850952931,2.664839924855551,1.0234598124901069,1.07247894075299,7.971854022236918e-05,9.92219342596088e-05,8.727937720016199e-05,9.991970441961344e-05,0.013515381704939,0.0193115666919767,0.9682613318733766,0.8325393951605218,0.3079145324169997,0.0047521791858767,0.7002546751073274,0.4092359106790217,4.69071044071578,0.0086876800838208,0.326044039483675,34.96165681667705,156.22106582344043,0.0052822649370093,0.7988518292150528,0.1053910402429764,36798.0,4438.0,51.30187884928232,6.187231325971926,10.936910196796097,3.515028537820159,8.291572780531771,4.20134462586222,2.454669703872437,3064.9389348490254,1260.8457445203048,0.9109452114002844,0.9986274839517748,3364.5700054097324,1262.5786539850458,0.988800981313746,0.9635177434196096,0.999998790940072,0.9972419952590444,0.8717254419075782,0.6892115915954508,0.7033740427912569,0.1683513991163213,1.0327390259242657,0.5616738886038922,0.1141663501709077,1.0425724145528077,1036.0,6.0,96236.0,8082.0,45812.0,6585.0,3.579826406096971,3.5701590509890537,0.0033582635710792,0.0121237230184083,2.0782243651024563e-05,0.0007423904974016,1.7602222170887212,0.0043874967257487,0.5685649202733485
Bordeaux,bordeaux,FR,oecd_fua,2022,7.2,,employed persons commuting to work,commute_mode_share,oecd_fua,,FUA code FR005F,"Bordeaux, France",FR,False,0.5.0,0.0005283800665973,0.0129968363520177,1.1428567625292602e-05,0.0049693086610208,0.0567033283026444,0.9818573075820668,0.3268952900651728,1.0463300680477945,1.0401153954368338,6.060234957105808e-05,0.0002551254882465,5.422190598964704e-05,0.0002569794276744,0.0057480635955972,0.0370717395419269,0.8176073938509227,,1.2084219889812389,0.0018900835244457,0.5552835577315381,0.5014204545454546,3.4596187898005057,0.0949857317570322,0.0885860306643952,42.35925242696938,99.92014120583931,0.0424081323130907,0.5642070933550755,0.1788756388415673,1450.0,3210.0,29.004713673095747,64.21043509699128,8.38378891876936,6.067168113470757,0.4517133956386293,3.3289849164288627,3.006814310051108,30.000435202604656,529.0771476849186,0.1734602180757621,0.9999999999999988,172.95282765931594,529.0771476849192,0.9817515029755022,0.9778294970904076,0.9999999985989928,0.9997325945757688,0.805090869460004,0.1858270676691729,0.4978471868497235,0.3072436826102803,1.5358858589495326,0.3752295449908182,0.2520244352891035,1.1374547257384386,209.0,1.0,4083.0,5295.0,2453.0,3522.0,3.529658103989477,3.560116978461969,0.0484253511525888,0.021187944748197,0.0,0.0009442870632672,10.583262882468464,0.0269058295964125,0.7325383304940375
Nantes,nantes,FR,oecd_fua,2022,7.0,,employed persons commuting to work,commute_mode_share,oecd_fua,,FUA code FR007F,"Nantes, France",FR,False,,0.0012268835637827,0.0106647452771825,2.235885814657696e-06,0.001999553571695,0.2002163818356347,,0.649105903849324,1.0429914295129927,1.065990706080529,5.89297744764465e-05,0.000200770157498,2.689946113807743e-05,0.0002007925015975,0.0107076350093109,0.0238519934172108,0.7884498853695934,0.4994634080613371,1.056098260784591,0.0031230962010035,,,,0.053072625698324,0.2570791527313266,43.44038226116114,109.73100337752972,0.0282787063206812,0.5865921787709497,0.1090301003344481,3267.0,3331.0,,,7.859391840508563,5.201516722771426,,3.5638733705772814,2.602452619843924,,,0.3084494851276391,0.9994634080613332,415.6810178570509,640.3901357112635,0.9785325609032144,0.965512651415569,0.9999111776163978,0.9987932476544712,0.7506930400826137,0.1399497487437186,,,,,,1.0904714759579512,439.0,2.0,9569.0,5836.0,5370.0,4485.0,3.565335103828517,3.577133428715053,,,0.0002090082558261,0.0011994516792323,,0.0217877094972067,0.6336677814938685
Strasbourg,strasbourg,FR,oecd_fua,2022,10.3,,employed persons commuting to work,commute_mode_share,oecd_fua,,FUA code FR009F,"Strasbourg, France",FR,False,,0.0108059522886079,0.0138442877630712,0.0009788483584904,0.003346792579229,0.7494874392432225,,1.065251426980074,1.0420286039582822,1.0792269044187288,0.0001370915371458,0.0002129508085942,0.0001509759605628,0.0002055992574119,0.0036800894854586,0.0308700564971751,0.9214235764260346,0.4995721755536171,0.3551183110025629,0.0038211140155781,,,,0.034228187919463,0.1749152542372881,51.24638422723677,127.59813983051151,0.0224510494305438,0.6454697986577181,0.1271186440677966,4012.0,2434.0,,,7.195629614860013,4.650295756958573,,3.651006711409396,2.7810169491525425,,,0.7035779725430417,0.9995721755536184,557.5606603923361,523.4075695847582,0.98498122688974,0.962636211555931,0.9999957343729808,0.9987636509448304,0.5878422014517075,0.0538693467336683,,,,,,1.0749668880614387,198.0,2.0,10880.0,4102.0,5960.0,2950.0,3.569100119092385,3.5691548291035,,,0.0,0.0021940516821062,,0.0276845637583892,0.6979661016949152
Grenoble,grenoble,FR,oecd_fua,2022,9.8,,employed persons commuting to work,commute_mode_share,oecd_fua,,FUA code FR012F,"Grenoble, France",FR,False,0.5.0,0.0076557068989853,0.0197750018005147,0.0001671681338452,0.0107776665623103,0.4756867146978771,0.9922928822326894,0.880479751451803,1.0206919063971058,1.0593869293564673,0.000110426226218,0.0004379761939471,0.000117787775691,0.0004411121335602,0.0067134268537074,0.0452177103718199,0.8701466242681732,0.4996649908075279,0.8044025537630656,0.0101907936777625,0.6175356506238859,0.490566037735849,9.31696165741747,0.0561122244488977,0.1172945205479452,31.174283527949505,114.36804652854616,0.0480104212684529,0.6479625918503674,0.1660958904109589,2008.0,1031.0,108.26713815167388,55.589352307956055,11.620434014073638,5.2533541408866125,1.947623666343356,3.702738810955244,2.9383561643835616,93.35616630839598,196.18982042368435,0.5402585509928288,0.9996649908075296,172.7990535954241,196.25556784298524,0.9901180408401528,0.9741624592469112,1.0,0.9998081735557888,0.7963812138000003,0.5165727628039186,0.558791807777339,0.2375894060226611,1.2506481987650353,0.4492729399966572,0.2359502359502359,1.1244338895439143,139.0,2.0,5543.0,1716.0,2994.0,1168.0,3.508515519009141,3.525373749531942,0.0671058202907393,0.0522257405879242,0.0,0.0011655011655011,10.58168758799387,0.0227120908483633,0.7166095890410958
Rennes,rennes,FR,oecd_fua,2022,5.6,,employed persons commuting to work,commute_mode_share,oecd_fua,,FUA code FR016F,"Rennes, France",FR,False,,0.0001334321526514,0.0130189905908891,1.8574411743854983e-06,0.003207919990707,0.080745114089106,,0.7273047815417069,1.0445350243865243,1.0807462308526563,3.6548524613575214e-05,0.0002637435555572,3.3363458911366216e-05,0.000259263429602,0.0090873936581593,0.0231720240197809,0.7821007757113452,0.4997874301881453,1.2263622544369608,0.0045623484989988,,,,0.0703016241299303,0.2543270929000353,43.74113339528694,118.76746702512004,0.0386809680509111,0.5394431554524362,0.1109148710702931,2439.0,2111.0,,,7.649865827549226,4.815558840693251,,3.382366589327146,2.607559166372307,,,0.1110196387241485,0.9997874301881474,318.82912131824645,438.3707207897181,0.9771547187698388,0.9618966715429704,0.9999695316864644,0.9993177857857228,0.5482156398965938,0.0334170854271356,,,,,,1.093649349129668,391.0,2.0,7289.0,3691.0,4310.0,2831.0,3.529767346265396,3.497445660967991,,,0.0,0.0016255757247358,,0.0264501160092807,0.6347580360296715
Dijon,dijon,FR,oecd_fua,2022,4.8,,employed persons commuting to work,commute_mode_share,oecd_fua,,FUA code FR020F,"Dijon, France",FR,False,0.5.0,0.0152649038720448,0.0157939692093992,0.0004855230847605,0.005742207075249,0.2024247244071317,0.9869344939538024,0.3735643930293318,1.0308652957489903,1.0669231078078194,0.0001195148313868,0.0003021172803659,0.0001163316581737,0.0003037206583079,0.0049101352603298,0.034087694483734,0.8621760079072607,0.4994149417625246,0.6208667659296674,0.0054572639192141,0.5818957521795586,0.4734937863772219,3.280763215091902,0.0583657587548638,0.1626591230551626,43.64213553207418,121.75548719626688,0.0744346448578931,0.6331295163979989,0.1532296086751532,1203.0,1776.0,28.828364318865383,42.55958024131749,8.787090816628117,4.846050360262145,0.6773648648648649,3.4874930516953864,2.8382838283828384,74.18542603168872,366.26960196803,0.5418737122283428,0.9994149417625252,136.90537916411668,366.4840164607633,0.9799156791093606,0.9682011800983434,0.99989588557474,0.9995949156555864,0.7902252732325106,0.4469868270926252,0.4177046527267856,0.372520620505725,1.2776981705482084,0.3960478708600056,0.2102902997403823,1.1662023594569693,85.0,2.0,3137.0,3010.0,1799.0,2121.0,3.4776716757520383,3.554485324679284,0.094025676691983,0.0262529305100827,0.0003187759005419,0.0026578073089701,8.782323145113835,0.0355753196220122,0.6841112682696842
Clermont-Ferrand,clermont-ferrand,FR,oecd_fua,2022,2.6,,employed persons commuting to work,commute_mode_share,oecd_fua,,FUA code FR021F,"Clermont-Ferrand, France",FR,False,0.5.0,0.0017353962826812,0.0131783463530084,7.402227432476755e-05,0.0045353097426935,0.0609593876834387,0.975339975390404,0.2960957384338867,1.028480954781579,1.070231316446414,7.657776686564963e-05,0.0002932987122405,7.128857074102817e-05,0.0002936278162161,0.0045993031358885,0.0287562604340567,0.771538269403605,0.4999181538811525,0.8318442056955193,0.0050266433540278,0.5710630379157944,0.4590643274853801,2.733664710509673,0.0536585365853658,0.1999165275459098,47.98799262118008,120.67935376679266,0.0424422908918357,0.5909407665505226,0.1452420701168614,877.0,1917.0,20.349828799309392,44.48189487830799,7.444156820356842,4.818037654835697,0.4574856546687532,3.421602787456446,2.7520868113522536,24.25451076993236,397.8472644493143,0.2058772882239571,0.9999181538811536,117.81052188499709,397.8798293691154,0.9801026473476824,0.9678345034977412,0.9999395171878452,0.9989548816218462,0.7397368776488235,0.3515851180521839,0.4381629741187194,0.301573903530104,1.5177078824694243,0.3902268760907504,0.1886358888656778,1.1327315626396754,98.0,2.0,2455.0,3297.0,1435.0,2396.0,3.488570278529831,3.4804818147959327,0.0845586316370984,0.0915893642715607,0.0,0.0009099181073703,9.232367628688634,0.0202090592334494,0.6548414023372288
Angers,angers,FR,oecd_fua,2022,5.5,,employed persons commuting to work,commute_mode_share,oecd_fua,,FUA code FR024F,"Angers, France",FR,False,0.5.0,0.0001733220719301,0.0132917978553709,2.320185224870893e-06,0.0035058355155269,0.1242096086110064,0.9924273815482848,0.6057194754260021,1.0320808717041452,1.0745810819341528,4.91421038269217e-05,0.0002624370664499,4.7754200524249736e-05,0.0002538155785026,0.0056988312566405,0.0313771213887809,0.7757160765195803,0.7498036610143335,1.4116981807610027,0.0101796795417904,0.5890596308108631,0.4513159600674186,5.347003779877115,0.0553462764416111,0.2129809560823941,39.05024045204374,112.88126339352274,0.0109487383494536,0.6006954505940307,0.1255343956471045,2128.0,2024.0,47.80625155430661,45.46985580165253,8.940755144819684,5.150917848145958,1.051383399209486,3.532309475514344,2.7057909055577145,48.80688359632199,392.8310926184856,0.205061276135541,0.999723659226895,238.0112155552065,392.9396778728527,0.9829432390262492,0.96241479195727,0.9998343203671464,0.9982127046289816,0.8395876996768592,0.5126317971804288,0.4946558469614399,0.3449318527154192,1.420216238146079,0.4320719153255038,0.1773973935032095,1.14749638809635,336.0,4.0,6095.0,3481.0,3451.0,2573.0,3.5060269470491545,3.5281186935769164,0.0692924096754552,0.0497917434684856,0.0,0.0025854639471416,8.827524946455734,0.0159374094465372,0.661095996890789
Caen,caen,FR,oecd_fua,2022,3.8,,employed persons commuting to work,commute_mode_share,oecd_fua,,FUA code FR031F,"Caen, France",FR,False,0.5.0,0.0077053255077111,0.0164791817462717,5.66037561134458e-05,0.0054822975362597,0.2598851023830292,0.997713482597024,0.5176085238118479,1.037350260833083,1.0720338699990295,9.144802876590456e-05,0.0003080577944356,9.144686287542036e-05,0.0002958690750998,0.0021594032194738,0.0415976440272409,0.8368409555383589,,0.9897357232987236,0.0034614570723007,0.5696136214800261,0.4641606780910263,5.811799466726014,0.0628190027483313,0.1684152401987852,34.38373585973408,114.6866540425306,0.0310089937192074,0.6038476639183353,0.1170623964660408,1609.0,1506.0,62.53514991977931,58.53196754455416,10.760032289105718,5.212954350884856,1.0683930942895086,3.414998036906164,2.781888459414688,75.07968377325369,288.89568153313445,0.5020881427321668,0.9999999999999994,149.53486725398352,288.8956815331346,0.98488474803963,0.9643744492803578,0.9999943541020538,0.998887681039376,0.7739804872321272,0.1986728285341865,0.5185921708138831,0.2553883164182439,1.396140206868535,0.3831794065631754,0.1960188001105889,1.1889920796315132,148.0,1.0,4349.0,2519.0,2547.0,1811.0,3.5342534478086614,3.537662584529379,0.0443406498766413,0.0413046899721368,0.0,0.000396982929734,11.22817573390391,0.027875932469572,0.7145223633351739
Brest,brest,FR,oecd_fua,2022,3.2,,employed persons commuting to work,commute_mode_share,oecd_fua,,FUA code FR034F,"Brest, France",FR,False,0.5.0,0.0017926477026852,0.0105084423237077,5.867503224099338e-05,0.0024586368530309,0.058785641188017,0.953136587192004,0.2340681224269778,1.0342509618823048,1.0835814336531258,7.095681296943876e-05,0.0002530719780193,7.234812927812352e-05,0.0002566041853401,0.0027287993282955,0.0256281407035175,0.7462479333940144,,1.2734292582737847,0.0019609815495244,0.5105086170659942,0.4364839953075247,2.407733104784384,0.0579345088161209,0.2542713567839196,49.1406898762612,97.89762029728216,0.0480596487208712,0.4609571788413098,0.1228643216080402,792.0,2968.0,15.975878968049194,59.86920300147728,6.635236661531826,5.820193238988713,0.2668463611859838,3.05919395465995,2.6175879396984927,29.977661545194792,509.94870412854175,0.2511475743834208,0.999999999999998,119.36273570943844,509.9487041285427,0.9797892951962714,0.9575187158529744,0.9999088779571168,0.9992613350485394,0.7780943442859245,0.437482427601719,0.3327090987200482,0.4453852455658764,1.4345246091342108,0.3131504257332071,0.1546197360150848,1.1720964018500684,152.0,1.0,2429.0,5209.0,1588.0,3980.0,3.483120764146413,3.5542598656549105,0.0892984899980636,0.026455429878028,0.0,0.0021117296985985,10.286463102362534,0.0377833753148614,0.6228643216080402
Amiens,amiens,FR,oecd_fua,2022,3.4,,employed persons commuting to work,commute_mode_share,oecd_fua,,FUA code FR035F,"Amiens, France",FR,False,0.5.0,0.0006495047755977,0.0145540041043543,4.444441959968383e-05,0.0043354020222987,0.0936816432484493,0.9762460983485358,0.4942276709480423,1.0318806896427373,1.0685463343756447,7.511036685528793e-05,0.0002852427420901,6.53335831932702e-05,0.0002814923361195,0.0058108821975699,0.0342342342342342,0.7942928576769674,,0.817088031462046,0.0029052339190576,0.6010928961748634,0.441980783444198,3.373378673338166,0.0316957210776545,0.2255206025697829,49.887480630661926,115.11918484126892,0.0400720251622771,0.6286318013734813,0.0979175897208684,1215.0,1748.0,24.0932519250527,34.66255503291533,7.142172361340906,5.078348890512701,0.6950800915331807,3.6027469624933968,2.649534780682321,32.24581767200262,344.2063626753944,0.1895515948525228,1.0000000000000009,170.11630895055717,344.2063626753941,0.9822299619609502,0.9635276990643988,1.0,0.99957247987303,0.8045972838073125,0.4158697230577741,0.474011196674719,0.3305860871325934,1.3873865971317914,0.437979370536895,0.162785540031049,1.1246176037942557,139.0,1.0,3410.0,2990.0,1893.0,2257.0,3.50378035498804,3.5519241889214674,0.071264179388106,0.0285520135196183,0.0,0.0016722408026755,6.825556057731956,0.0132065504490227,0.6765618077093487
Dunkerque,dunkerque,FR,oecd_fua,2022,2.8,,employed persons commuting to work,commute_mode_share,oecd_fua,,FUA code FR036F,"Dunkerque, France",FR,False,0.5.0,0.0137229013295105,0.0199233039802627,0.0006430351267539,0.0051518351195121,0.4437762933841348,0.9780992751994612,0.6338041703250816,1.048964588461484,1.0650888001001433,0.0001546792421443,0.0002677993327942,0.000167780291464,0.0002720177313574,0.0065636424061149,0.0320212765957446,0.8944280311382071,0.6658863189073951,0.6237763567690214,0.0101372322120613,0.601962741184298,0.4840255591054313,4.470805253206728,0.0383848454636091,0.1335106382978723,51.82846769371212,108.5217333477065,0.0540247492839879,0.6036889332003988,0.1675531914893617,1247.0,1627.0,29.723178786310783,38.78076334027878,6.648283050350169,5.497758936341259,0.7664413030116779,3.608175473579262,2.901063829787234,131.33060901656995,295.62273306916416,0.7001788788428444,0.9989320974287792,187.5672245835441,295.93876683919564,0.9710974635972128,0.9680086939738208,0.9999943564528848,0.99989036464644,0.800751141065924,0.4868388683886839,0.4972294069446238,0.3035217341213003,1.2371914746650237,0.4317444472173696,0.2263648468708388,1.113071482912969,117.0,3.0,3619.0,2727.0,2006.0,1880.0,3.4813714616742075,3.41772091980407,0.0908173833813275,0.145221961053527,0.0005526388505111,0.0025669233590025,7.053922114323779,0.0179461615154536,0.6978723404255319
Annecy,annecy,FR,oecd_fua,2022,5.5,,employed persons commuting to work,commute_mode_share,oecd_fua,,FUA code FR038F,"Annecy, France",FR,False,0.5.0,0.0006848098213198,0.0164525519756601,2.706183324341727e-05,0.002795481140539,0.0592489297532695,0.9476415847544158,0.3066184854306258,1.0417840106788918,1.110001774756708,9.579132751996204e-05,0.0001975199419155,8.580476361971636e-05,0.0002009853020237,0.0064308681672025,0.0187886113349449,0.6768385477541279,0.798509912136508,1.1290690057500423,0.0122763627124021,0.5580596694569651,0.407258064516129,1.7873247647431794,0.0707395498392283,0.3211120064464142,48.03140370923886,134.41807277611446,0.0395506340391182,0.569774919614148,0.0781627719580983,951.0,1684.0,13.610853605120855,24.101658749761853,7.615210102611989,4.134678961537044,0.5647268408551069,3.344051446945337,2.441579371474617,24.13130466299009,405.8745368491301,0.1932333912290325,0.9965326060176306,124.88164964402104,407.2867605116268,0.9809973110045525,0.9467145054698252,0.999933093830979,0.9928831828553286,0.6611933877709669,0.0093658051415231,0.4358654570383622,0.2253279307326048,1.5991772993173554,0.3819645732689211,0.1115144182294817,1.2141433287668923,141.0,5.0,2600.0,3030.0,1555.0,2482.0,3.55099512019506,3.5658144402074488,0.0293853492392509,0.0160504028381454,0.0,0.0016501650165016,5.829148761963902,0.0418006430868167,0.6003223207091055
Besançon,besancon,FR,oecd_fua,2022,3.5,,employed persons commuting to work,commute_mode_share,oecd_fua,,FUA code FR039F,"Besançon, France",FR,False,0.5.0,0.000157868809627,0.0157563679749383,6.048384028248115e-06,0.0051842815990199,0.0677660470642228,0.9705253848752288,0.5011327337012028,1.0467805091825282,1.0865384612568036,6.290767220758948e-05,0.0002521196836579,5.0146970418821e-05,0.0002511815303067,0.0093272940781748,0.0237584650112866,0.7273061291387737,0.4999821252630052,1.2097467393319068,0.005746385692583,0.6040302267002519,0.4261770244821092,2.6728024553797805,0.0352289884247609,0.2708803611738149,48.489483403944895,153.79799351507063,0.0731080974084843,0.6285858077503774,0.0902934537246049,1270.0,1292.0,19.461781280559173,19.79891449959248,7.281414023466928,3.71216515740867,0.9829721362229102,3.620533467539004,2.554176072234763,23.585624317451977,348.0386381142815,0.1352257446120609,0.9999821252630036,174.4166718039898,348.04485932460483,0.9743755174645532,0.9592796907507268,0.9999220041254864,0.9938753924502992,0.8499121538055409,0.573590745744039,0.5518841454564591,0.2980280083490815,1.4799885990853094,0.4588057445200302,0.1393048883865498,1.151289325212634,211.0,2.0,3597.0,2263.0,1987.0,1772.0,3.5283021858139176,3.514199542019185,0.0496289259072267,0.062101918574588,0.0,0.0022094564737074,5.333521990549956,0.0105686965274282,0.6388261851015802
Bayonne,bayonne,FR,oecd_fua,2022,2.7,,employed persons commuting to work,commute_mode_share,oecd_fua,,FUA code FR040F,"Bayonne, France",FR,False,0.5.0,0.0095885391265794,0.0231217149178014,0.0002935509495307,0.0069649336944221,0.2441594834954826,0.9939495563662571,0.5268465674044825,1.044736568992866,1.0953748643679138,0.0001498515850938,0.0003372063184846,0.0001517379034136,0.0003426524007662,0.0043186180422264,0.0349434737923946,0.8144675845119089,0.8237629883284598,0.7431058313140521,0.0367033834168183,0.6198717948717949,0.4256779951939581,3.3453527767791225,0.0259117082533589,0.2713257965056526,44.53206506269024,131.832796515488,0.0428571658051269,0.6986564299424184,0.0904419321685508,758.0,709.0,29.44298400656616,27.53967765257969,8.801159689625804,4.337116473754039,1.0691114245416078,3.712092130518234,2.548818088386433,39.913402106183405,160.39613533425882,0.4634356539482415,0.981180142291532,86.12501383124292,163.47266767920513,0.9757829899318238,0.9513434369855492,0.9999291773789742,0.994625583607629,0.7787310816256879,0.2135093167701863,0.5008970125635406,0.2778340690621472,1.3807404211668106,0.4598364598364598,0.1406491499227202,1.1545290748339738,64.0,6.0,1934.0,1240.0,1042.0,973.0,3.5573347869509777,3.552174647772787,0.0236918288119845,0.0283273012320711,0.0020682523267838,0.0032258064516129,6.349766675447944,0.0287907869481765,0.6382322713257965
Avignon,avignon,FR,oecd_fua,2022,3.5,,employed persons commuting to work,commute_mode_share,oecd_fua,,FUA code FR043F,"Avignon, France",FR,False,0.5.0,0.00069945323741,0.0122509591841355,4.8038369304556354e-05,0.0026484882593877,0.0605515166789726,0.9952822766709024,0.3335177931671848,1.0339466611264212,1.1129458242961194,7.442410422331049e-05,0.0002670240452415,6.37240693600395e-05,0.0002817818642199,0.0051916932907348,0.0301279947489333,0.7462836436362992,0.7486033577057247,0.7265387581322245,0.0092309944100071,0.5848,0.4260536398467432,2.234724851596657,0.0654952076677316,0.2569740728585494,65.90098109308377,111.3367838327276,0.0357305560035179,0.6573482428115016,0.0669510994420741,838.0,2264.0,12.957987762456776,35.00821514821258,5.798471231569563,5.224742836064023,0.3701413427561837,3.5031948881789137,2.554643912044634,26.238350491613403,432.28742789074937,0.1815540817296652,0.9976107075939644,144.52085153713273,433.3227626769758,0.9753969244667234,0.9524215861937954,0.9997153338875387,0.9994194182837692,0.7504920262656977,0.1317237818163499,0.5094949536426814,0.2409970726230163,1.5511569581122435,0.4185674269707883,0.1394317621941205,1.153438311443058,105.0,4.0,2193.0,3892.0,1252.0,3047.0,3.489801819855722,3.5181927495855603,0.0834857619044836,0.0585785136095163,0.0,0.0041109969167523,6.700466653892858,0.0119808306709265,0.6760748276993764
Fort-de-France,fort-de-france,FR,oecd_fua,2022,0.2,,employed persons commuting to work,commute_mode_share,oecd_fua,,FUA code FR046F,"Fort-de-France, France",FR,False,0.5.0,0.0333333333333333,0.0151764420490687,0.0,0.0028309620894519,0.0045521793241864,1.0,0.0047449992624701,1.1365917570555517,1.1388787283032902,0.0035788403594371,0.000256416808401,0.0012656111791675,0.0002567420972079,0.0,0.0235795454545454,0.459363547259364,0.6665761829826411,1.214181230297317,0.0086419335633987,0.6666666666666666,0.4183590576766856,0.0375719701177711,0.0,0.2930194805194805,274.53342632525283,112.34450939541064,1.907019995698962,0.2,0.0925324675324675,1.0,1741.0,0.0228095904511446,39.711496975442905,0.6070906151486585,5.015202111292416,0.0005743825387708,2.4,2.508116883116883,1.5802641703239708,347.09903587367705,0.959363547259364,0.999868935980027,1.6472005579515172,347.1445340318189,0.9114445518433516,0.9444063864392324,0.933672175745091,0.9976441234432384,0.750198184615168,0.0114614155018195,0.3034324646250951,0.4467657199900728,2.307672345157848,0.6,0.1277676213690839,1.0835129648522068,2.0,3.0,6.0,3090.0,5.0,2464.0,1.5241172443846085,3.546143622842984,0.9960654618032456,0.0337311301413478,0.0,0.0022653721682847,7.918224648619249,0.0,0.6140422077922078
Fréjus,frejus,FR,oecd_fua,2022,1.6,,employed persons commuting to work,commute_mode_share,oecd_fua,,FUA code FR049F,"Fréjus, France",FR,False,0.5.0,0.00651868945765,0.0197517048413361,0.0003496482234829,0.0031737425503599,0.0855835978395819,1.0,0.3916222179176349,1.0797529892948454,1.1656205310431411,9.756004407491572e-05,0.0001720607486796,8.880431507418496e-05,0.0001847667457442,0.0063768115942028,0.0127381716977092,0.7114529513666255,,0.4746443073588008,0.0033193081494613,0.5904595695171612,0.3965702036441586,1.1250950976323653,0.0191304347826086,0.3558124598587026,116.23949331682728,162.8473513759984,0.1131521540898915,0.6208695652173913,0.0854206807964033,365.0,1003.0,3.4806659627660927,9.564679344258606,3.093663789035041,3.329266073909691,0.3639082751744765,3.530434782608696,2.376364804110469,25.783565124398383,301.2676000455968,0.2185361144591179,0.999999999999999,117.9830857165797,301.2676000455971,0.9613471050325192,0.9307676974189414,0.993641589024974,0.989181799441569,0.7672850582517776,0.0462464364903389,0.4420901494278133,0.3251949088239643,1.69939031224168,0.4331877729257642,0.0945641685429398,1.1342315717724645,56.0,1.0,1015.0,1850.0,575.0,1557.0,3.48751645738932,3.5512649554935454,0.0854761797718448,0.0291433551284939,0.0,0.0021621621621621,2.872909263460105,0.0139130434782608,0.558766859344894
Chambéry,chambery,FR,oecd_fua,2022,5.9,,employed persons commuting to work,commute_mode_share,oecd_fua,,FUA code FR050F,"Chambéry, France",FR,False,0.5.0,0.0087540911624136,0.0214543021713815,7.291642038065965e-05,0.0058886648078964,0.1537075354298983,0.992646942821911,0.3253215746309946,1.0416821371259777,1.1316169850324027,0.0001527675204594,0.000293479828904,0.0001413512462113,0.0002918479529013,0.012753999135322,0.0223604465709728,0.7552966415455031,0.6664245660674613,1.4718912706316032,0.016140606264522,0.5613350671868227,0.4062000639181847,2.85391308259434,0.0687418936446173,0.3244019138755981,46.69221843837539,146.23652578002407,0.1049844151493454,0.5940337224383917,0.0765550239234449,466.0,706.0,21.99441331561756,33.32200815627897,7.706756540610416,3.798422674250865,0.660056657223796,3.3592736705577173,2.4325358851674643,28.569100734664914,185.821117284562,0.4724787638331259,0.9997551632412316,60.46642287769613,185.86662426641053,0.9707093721576926,0.940720416167812,0.9998357487806964,0.9942577238123712,0.6658205205558573,0.0370141038871689,0.4274614698935707,0.2383590506622864,1.7494980919557246,0.3988288874430709,0.1098321342925659,1.1209981853672566,89.0,3.0,1295.0,1271.0,771.0,1045.0,3.3971831055646584,3.531646454406217,0.1624182807588979,0.0466590233713463,0.0015444015444015,0.003147128245476,8.772590892047269,0.0103761348897535,0.5990430622009569
Douai,douai,FR,oecd_fua,2022,2.5,,employed persons commuting to work,commute_mode_share,oecd_fua,,FUA code FR052F,"Douai, France",FR,False,0.5.0,0.000528064516129,0.0276750869187309,3.875956102427669e-05,0.0117597511951325,0.1225504745988313,0.912343222370846,0.658835891651302,1.037958619750131,1.0658524283384665,0.00012968886817,0.0004474820302692,0.0001100137592138,0.0004482288308863,0.0036465036465036,0.0384420087931141,0.7082150969779963,,1.1807783793518063,0.0085487821582728,0.4929032258064516,0.4519774011299435,4.565441249431232,0.1261261261261261,0.2054616384915474,67.24939510345992,112.47665968514151,0.1720191039958462,0.398970398970399,0.1027308192457737,348.0,610.0,20.61526882633181,36.13595972431726,4.515504132026688,5.21475711654642,0.5704918032786885,2.9498069498069497,2.7048114434330297,14.33543074673354,116.97572607254732,0.186010622905913,1.000000000000001,77.06780678856506,116.97572607254718,0.975532751404086,0.961712953919946,0.9993959926391116,0.99722513398303,0.7995280714240188,0.2071912761567934,0.4504596674552347,0.3490684039687839,1.5548055322128795,0.2969657843770174,0.177429876060013,1.1112533045832516,91.0,1.0,1146.0,1040.0,777.0,769.0,3.3508439487008244,3.53348561616875,0.2005761620056352,0.0450237674809561,0.0,0.0038461538461538,6.929557583738252,0.0489060489060489,0.6905071521456437
Cherbourg-en-Cotentin,cherbourg-en-cotentin,FR,oecd_fua,2022,3.6,,employed persons commuting to work,commute_mode_share,oecd_fua,,FUA code FR056F,"Cherbourg-en-Cotentin, France",FR,False,0.5.0,0.0056866400537042,0.0167685304989919,0.0009659839194846,0.0030933842784061,0.0697177153980321,0.987546338089372,0.2225417780124598,1.0343966361633263,1.1113805829116783,0.0001174364861191,0.0002046142280869,0.0001230014685897,0.0002049589576866,0.0022598870056497,0.0377510040160642,0.808389132627594,,0.5772508984286246,0.0022537270402736,0.5979614949037373,0.435109555296253,1.3850238491400828,0.0384180790960452,0.2401865526622619,62.33831525044894,132.2137832056776,0.0613641674476033,0.6711864406779661,0.0858919549164399,608.0,1955.0,8.528066786785969,27.42166211869501,6.157342916571996,4.4060363637349145,0.3109974424552429,3.5796610169491525,2.608628060629615,30.93440960337772,443.7094564382558,0.3132792234369976,1.000000000000004,98.74389135671112,443.709456438254,0.9745664596267102,0.9462384984465748,0.9985646412485428,0.995650299198565,0.7380542079624847,0.285388841738509,0.3993899757705081,0.3386642321919765,1.4540281406654112,0.428328611898017,0.1524995137132853,1.1367143660444137,57.0,1.0,1584.0,3356.0,885.0,2573.0,3.5264774436220034,3.5689049647288367,0.0512474480394575,0.0132579749314801,0.0,0.0068533969010727,6.223657694792648,0.015819209039548,0.6739214924212981
Béziers,beziers,FR,oecd_fua,2022,1.4,,employed persons commuting to work,commute_mode_share,oecd_fua,,FUA code FR057F,"Béziers, France",FR,False,0.5.0,0.0012040387091511,0.0121188600582742,0.0003133903133903,0.0032439821506723,0.0133329644198835,0.9785627229334302,0.1217962162793788,1.0582265718075037,1.108484643813321,0.0001481982318649,0.0003314073944944,0.000106513041835,0.0003387754169242,0.0,0.0373627580149319,0.5835911908286928,0.4999266928625314,0.6619722174216643,0.0040312855682014,0.551440329218107,0.4529773676115139,0.63171863337737,0.0306748466257668,0.2042160737812911,112.7341355235545,120.32977290435171,0.1092268082871,0.5736196319018405,0.1205533596837944,194.0,2416.0,2.028173894938495,25.258083145213423,3.210565254495072,4.869792966387354,0.0802980132450331,3.2883435582822087,2.7160737812911724,6.614745690582272,496.0832845729889,0.1094694468118786,0.999926692862532,60.42549664062521,496.1196536846422,0.9724311990776696,0.9548214397159568,0.9950151457214864,0.9997009930660358,0.6247579451153324,0.0376924923688994,0.2862680721134302,0.3384898730019022,2.0170851398044176,0.3863987635239567,0.1794956321081259,1.119960852032436,40.0,2.0,536.0,4123.0,326.0,3036.0,3.45638567866847,3.576490195565665,0.1123738032582302,0.006387604411611,0.0,0.0050933786078098,5.186685208088237,0.0214723926380368,0.6752305665349143
Chartres,chartres,FR,oecd_fua,2022,3.1,,employed persons commuting to work,commute_mode_share,oecd_fua,,FUA code FR058F,"Chartres, France",FR,False,0.5.0,0.0060410658864606,0.0216518891285246,0.0002336172895383,0.0081352581913329,0.2269407146599446,0.9838651706790316,0.5863474313708784,1.0598724537496276,1.0833685739189076,0.0001856550721723,0.0004078524004377,0.0001715850737743,0.0004075747331047,0.0094562647754137,0.0315698478561549,0.7741784508890595,,0.5224678239087952,0.00680772592273,0.6448553816974869,0.4407484407484408,5.082398251208281,0.0198581560283687,0.2302904564315352,63.33066608115892,115.4810770785707,0.0770231075106208,0.675177304964539,0.0975103734439834,482.0,742.0,28.44217256203308,43.784423321635984,5.59621091386754,5.051332634665734,0.6495956873315364,3.858156028368794,2.6390041493775933,33.33575958195078,146.89193004394164,0.3870413726028576,0.999999999999998,86.12970587037613,146.89193004394195,0.9666683113169016,0.955868119686205,0.9996337465919682,0.9985580895990134,0.7693260297369295,0.1822272215973003,0.4757128134937259,0.2936132162432036,1.3992930825425614,0.498220640569395,0.1606864274570983,1.1740007936920724,45.0,1.0,1360.0,1272.0,705.0,964.0,3.503902018144609,3.551488329624682,0.0711574526584221,0.0289430055738895,0.0014705882352941,0.0039308176100628,8.667895481908483,0.0085106382978723,0.6721991701244814
Boulogne-sur-Mer,boulogne-sur-mer,FR,oecd_fua,2022,1.2,,employed persons commuting to work,commute_mode_share,oecd_fua,,FUA code FR060F,"Boulogne-sur-Mer, France",FR,False,0.5.0,0.0120218172625879,0.0323730813208135,0.0008215620279331,0.0154206945936269,0.190763037241241,0.9236792658766144,0.4107984444923836,1.0411519382165753,1.074412225142205,0.0003475616233184,0.0006094599162911,0.000285980984495,0.0006051934495377,0.0017094017094017,0.0265536723163841,0.7683268155069591,,0.9158137424366334,0.0117567144011786,0.6065292096219931,0.4557823129251701,4.469834905015849,0.0307692307692307,0.1813559322033898,49.49235519903039,105.79325584388336,0.1440606854052091,0.6666666666666666,0.0847457627118644,262.0,483.0,33.5158279030735,61.78681250833779,7.498225016199936,5.678493055769298,0.5424430641821946,3.620512820512821,2.7254237288135594,16.22588001475277,85.05777769848225,0.4643713718949535,1.0000000000000004,34.94160277051546,85.05777769848223,0.9765681783080676,0.9596580713122896,0.9999532136046306,0.998471706331214,0.8010549159941829,0.419501133786848,0.4283002361596978,0.372754679834485,1.6052664925636455,0.4490322580645161,0.1829787234042553,1.0578917617589845,32.0,1.0,706.0,804.0,390.0,590.0,3.396489687996835,3.53667827041534,0.1629958301059041,0.0421817517777312,0.0,0.0012437810945273,10.88084671435196,0.0051282051282051,0.7338983050847457
Arras,arras,FR,oecd_fua,2022,1.9,,employed persons commuting to work,commute_mode_share,oecd_fua,,FUA code FR064F,"Arras, France",FR,False,0.5.0,0.0001799627608141,0.0297488275216148,4.624265138741273e-06,0.0112251263341091,0.0549448267658928,0.975449741926584,0.4919335216946365,1.0590477894318182,1.06996031592957,0.0001201066187508,0.0003932822337738,8.798024278970245e-05,0.0003906306365029,0.0088325652841781,0.0368450810403317,0.6847349397088447,,2.5110345812080825,0.0080736083962791,0.5484988452655889,0.4731040564373898,5.135357791544776,0.0264976958525345,0.1530343007915567,42.75863895150962,115.43369500523966,0.0638798011471726,0.4953917050691244,0.129287598944591,440.0,642.0,37.08383555971197,54.108687339397925,7.221275919814094,5.18325659041121,0.6853582554517134,3.283410138248848,2.8311345646438,6.805485734385516,123.86035474062216,0.1116915687644465,1.0000000000000002,60.931060505901215,123.86035474062214,0.9661878393853472,0.96659725899682,0.9988851848480224,0.9983045237532114,0.8722012736713418,0.2620448179271709,0.5292409146818974,0.3429603589894442,1.5367794666445054,0.4101675332177932,0.2091330244870946,1.171056793871248,153.0,1.0,1425.0,1073.0,868.0,758.0,3.5279913813693646,3.552995181961787,0.049904702793448,0.0275909339454792,0.0,0.0018639328984156,10.43912960811096,0.0115207373271889,0.7176781002638523
Colmar,colmar,FR,oecd_fua,2022,5.5,,employed persons commuting to work,commute_mode_share,oecd_fua,,FUA code FR065F,"Colmar, France",FR,False,0.5.0,0.000936366212867,0.0200942996262049,0.0001204816855375,0.0106001639451767,0.0634808627616674,0.8132594032492076,0.3625956042878722,1.023260107779964,1.065408054476622,0.000219206103351,0.0003963199021419,0.0001269644839344,0.0003939427755363,0.008008008008008,0.037251356238698,0.7216295458447195,,0.9647813325126602,0.0046029667140537,0.5305917753259779,0.4761473429951691,1.184189822743794,0.1181181181181181,0.1528028933092224,49.63725697726231,137.7623277327552,0.0931405461807058,0.4474474474474474,0.1509945750452079,497.0,937.0,7.471245590288687,14.085628004226358,6.309162134984107,4.312979811068383,0.5304162219850587,3.1771771771771773,2.851717902350814,13.791293030177204,217.25119083455567,0.1750734482464069,1.000000000000003,78.77432682291528,217.25119083455496,0.9824659542550436,0.967165737102064,0.9999997864183704,0.999487270159148,0.7216534898693758,0.0727367870225013,0.4418727458574759,0.2797807440119,1.5925370590920878,0.3331660812844957,0.2138649750792931,1.127834175893804,76.0,1.0,1587.0,1577.0,999.0,1106.0,3.358341454546873,3.4226987102695308,0.1944626771799137,0.1410277468477979,0.0,0.0006341154090044,3.265869218325221,0.05005005005005,0.6962025316455697
Bourges,bourges,FR,oecd_fua,2022,2.7,,employed persons commuting to work,commute_mode_share,oecd_fua,,FUA code FR068F,"Bourges, France",FR,False,0.5.0,0.0037488362746742,0.015754325533745,0.0003996035725294,0.0034738217982545,0.1107039221206405,0.994105038494202,0.3641948639340375,1.0448738874032035,1.07219366853248,0.0001165012406862,0.0002464477892777,9.714768294900026e-05,0.0002430421114831,0.0039447731755424,0.0312683069712946,0.7872866082855421,0.9155262139944602,0.4505483750818168,0.0322794893426801,0.6014492753623188,0.4297859865142187,1.9729717397185047,0.0364891518737672,0.2565905096660808,74.14598416295415,126.79164150355253,0.0661171127868466,0.6863905325443787,0.086115992970123,708.0,1690.0,10.317291830820698,24.62743388995336,5.229315566523383,4.546028082427451,0.4189349112426035,3.601577909270217,2.5764499121265376,41.15452544322647,370.992990240916,0.3039689273067045,0.9979553562242232,135.39056708155428,371.753092888416,0.9759355792203768,0.9600023371475804,0.9999436387919604,0.9995745313180772,0.8067226317726395,0.266152379924835,0.433591899817473,0.3731307319551663,1.4235095132774611,0.4315373208106772,0.1469100505828018,1.166326905015469,61.0,12.0,1826.0,2932.0,1014.0,2276.0,3.510450152157798,3.55960154563944,0.065404177993961,0.0216520599379075,0.0,0.0034106412005457,5.417351904435004,0.0118343195266272,0.656414762741652
Belfort,belfort,FR,oecd_fua,2022,3.1,,employed persons commuting to work,commute_mode_share,oecd_fua,,FUA code FR071F,"Belfort, France",FR,False,0.5.0,0.0020613530359114,0.0123497295059117,1.0666662458287732e-05,0.0009178904695896,0.0621374040399807,0.9858022640416576,0.289496506003001,1.0653060590285075,1.087921549563429,5.726091971872106e-05,7.290381009997087e-05,3.3290990000415266e-05,7.664351133399074e-05,0.0031069684864624,0.030325271059216,0.7023101403027436,,0.6793554627034847,0.000777355860817,0.5596031393454761,0.4117581623004616,0.6096469313945503,0.020861074123391,0.296580483736447,98.54771465513004,173.7690286143246,0.0242330275229436,0.5867731913004882,0.0610508757297748,1346.0,4217.0,2.203433778173152,6.903328560591517,3.614278469560831,3.278109665065454,0.3191842542091534,3.3546382600976474,2.469724770642202,79.93430958978202,1286.4121188318431,0.2146395647322132,0.9999999999999986,372.4118136817365,1286.412118831845,0.968422512023426,0.9524672515415712,0.9987044483123256,0.9930519867378904,0.6960595676568041,0.0349032962796376,0.4018239521308344,0.2942356155259698,1.696931474570648,0.3952455009997778,0.1175636211931581,1.141959816195408,253.0,1.0,3779.0,7403.0,2253.0,5995.0,3.558796438698657,3.575913269048866,0.0223767884297143,0.0069109967309186,0.0005292405398253,0.0028366878292584,2.105887009870269,0.0106524633821571,0.6423686405337782
Cayenne,cayenne,FR,oecd_fua,2022,2.3,,employed persons commuting to work,commute_mode_share,oecd_fua,,FUA code FR072F,"Cayenne, France",FR,False,0.5.0,0.0055745075583854,0.0205783628847392,0.0009137477502422,0.0057680864150537,0.0447771316929861,1.0,0.2055463860002363,1.036389350972709,1.1001012710205489,0.0002026553823557,0.000365636968532,0.0002088780902323,0.0003674384611217,0.0,0.0204451345755693,0.6667956918785509,,0.8397143048401833,0.0053937575197687,0.5663082437275986,0.4349403836184551,1.4829776677869022,0.0642398286937901,0.266304347826087,48.23822683553465,110.48838484688996,0.0997769639214145,0.6295503211991434,0.1366459627329192,307.0,945.0,11.946881604673523,36.77460298506997,8.056009112060508,5.0971008561814815,0.3248677248677248,3.3832976445396143,2.6055900621118013,8.301658264924342,185.3995097730813,0.2178444124672408,0.9999999999999996,38.10819920007237,185.3995097730813,0.9803857204874398,0.959873075061469,1.0,0.9999256923847116,0.8830918638547213,0.2903634826711749,0.4987617911366211,0.3843300727181,1.424810028207918,0.3821313240043057,0.1520809023726176,1.1277725578794906,32.0,1.0,790.0,1678.0,467.0,1288.0,3.3822936769905945,3.462187425185666,0.1747759436583652,0.1073914155957506,0.0,0.0059594755661501,7.214807794213405,0.0278372591006423,0.5970496894409938
Dublin,dublin,IE,oecd_fua,2022,5.7,,employed persons commuting to work,commute_mode_share,oecd_fua,,FUA code IE001F,"Dublin, Ireland",IE,False,0.5.0,0.0006277437532688,0.0065740396087122,7.766987951226448e-06,0.000353283532009,0.0311300807894042,0.8250207360047087,0.1693940107760948,1.029654246295714,1.063369275922761,4.699755053721111e-05,0.0001437785998202,3.434234083613708e-05,0.0001402187154105,0.0063356607189035,0.0173228600982673,0.7607632628587655,,1.1609561830743569,0.000786636096745,0.4975414078674948,0.4038150662786938,1.8153180741749653,0.1237393328161365,0.3186578743211792,56.00513335445251,101.780291512529,0.0414492785731719,0.4266873545384018,0.0586695112490302,1274.0,7025.0,10.739844167576464,59.22088326312768,5.9162327089469215,5.526118579634228,0.1813523131672597,2.982932505818464,2.4224204809930177,39.57367443245129,1271.2358409914848,0.1837732080773036,0.9999999999999982,215.3397377478699,1271.235840991487,0.97894374822247,0.9650562699636264,0.9999373657301424,0.9996795134738664,0.8145900162339962,0.0038732706352923,0.4120883302869543,0.4025016859470419,1.7286025442563342,0.2945059211803533,0.1056792278966002,1.2085772445310914,250.0,1.0,3845.0,12490.0,2578.0,10312.0,3.4983282326873404,3.547379569660712,0.0760406571697487,0.0326249430983306,0.000520156046814,0.0028823058446757,10.716542254699046,0.0674941815360744,0.6225756400310318
Cork,cork,IE,oecd_fua,2022,1.8,,employed persons commuting to work,commute_mode_share,oecd_fua,,FUA code IE002F,"Cork, Ireland",IE,False,0.5.0,0.0002802199443492,0.0068308376091566,2.4464813534209665e-05,0.0002244416956169,0.0301958559407041,0.8505779508726647,0.19218899619972,1.0614875023599928,1.099667840506791,6.136160165058658e-05,0.0001370621140483,4.536563182505606e-05,0.0001373021259084,0.0052910052910052,0.0092102310971505,0.7487077192711147,,0.7847367088317897,0.0009606226773977,0.5709046454767727,0.3674446439257929,1.0725794891002318,0.0561660561660561,0.4146286739959614,71.4015357098364,105.9641140477402,0.0500560311103666,0.6147741147741148,0.0324209109266322,1062.0,5218.0,5.693486835208231,27.974213094271704,5.308219011333508,5.01252913066169,0.2035262552702184,3.421245421245421,2.204173210679829,31.433628053109143,1040.9914564050011,0.1571154256371942,1.000000000000001,200.0671030589616,1040.9914564049998,0.976706293339265,0.9518720807126452,0.9998367831363236,0.998212048601368,0.7844454320362342,0.0121052631578947,0.4724521276268411,0.311993304409393,1.964810262179569,0.4038520330174258,0.0511137294507097,1.1647796408110846,157.0,1.0,2802.0,9824.0,1638.0,8914.0,3.4189552107542966,3.521134506535073,0.1441829224379999,0.0559786299066158,0.0007137758743754,0.0022394136807817,5.580857959139463,0.0335775335775335,0.5529504150774063
Galway,galway,IE,oecd_fua,2022,2.7,,employed persons commuting to work,commute_mode_share,oecd_fua,,FUA code IE004F,"Galway, Ireland",IE,False,0.5.0,0.0002825762493078,0.0093710804846936,2.442324829202284e-05,0.0005317733893758,0.0213437278917094,0.8613802231770674,0.2096533312930686,1.0652065285471874,1.0911185133361148,0.0001333324518482,0.0001938357432225,9.57721234768987e-05,0.0001906627255338,0.0102702702702702,0.0131509032943676,0.6810946045402806,,1.4521490978936828,0.0027930999624553,0.51806684733514,0.3616870458975722,1.4914311761675008,0.1,0.4269394261424017,65.44129285566696,87.70826510948267,0.0847099458698091,0.4810810810810811,0.0217853347502656,383.0,2157.0,7.610035847588474,42.85860919908183,5.102505545809914,6.0247166190162265,0.177561427909133,3.1,2.1689691817215726,7.641591127639623,358.0251381769079,0.1018048592887545,0.999999999999999,75.06116290545,358.02513817690823,0.9694841700051604,0.95340392040578,0.9997183779769406,0.9990827133350724,0.7984593246042829,0.0085962556873275,0.4143342753713515,0.3841250492329314,1.9821517394368409,0.3498305084745762,0.0424032965572245,1.1600247390073295,109.0,1.0,1147.0,4082.0,740.0,3764.0,3.4956973220552587,3.567995562708433,0.0783411320460467,0.0140800714123965,0.0,0.0039196472317491,7.113796699384043,0.0364864864864864,0.5512752391073327
Genova,genova,IT,oecd_fua,2011,0.4,,employed persons commuting to work,commute_mode_share,oecd_fua,,FUA code IT006F,"Genova, Italy",IT,False,0.5.0,0.0001085099971141,0.0104080640073959,9.599987741436244e-06,0.0004081404915339,0.0256084575294574,0.9995306681510764,0.2528946496250585,1.215903854375171,1.239516091275684,5.43701489756142e-05,9.745765448218828e-05,2.8346171547672605e-05,0.0001010508394771,0.0088587390263367,0.0147322465282615,0.6732219214852304,0.6663924837392248,0.5770124869635123,0.0025159201848262,0.5614175326405543,0.3877351916376306,1.2521776307618,0.0335195530726257,0.3678417165946774,143.11972760219894,142.8716350580475,0.0497700849363701,0.5714285714285714,0.0582416051274905,725.0,4537.0,3.0105088701914364,18.83955688835661,2.4042186956813008,3.8049099595188607,0.1597972228344721,3.363128491620112,2.3257628535599832,30.53569546908283,1192.0621039022185,0.1012613654239996,0.9997110362580024,301.5532660578332,1192.4066661944646,0.9188957812504044,0.9071479748029664,0.985361292443917,0.9842013002951217,0.6877542778560456,0.0025835747279417,0.3610487299331553,0.3267055479228903,1.9706580935566784,0.4110355857656937,0.0816781657258345,1.1592251257465105,174.0,3.0,2107.0,8346.0,1253.0,7177.0,3.5387641397986243,3.565881532029812,0.0403226858478729,0.0159898243756801,0.0009492168960607,0.0011981787682722,4.951380476488048,0.0071827613727055,0.573916678277832
Firenze,firenze,IT,oecd_fua,2011,4.8,,employed persons commuting to work,commute_mode_share,oecd_fua,,FUA code IT007F,"Firenze, Italy",IT,False,0.5.0,0.0047451634881127,0.0122820899341661,0.0006599810676079,0.0029396527155198,0.1413419420418493,0.9913186109301868,0.3836742750053392,1.0343154020980254,1.080525929987996,7.937733807466452e-05,0.0001843748504691,7.564925173853953e-05,0.0001835043101856,0.0051137549572114,0.0303141276041666,0.8724974121931808,0.6660745363435472,0.4906729068526611,0.0039494805273032,0.6247911445279867,0.4693046735059437,2.845748033264103,0.0209768315591734,0.16845703125,48.710765664161904,131.7823675593798,0.062776115147092,0.7554790231684408,0.145751953125,2470.0,3406.0,24.11845248489716,33.258076584437134,8.475259300182328,4.483976891998342,0.7251908396946565,3.7463994990607374,2.814453125,107.3624298674724,758.981549399811,0.3683904583904731,0.999194283312346,291.4365109686807,759.593566612265,0.9747990251360372,0.9626937347069044,0.9999999812329056,0.999637754998496,0.7156435844049261,0.1478931179828614,0.4555806093483748,0.2600629750565513,1.3192996156137409,0.4593451355162149,0.2041040674239648,1.1704126237277266,143.0,3.0,5983.0,5764.0,3194.0,4096.0,3.446499002915312,3.5330490447014427,0.1208320931777812,0.0454120635771112,0.000668560922614,0.0008674531575294,7.417093661607885,0.0178459611772072,0.685791015625
Firenze,firenze,IT,oecd_fua,2011,4.8,,employed persons commuting to work,commute_mode_share,oecd_fua,,FUA code IT007F,"Florence, Italy",IT,False,,0.0047451634881127,0.0122959411104012,0.0006599810676079,0.0029716585753713,0.1413433135838636,,0.3836779980714043,1.0343154020980254,1.0805294521988222,7.937733807466452e-05,0.000184722744618,7.564925173853953e-05,0.0001849712151408,0.0051137549572114,0.0303141276041666,0.8724974121931808,0.666074530597683,0.4906729068526611,0.0039495188519392,,,,0.0209768315591734,0.16845703125,48.710765664161904,131.7810887931667,0.062801477655631,0.7554790231684408,0.145751953125,2470.0,3406.0,,,8.475259300182328,4.4840204032350615,,3.7463994990607374,2.814453125,,,0.3683904583904731,0.9991942754939004,291.4365109686807,759.586195803813,0.9747990251360372,0.9626868579082272,0.9999999812329056,0.9996348679457744,0.4925215724996501,0.0171255704250628,,,,,,1.0816634833633216,143.0,3.0,5983.0,5764.0,3194.0,4096.0,3.446499002915312,3.5331195507345625,,,0.000668560922614,0.0008674531575294,,0.0178459611772072,0.685791015625
Bari,bari,IT,oecd_fua,2011,2.1,,employed persons commuting to work,commute_mode_share,oecd_fua,,FUA code IT008F,"Bari, Italy",IT,False,0.5.0,0.0012319148435846,0.0136030150307625,0.0001170210931437,0.0023959088435664,0.0203994806495206,0.9614012686726248,0.1726888333693681,1.0622337136802074,1.089833794461703,9.838419238030976e-05,0.0001234252490572,6.659844796758742e-05,0.0001284665220791,0.0050103153551429,0.0238549473843591,0.6885132512144918,0.4999712407573724,0.715034751537841,0.0026554519798199,0.5727782698553292,0.45254866318261,1.1109891191958745,0.026525198938992,0.2096297978650919,67.04309717366223,126.05312994419288,0.0829022058216753,0.618921308576481,0.132182602770838,710.0,3479.0,6.064742348944961,29.71723750983031,5.458867457977066,4.619158718896732,0.2040816326530612,3.4305923961096374,2.7140585964115376,15.364224851020738,753.1457908910788,0.1181285451496896,0.9999712407573736,130.06360851690474,753.1674514165526,0.9691416387611108,0.9669810979750586,0.9999885915863144,0.9999858569988266,0.5554497953428968,0.0295966045767685,0.2933324897449942,0.2621173055979027,1.957042022065257,0.3996455471865308,0.1788433132598568,1.1619004971730296,93.0,2.0,1940.0,5975.0,1131.0,4403.0,3.456865051111808,3.479058621765521,0.1119626592645651,0.0928236419195738,0.0,0.0020083682008368,6.433473997821004,0.008841732979664,0.6579604814898933
Bologna,bologna,IT,oecd_fua,2011,4.6,,employed persons commuting to work,commute_mode_share,oecd_fua,,FUA code IT009F,"Bologna, Italy",IT,False,0.5.0,0.0042692497143733,0.0127737115108707,5.969534282401584e-05,0.0033040476900345,0.204673067502504,0.9990383339990956,0.5476091027855003,1.0526420033383077,1.0919218550004033,5.465931808628975e-05,0.0001872274544494,4.4984217631344507e-05,0.0001898947223612,0.004971542206679,0.0284662459361254,0.8428119497643567,0.744959047263039,0.6090459630593564,0.005111404036568,0.6240653083624889,0.4547455032529659,3.047032328833029,0.0240691215799218,0.2076878944348824,47.10773721439761,164.64629617976348,0.0114688312135529,0.7150792018103271,0.138267355134825,3606.0,2762.0,25.63966497129772,19.63858975338999,8.414635029854557,3.529424487250237,1.3055756698044896,3.742851265171776,2.7269076305220885,160.16974282465665,775.28610617353,0.3737576064046454,0.9907001331476264,428.539085439375,782.5638457424159,0.975253751222262,0.9640107896051878,0.9999862417923814,0.9995934571551038,0.7667999259478333,0.3901682962427186,0.5272013311584195,0.2395985947894139,1.1802437635039271,0.4627971596171658,0.1824314626094445,1.1948052157805205,261.0,4.0,9097.0,4753.0,4861.0,3486.0,3.4729648350711826,3.4373396506887444,0.098099048047434,0.1286320058989173,0.0003297790480378,0.0008415737428992,5.564247039236232,0.0267434684221353,0.6540447504302926
Catania,catania,IT,oecd_fua,2011,0.3,,employed persons commuting to work,commute_mode_share,oecd_fua,,FUA code IT010F,"Catania, Italy",IT,False,0.5.0,0.0053555456791539,0.0098115146498948,0.0016773953061604,0.0021885117881274,0.0144191124498395,1.0,0.0729363051227855,1.1045002400118176,1.070056818617754,0.0008709676572444,0.0001686126658478,0.0001589408301975,0.0001795092652513,0.0300444444444444,0.0198998266230013,0.683164286888708,0.8330008541065304,0.4513875639570747,0.0075975094830932,0.7363717605004468,0.45358771760776,0.3173284829945168,0.0,0.2280870737815449,69.90311780333637,111.84428256940114,0.1189001992937592,0.728,0.1708726642265459,283.0,4007.0,1.5590919634001603,22.07519963725952,4.913180023071236,5.073870083125774,0.0706264037933616,4.394666666666667,2.72047774995184,11.38724142320036,789.3787685823697,0.1976945833157501,0.9995521133428374,57.600169069949175,789.7324792225414,0.949754175279076,0.9736647073832748,0.99863133794894,0.9999999261706184,0.6910832188044868,0.0214047528041016,0.3859520258812036,0.3051311929232831,2.0588017501698825,0.6375838926174496,0.1807844270983906,1.1793537978117112,26.0,6.0,824.0,7061.0,375.0,5191.0,3.4680696246588987,3.506471373404998,0.102325701294533,0.0689021016274311,0.0024271844660194,0.0005664919983005,4.350761701738334,0.0266666666666666,0.6010402619919091
Cremona,cremona,IT,oecd_fua,2011,12.4,,employed persons commuting to work,commute_mode_share,oecd_fua,,FUA code IT013F,"Cremona, Italy",IT,False,0.5.0,0.0002477119914143,0.007888618468306,1.901592369058879e-06,0.0002843778546812,0.0181263394873045,0.9683727499291443,0.257382650997932,1.0624712079702523,1.0868213177726649,1.5526121195510486e-05,2.91008596193416e-05,9.837050283325109e-06,3.0637847589818005e-05,0.0041567695961995,0.0281903422409751,0.6950390606624277,0.4999933562889953,0.4887497858809933,0.0005615880159139,0.5946609632446135,0.4199840577671496,0.5175460163509537,0.0121140142517814,0.2779184247538678,122.10262987737347,198.80147131418747,0.0177713741375099,0.6600950118764846,0.0733473980309423,2815.0,10268.0,1.5894099791526282,5.7975352276871,3.0710505519084736,2.883192873702148,0.2741527074405921,3.566270783847981,2.519549929676512,64.5538685785719,3561.305896677967,0.0704256460838544,0.9999933562889904,916.6244424894428,3561.3295571223543,0.9645290149854208,0.9579770785172022,0.9994057188725584,0.9995293603722346,0.4472206342097367,0.0190601503759398,0.2198732806431422,0.2273473535665945,1.7618256568938993,0.4450386215092097,0.1299806576402321,1.2171138161989044,448.0,2.0,7507.0,17914.0,4210.0,14220.0,3.5055242381059584,3.506743468331786,0.0697338045498804,0.0686630996292142,0.0002664180098574,0.0013397342860332,2.0108038142598508,0.0085510688836104,0.6487341772151899
Ancona,ancona,IT,oecd_fua,2011,0.7,,employed persons commuting to work,commute_mode_share,oecd_fua,,FUA code IT017F,"Ancona, Italy",IT,False,0.5.0,7.126181154285772e-05,0.0063981075075409,0.0,0.0002677063771466,0.002721417419725,0.9964391866947654,0.0727328714299524,1.1748140796881903,1.132891436500029,3.06269046612541e-05,3.0184658021206023e-05,1.4520920335677283e-05,3.065575871212715e-05,0.0109469074986316,0.024593078922172,0.5633133416106952,0.9639750546745972,0.8017836344046244,0.0052843000902335,0.5302158273381294,0.4151374802134021,0.196688818265062,0.0086206896551724,0.2908728530394513,174.30608536331107,249.4334590744188,0.0241377166894373,0.4755747126436782,0.0698751392226977,673.0,12096.0,0.3434736642353562,6.173339439213772,1.746279566195185,2.2828176389808883,0.0556382275132275,3.1767241379310347,2.490532856556656,14.420015224557927,5295.52914397206,0.0374166091097607,0.9993987547616388,385.3907547382808,5298.714971117878,0.9309155995273986,0.9404567679426404,0.9918786599165506,0.9924866613647996,0.4495824910056911,0.0007808465888338,0.2580256169061526,0.1915568740995384,2.5688264096016145,0.4059014033825117,0.1234719901503825,1.1250087118194525,309.0,28.0,2211.0,21243.0,1392.0,17059.0,3.558644671030662,3.5786274406945147,0.0225133741794113,0.0044474770993458,0.0009045680687471,0.0021654191969119,2.704263071127188,0.0079022988505747,0.6391933876546104
Campobasso,campobasso,IT,oecd_fua,2011,0.1,,employed persons commuting to work,commute_mode_share,oecd_fua,,FUA code IT019F,"Campobasso, Italy",IT,False,0.5.0,0.0006534552461555,0.0073433622122603,5.037719927960606e-05,0.0007294462926866,0.0029395474366516,0.9729043568492192,0.0187694192692039,1.1613570107567464,1.2228554326058676,9.309382404324773e-05,2.2914240782373807e-05,5.319936550770439e-05,2.2667829873008743e-05,0.0058333333333333,0.035664115735402,0.6976742055965861,0.9284725484367298,0.8048342687369572,0.0026770608310134,0.518425460636516,0.4259550522526301,0.033742373546658,0.035,0.2548485166159975,158.57327017013765,429.1142973791795,0.1423995958614153,0.485,0.0626900094349512,196.0,7107.0,0.0673769067546742,2.4431003893136216,1.9968040085119445,1.35899080900088,0.0275784437878148,3.095,2.5551944648285985,15.372704137449317,5228.540542017053,0.1566136594047293,0.9997943634571064,98.1568542353152,5229.6159421600605,0.921114123084118,0.9112754625696056,0.9848710009714112,0.9736372834247364,0.3396098025069579,0.0053573711801559,0.2010573530516117,0.1385524494553462,2.7366337634028364,0.3748427672955974,0.1395690242751533,1.0830439281905977,79.0,14.0,619.0,12187.0,400.0,9539.0,3.4438567310630828,3.5812102588733943,0.1230857634286398,0.0021003466941202,0.0,0.0022975301550832,1.797731355600389,0.005,0.6823566411573541
Catanzaro,catanzaro,IT,oecd_fua,2011,0.2,,employed persons commuting to work,commute_mode_share,oecd_fua,,FUA code IT023F,"Catanzaro, Italy",IT,False,0.5.0,0.0024491478788547,0.0057055250735775,0.0001360405400809,0.0001567056195081,0.0023246038386932,1.0,0.0149310789067392,1.1527842844066685,1.2544926373199858,0.000218541948291,2.6665721474195663e-05,0.000165096869532,2.6298957736221863e-05,0.0191256830601092,0.0193939056733248,0.5832865541062198,0.933050148494984,0.4624050632570053,0.0027990026296078,0.6005509641873278,0.3915011221783243,0.0334525533232244,0.0,0.3501919545985645,183.5239102343789,253.8992642854856,0.4249394965100957,0.5983606557377049,0.0475713570355533,146.0,11678.0,0.0610383779780528,4.882234096080149,1.8246253847438587,2.179116847237392,0.0125021407775304,3.5737704918032787,2.348745340232571,12.457672319258998,5355.665580363315,0.1556889393735675,0.9993681361824904,80.01642486218918,5359.051771273744,0.9519290262014762,0.9181695650794124,0.9983616327165612,0.9855826768170745,0.3101875895004534,0.0015241342788132,0.112636602450042,0.1975509870504114,2.816536664934553,0.474120082815735,0.0876158148076013,1.102726733075558,37.0,15.0,436.0,21107.0,244.0,17973.0,3.212909626687775,3.575221994839352,0.3088930359243798,0.0075379445965033,0.0045871559633027,0.0011370635334249,2.240464572732607,0.0,0.6021810493518055
Cagliari,cagliari,IT,oecd_fua,2011,1.1,,employed persons commuting to work,commute_mode_share,oecd_fua,,FUA code IT026F,"Cagliari, Italy",IT,False,0.5.0,0.0020213403484764,0.0145849190250363,0.0009099729854074,0.0035680109627471,0.0401591463963539,0.9759984384185652,0.2313696622639789,1.0565222572280313,1.0663440328614175,0.0001366890293969,0.0002627174839282,0.0001240029874299,0.0002754597620799,0.0,0.0289287047405748,0.7206512021190208,0.6664789983242791,0.5772398199452992,0.0074197656770035,0.477926285945727,0.4598431079566679,1.114906986274508,0.0412121212121212,0.1963419186263531,79.2785083134829,109.48427755971434,0.063388477254337,0.3806060606060606,0.1444568868980963,340.0,2153.0,4.05209927267352,25.659322747253203,3.634472940396329,5.32491850086288,0.1579191825359963,2.860606060606061,2.756998880179171,16.237364417378238,404.2322316382836,0.1735713576421041,0.9997694792827616,93.54863980990984,404.325437028025,0.9768131925050904,0.969106530569564,0.9999963621784198,0.9999683294549908,0.7146216475896916,0.1082624544349939,0.371233031151106,0.3433886164385855,1.536058497816594,0.2486322188449848,0.1899869232206239,1.1630829352065852,54.0,3.0,1180.0,3693.0,825.0,2679.0,3.509551547464964,3.531993678962096,0.0661947551761374,0.0463504025288622,0.0,0.0013539128080151,4.818725909719599,0.0315151515151515,0.6592011944755506
Bolzano,bolzano,IT,oecd_fua,2011,17.4,,employed persons commuting to work,commute_mode_share,oecd_fua,,FUA code IT033F,"Bolzano, Italy",IT,False,0.5.0,0.0002112755220159,0.0080356828182443,0.0,0.0001188827874082,0.0262419148656319,0.9902448863735536,0.3023188178739491,1.1667958715518756,1.2992291371094733,1.1696076938380396e-05,1.5425517569105438e-05,3.83877514800581e-06,1.567086287813247e-05,0.0032006964715522,0.0218071881774966,0.6823051682492536,0.8999314194266217,0.5357667190281484,0.0015067196386306,0.5478202960913887,0.3863460046547711,0.2711853818740009,0.0256567829159625,0.3627304731785906,187.625797862914,341.72252073402484,0.0053824425882423,0.5426332770010754,0.042245957396026,3590.0,10680.0,0.4852080439433991,1.4434601418706137,1.789211647731212,1.609176574057526,0.3361423220973782,3.285911814410816,2.3177993913718,174.16587792989446,6635.872694184106,0.0868021218466572,0.9998399707780024,2006.4702823460016,6636.93479769623,0.9351724316488252,0.9118787552640376,0.9913081111875228,0.97736866021974,0.5347252687808008,0.0039346842415896,0.3723460287562243,0.1623792400245765,1.6175481165018506,0.4042111734419427,0.0797600930982007,1.0985433033138894,1075.0,10.0,10694.0,19422.0,6509.0,16759.0,3.5763683667904766,3.581092756833803,0.0064981399286345,0.0022071864196284,0.0003740415186085,0.0008238080527237,0.8970178693509937,0.0089107389768013,0.5950235694253834
Barletta,barletta,IT,oecd_fua,2011,4.3,,employed persons commuting to work,commute_mode_share,oecd_fua,,FUA code IT037F,"Barletta, Italy",IT,False,0.5.0,0.0004786903232712,0.0087611371386513,0.00010660458146,0.0012977373361879,0.0100306824429071,0.998481833845682,0.0588095947437585,1.053944642710939,1.0821340677314015,8.765923957489552e-05,4.6939276429227584e-05,5.608551368197101e-05,4.333505498087809e-05,0.0,0.0322094211323679,0.6408344317234471,0.6664728275472405,0.5423007715900869,0.00118120328172,0.5636574074074074,0.4853578602389259,0.0976321322770993,0.0404157043879907,0.1404714089419723,102.23381810220258,184.40303403477984,0.0874068522473989,0.6397228637413395,0.190783215304936,564.0,8132.0,0.3686609024141112,5.315514997219065,3.7760201873680126,3.201848362315737,0.0693556320708312,3.3741339491916857,2.911531550576049,25.47575662412888,2539.172944549298,0.1705620058531649,0.99975980498544,149.36360824731796,2539.7829877610225,0.9726238994755942,0.974331406014328,0.9998978677771152,1.0,0.2961393498183185,0.0326565402132152,0.1146159925729751,0.1815233572453434,2.745380847583077,0.3914302258251302,0.2281017074588994,1.0838653636387714,81.0,3.0,1461.0,13773.0,866.0,9461.0,3.434104928125328,3.56495422894971,0.1313783236708238,0.0168269384612975,0.001368925393566,0.001379510636753,1.660139518092174,0.0115473441108545,0.6687453757530917
Como,como,IT,oecd_fua,2011,2.6,,employed persons commuting to work,commute_mode_share,oecd_fua,,FUA code IT039F,"Como, Italy",IT,False,0.5.0,9.109201142269324e-06,0.0065318739329541,0.0,0.0001864455897956,0.0143370665003211,0.9914720543592508,0.3253096848707572,1.172257960634018,1.1660794718065712,1.0115268701116716e-05,4.380913485356138e-05,5.942307422464755e-06,4.593110527431852e-05,0.0100123066104078,0.0160097380013911,0.6293199860104861,0.7997028307766458,0.6498619671238044,0.0014599888931943,0.5634124890061566,0.3992657004830918,0.8705473176105725,0.0076476793248945,0.3352654764664966,173.91238503439547,165.74792310465952,0.0178232923804936,0.5147679324894515,0.0636447948063992,1962.0,11468.0,1.5331121990141423,8.96112675754036,1.7610900269294256,3.348630525430455,0.1710847575863271,3.378691983122363,2.395316485045212,49.09991633207957,3423.3619004383577,0.0440720555430655,0.9996140704049092,1114.082738530337,3424.6835871884755,0.920312238953054,0.940917022045798,0.9744951090414872,0.9946812178147456,0.5710482245562121,0.0020616942429145,0.2821152299929695,0.2889329945632425,2.284834008844224,0.4404274970312706,0.0989883764746804,1.1346185417613364,724.0,5.0,6406.0,20662.0,3792.0,17252.0,3.565718701816009,3.580123994190663,0.0161368435951024,0.0030878240909312,0.0009366219169528,0.0008711644564901,2.676057179042897,0.0026371308016877,0.6010897287271041
Asti,asti,IT,oecd_fua,2011,1.4,,employed persons commuting to work,commute_mode_share,oecd_fua,,FUA code IT043F,"Asti, Italy",IT,False,0.5.0,0.0004504502626532,0.0074987482209297,2.990633425053504e-05,0.0003505924316757,0.003879226773095,0.8157555137089816,0.0322075423998144,1.147262679189312,1.1602417443662283,6.420916555225979e-05,3.6820616747582045e-05,4.9721559893091166e-05,3.6519692404534e-05,0.0034076827757125,0.020735632183908,0.6149909043952471,0.6666338718332814,0.6623063600883922,0.0007110420058071,0.5572139303482587,0.4031485839487138,0.0899800819133446,0.0241635687732342,0.3172413793103448,151.66157933018022,283.0891046134721,0.0462748364937543,0.5836431226765799,0.0515212981744421,315.0,8415.0,0.2085803318636891,5.572074579787126,2.3180722603093726,1.99447282628898,0.0374331550802139,3.3308550185873607,2.418498985801217,16.36707849077759,4219.009250294519,0.1204446686723102,0.9999642666160736,135.88877507984145,4219.160015159187,0.939409894506162,0.9273349707580862,0.9951332986224076,0.9847544578162236,0.4469744209223439,0.001563597333934,0.1537185722912706,0.2932558486310732,2.63569635187656,0.4183006535947712,0.104767701359302,1.0822414888299017,90.0,3.0,896.0,14904.0,538.0,12325.0,3.5347899403417724,3.580183781444441,0.0438632030412844,0.0030334867326274,0.0022321428571428,0.0014090177133655,2.793758083009242,0.0018587360594795,0.631237322515213
Avellino,avellino,IT,oecd_fua,2011,0.3,,employed persons commuting to work,commute_mode_share,oecd_fua,,FUA code IT050F,"Avellino, Italy",IT,False,0.5.0,0.001535332610443,0.0062572039081442,5.28680941052075e-05,0.0003298363844185,0.0020100077629016,1.0,0.0126196502426195,1.431255906159331,1.18645323506329,0.0002707820302818,2.764116267524489e-05,8.035366872432676e-05,2.8287020299026032e-05,0.042517006802721,0.0353677536231884,0.5540912564267639,0.6665847635673767,0.4208163839849735,0.0004305855877503,0.6391752577319587,0.4369859042649563,0.0315345940293576,0.0,0.2226086956521739,236.3557346544507,288.8700175833371,0.1526020119707193,0.5816326530612245,0.0655434782608695,114.0,14304.0,0.040886789637973,5.130216131417246,1.2965693993050535,2.053032082393636,0.0079697986577181,3.795918367346939,2.6216304347826087,14.004238553848582,6966.423307645032,0.1592760278025274,0.9998804914800086,87.92433329145567,6967.255954092508,0.8800833649938093,0.932566737937396,0.9796494284317024,0.98595714865907,0.2926290509895163,0.0014050099363315,0.0822369164844897,0.2103921345050265,2.75372203915114,0.5503875968992248,0.1555102595461339,1.0556477973183784,37.0,3.0,372.0,24119.0,196.0,18400.0,3.4307902735696487,3.5821067061071585,0.1341880079979529,0.0012850561733084,0.010752688172043,0.0011609104855093,2.4988484960429416,0.0,0.7118478260869565
Altamura,altamura,IT,oecd_fua,2011,0.6,,employed persons commuting to work,commute_mode_share,oecd_fua,,FUA code IT053F,"Altamura, Italy",IT,False,0.5.0,0.049034749034749,0.0168840566904644,0.0015873015873015,0.0076819626069131,0.0032643064942139,1.0,0.0159714575026227,1.127042270845293,1.0720831656837555,0.0017350078071611,0.0003027002833361,0.0021374414053873,0.0003380569013226,0.081081081081081,0.0388003541389995,0.2424278218416535,0.915991526085153,0.9784728170699728,0.0234414555229569,0.5714285714285714,0.476063829787234,0.0191478925489815,0.0,0.1580345285524568,136.26677308481462,238.3210450946538,0.7455100352068746,0.6216216216216216,0.148738379814077,23.0,1255.0,0.0538651155446459,2.939161739501332,2.8131093490761723,2.4515855567759166,0.0183266932270916,3.2432432432432434,2.852589641434263,1.6710429048317772,511.2043794891511,0.2043837573169424,0.9986145604113128,8.176006385088877,511.9136048633164,0.9624577656496616,0.9562833253481076,0.9993668792886397,0.9993670652756236,0.2915563448470618,0.3625780150040977,0.053711370816128,0.2378449740309338,2.259004208893359,0.4492753623188406,0.2174925174592617,1.027447584674222,8.0,12.0,60.0,2148.0,37.0,1506.0,2.8035211620202656,3.550552074333527,0.5839650493923824,0.0297826168947533,0.0,0.0121042830540037,1.198881977166902,0.0,0.6845949535192563
Battipaglia,battipaglia,IT,oecd_fua,2011,1.2,,employed persons commuting to work,commute_mode_share,oecd_fua,,FUA code IT056F,"Battipaglia, Italy",IT,False,0.5.0,0.3333333333333333,0.0286041179061552,0.4,0.0112451599344773,0.0446644286672118,1.0,0.0446644286672119,1.0026662663761745,1.0796393867102454,0.0008580952209134,0.000337687151915,0.0008983136760435,0.0003573178562879,0.0,0.0183632734530938,,0.4998542202106342,0.1376713871096513,0.0122980276981502,0.7111111111111111,0.4309723889555822,0.128419739783797,0.0,0.259880239520958,226.989795454812,151.00065304255932,1.9784006375727747,0.8823529411764706,0.0982035928143712,15.0,618.0,0.2651958556244372,10.926069251726812,2.06507080664477,3.800090558728436,0.0242718446601941,3.764705882352941,2.5796407185628745,7.263673454553982,162.60399549450045,0.9999999999999998,0.9998542202106346,7.263673454553984,162.6277033268364,0.9979542748206798,0.9668231952241946,1.0,0.999891902967472,0.587459338888295,0.0351959966638865,0.225227549810841,0.362231789077454,2.475655267399559,0.5517241379310345,0.1465465465465465,1.042458742913919,1.0,2.0,32.0,1077.0,17.0,835.0,1.201076299531572,3.519787790388873,0.9928941215717528,0.0571692837637863,0.0,0.0027855153203342,2.8752128621331674,0.0,0.6419161676646706
Bisceglie,bisceglie,IT,oecd_fua,2011,2.1,,employed persons commuting to work,commute_mode_share,oecd_fua,,FUA code IT057F,"Bisceglie, Italy",IT,False,0.5.0,0.0367860783162214,0.0261554870550979,0.031982611395746,0.0118088028702814,0.042391131939463,1.0,0.0697576940047838,1.0415605467610691,1.1006049316362658,0.0004797565328776,0.0004418784455966,0.0003548718702439,0.00049018718647,0.0,0.0181347150259067,0.6605641358466738,,0.4880114575416795,0.0048632219894315,0.584070796460177,0.445021645021645,0.2089792935916943,0.0434782608695652,0.2292746113989637,72.44406828402367,200.02431475024952,0.7002846328908644,0.6782608695652174,0.1191709844559585,80.0,595.0,1.1655347389910096,8.668664621245632,5.577273800476338,2.89361708371179,0.134453781512605,3.4434782608695653,2.6632124352331608,8.716676316973512,205.6249955632568,0.6076911306236118,1.000000000000001,14.343925520236688,205.6249955632565,0.97945216277496,0.9609788752530648,0.9998518182384384,0.999102571055244,0.4239062595315827,0.2534351145038168,0.1797965279460847,0.2441097315854981,2.047649885881456,0.4,0.1669915529564652,1.0514069807656412,7.0,1.0,198.0,1028.0,115.0,772.0,2.898161022060265,3.401450807201224,0.5265456795032748,0.1588593150929169,0.0,0.0009727626459143,2.995788444173096,0.017391304347826,0.6515544041450777
Carpi,carpi,IT,oecd_fua,2011,10.5,,employed persons commuting to work,commute_mode_share,oecd_fua,,FUA code IT058F,"Carpi, Italy",IT,False,0.5.0,0.0075208990262771,0.0152997453920512,0.0001340963051887,0.0048661552441324,0.1668866172234639,0.9890311090120238,0.4072812418367249,1.0614514656540646,1.0747750704134953,0.0001597600752112,0.0002483949940169,0.0001641372076249,0.0002615438964767,0.0073409461663947,0.0189363143631436,0.7711411724584014,0.9397868958498954,0.4975851320830817,0.0395996613648609,0.613562091503268,0.4442183791115632,1.3303987367352217,0.0089722675367047,0.2393292682926829,77.60517200074219,163.85366426588374,0.0843790791979704,0.6370309951060359,0.1417682926829268,786.0,1495.0,5.980706805485821,11.375517397202676,4.4954242967506,3.48244080826277,0.525752508361204,3.67536704730832,2.66260162601626,71.64385742238659,428.2991573903281,0.4097576811317207,0.997676564441898,174.84445251767215,429.2966003766154,0.9644182863757428,0.974871716803634,1.0,0.9999999974993534,0.5047689124954564,0.2447856593617839,0.2386505658247489,0.2661183466707074,1.4662151571317446,0.4552513281569268,0.170185703383363,1.0918280332936172,87.0,17.0,2253.0,2620.0,1226.0,1968.0,3.139367595530288,3.067684223788612,0.3634225918018425,0.4144176841616799,0.0008877052818464,0.0007633587786259,3.266535749929199,0.0040783034257748,0.6178861788617886
Cerignola,cerignola,IT,oecd_fua,2011,1.8,,employed persons commuting to work,commute_mode_share,oecd_fua,,FUA code IT059F,"Cerignola, Italy",IT,False,0.5.0,0.0128844839371155,0.0170751039599723,0.0077922077922077,0.0076893936173649,0.0065982374045249,0.9846108290168468,0.0122186268555128,1.108244080077864,1.1434661763429987,0.0008540510638285,0.0003923844888147,0.0008576093928903,0.000437038456057,0.0,0.0291717325227963,0.5221594607555107,,0.9334967068941796,0.0016294354189128,0.503030303030303,0.4985800496982606,0.0127689439606385,0.0701754385964912,0.1271276595744681,90.34563140365825,218.4797089062992,1.0455053125727565,0.4210526315789473,0.2388297872340425,24.0,1641.0,0.0408677730437911,2.7943339818692228,3.200560137922902,2.6739035224360084,0.0146252285191956,2.912280701754386,2.988297872340425,4.049400993705671,613.7095023177931,0.5400146417883233,0.999999999999998,7.498687406503635,613.7095023177943,0.9593217715036932,0.9795734360980536,1.0,1.0,0.2536619431672525,0.0975042301184433,0.10356141122576,0.1501005319414924,2.6871262345094817,0.3027522935779816,0.2476697736351531,1.0575303985826738,7.0,1.0,83.0,2809.0,57.0,1880.0,2.843921670846705,3.386344875311848,0.5599073691088423,0.1714226969824875,0.0,0.001067995728017,1.0450391939809027,0.0,0.6340425531914894
Gela,gela,IT,oecd_fua,2011,0.6,,employed persons commuting to work,commute_mode_share,oecd_fua,,FUA code IT060F,"Gela, Italy",IT,False,0.5.0,0.1960644855381697,0.016932586966234,0.2252252252252252,0.0027699413748114,0.0049140890368707,1.0,0.0076913492207036,1.1016505178039644,1.1219148683067186,0.0021434731798704,0.0002348757588616,0.002251276644739,0.0002578858054792,0.0,0.0169745958429561,0.4088177668515174,,0.7456069700103461,0.0019115745292467,0.6481481481481481,0.4187211093990755,0.0145104939151348,0.0,0.2902232486528098,57.47953624487732,160.41979833843217,0.7429098290547281,0.8421052631578947,0.0896843725943033,32.0,1844.0,0.115404004281784,6.650155746737808,7.953141013443693,3.5249434319310065,0.0173535791757049,3.684210526315789,2.510392609699769,2.5707022989091057,523.1289623816274,0.6389111839627499,1.0000000000000002,4.023567537141413,523.1289623816274,0.9443855274471388,0.9676034069822111,0.9861916179932934,0.9999999742304356,0.5862314241120545,0.0914957425159321,0.3262888401706243,0.2599425839414302,2.4224209683027587,0.4929577464788732,0.1279136967828934,1.058397528652686,3.0,1.0,70.0,3261.0,38.0,2598.0,2.67783316220383,3.498009412440779,0.654485705513532,0.0763195870824318,0.0,0.0009199632014719,1.886599281706706,0.0,0.6200923787528868
Parma,parma,IT,oecd_fua,2011,9.9,,employed persons commuting to work,commute_mode_share,oecd_fua,,FUA code IT066F,"Parma, Italy",IT,False,,0.001013924445727,0.0064803716186809,1.362629796635506e-06,0.0002103044978319,0.0331099355416021,,0.2479666132475556,1.1418781214198497,1.1839946898929985,2.161736722408059e-05,2.759256962303169e-05,7.057950175928029e-06,2.817733673243156e-05,0.0063556917489501,0.0228303046264594,0.6785398381457743,0.8332978132718165,0.3827404660735785,0.0009274285712546,,,,0.0137895812053115,0.3200948116934421,148.7730904090022,282.01834897244333,0.0144388416418349,0.6751787538304392,0.0553594943376349,4008.0,12907.0,,,2.4984100782131966,1.9950534281972323,,3.671433435478379,2.416644719515407,,,0.1335257803781314,0.9999470095841352,1604.2202338802708,6469.50092542785,0.9451446324851744,0.9289172213343876,0.9942405666383588,0.994369452295874,0.2502236016365353,0.0033668341708542,,,,,,1.0578758231938927,614.0,6.0,10783.0,22940.0,5874.0,18985.0,3.549918323827799,3.5400194901123427,,,0.000370954279885,0.0022231909328683,,0.0071501532175689,0.6244930208058994
Ferrara,ferrara,IT,oecd_fua,2011,14.2,,employed persons commuting to work,commute_mode_share,oecd_fua,,FUA code IT070F,"Ferrara, Italy",IT,False,0.5.0,0.001366846528587,0.0067170014374789,3.166226472424697e-06,0.0003108136786337,0.0416363094569885,0.9937926012693036,0.2016562058530758,1.0560659685667562,1.0669986902502215,2.9976508738137336e-05,2.932999051425229e-05,1.6130457196689107e-05,2.96669110124534e-05,0.0045698216011951,0.0229066364580383,0.7543031027407663,0.6665965012176123,0.4234142162550401,0.0006758636228568,0.6085465576365076,0.4229098805646037,0.3402726446275869,0.0023727919852359,0.2781081846502407,129.33168184714788,247.74043115076697,0.0169718276308886,0.6736092802530979,0.0922543188898329,2559.0,10196.0,0.9727999685440418,3.875993934847617,2.858883850650785,2.297035166216052,0.2509807767752059,3.649354073292908,2.537099971679411,184.8138058429384,4438.398265064758,0.2064717486915538,0.9999173103693664,895.1045700641105,4438.765304928292,0.9674784092944194,0.9636875628705016,0.9999532042897112,0.9999055852863068,0.3898090634174783,0.0356442160424287,0.1959171581168677,0.1938919053006106,2.1998686849887954,0.4626038781163435,0.1344049853060935,1.1457906689903332,379.0,3.0,6921.0,17917.0,3793.0,14124.0,3.5524612050975928,3.5662843350309683,0.0280701694317649,0.0156260867996262,0.0002889755815633,0.0017860132834737,1.6873898980104052,0.0010545742156604,0.6296374964599264
Forlì,forli,IT,oecd_fua,2011,8.9,,employed persons commuting to work,commute_mode_share,oecd_fua,,FUA code IT074F,"Forlì, Italy",IT,False,0.5.0,8.693679077443458e-05,0.0078896320458358,1.6107380230523914e-06,0.0003879276856093,0.0099354673088944,0.9712434713294742,0.1786456249341903,1.1251048187079402,1.2022704549879484,1.4224551461994096e-05,3.731064246212251e-05,1.1491587637262371e-05,3.788046513070871e-05,0.0035765379113018,0.0251370358878891,0.705210271231048,0.7499509406480427,0.5438109654536631,0.0008374952566339,0.5816782966541421,0.4245927075252133,0.3586065971420826,0.0160944206008583,0.2724945702761402,131.22695601452074,290.89143393291675,0.024044484866379,0.6121244635193133,0.0903661185231151,2296.0,9379.0,0.964984057679967,3.941892629346869,2.6909266738827813,1.9637170029923896,0.2448022177204392,3.488197424892704,2.547161030096184,47.45324695367114,4775.855622861723,0.0556155087064375,0.9999391076287852,853.2376680064139,4776.146453744561,0.9540160551141776,0.9416140215614917,0.9994167420927824,0.9988078616889358,0.3931441250578534,0.012579841096744,0.2200939425949377,0.1730501824629156,2.010014768869019,0.4345725405985773,0.1369719539159781,1.102864712294947,464.0,4.0,6502.0,16419.0,3728.0,12892.0,3.5282958668626057,3.5581912153856665,0.0496345331133432,0.0229214120218995,0.0003075976622577,0.0025580120591997,2.007362885456538,0.0037553648068669,0.6371393112007446
Alessandria,alessandria,IT,oecd_fua,2011,6.3,,employed persons commuting to work,commute_mode_share,oecd_fua,,FUA code IT079F,"Alessandria, Italy",IT,False,0.5.0,0.0031279030954639,0.0059320021741228,2.797200067148417e-05,0.0001992250251003,0.0061852805467513,0.9710410064025192,0.0470117256574676,1.177414923510469,1.1527648111723354,8.506684737939365e-05,2.592113088691372e-05,5.745656491277388e-05,2.5916059089486085e-05,0.0054663875319841,0.0235798094338136,0.6536604893419649,0.4999537236449713,0.5345925353528924,0.0002855922455743,0.5953878406708596,0.4105750602466569,0.0925409017613825,0.0069783670621074,0.3049846444601937,128.80387478455273,268.65351828433944,0.0395740347050962,0.6706210746685276,0.0705882352941176,963.0,14710.0,0.2706887688096102,4.134820134153028,2.9250716565047465,2.100530966199131,0.0654656696125084,3.567341242149337,2.4632175761871014,43.31546561646205,7002.667188208041,0.1315688896812243,0.9999537236449751,329.22270394931684,7002.991261117875,0.9450934431936192,0.938396814066128,0.9999057489713098,0.9940788529460104,0.3796679717855327,0.0010740314537782,0.1564985303200415,0.2231694414654912,2.789852033251771,0.4540370499825236,0.1158653278204371,1.1069207372216048,176.0,2.0,2556.0,26067.0,1433.0,21165.0,3.5325707504331105,3.5779481276384977,0.0458373781974068,0.0050643423518647,0.0007824726134585,0.0010357923811715,1.968464260079395,0.0013956734124214,0.6244271202456886
Arezzo,arezzo,IT,oecd_fua,2011,2.8,,employed persons commuting to work,commute_mode_share,oecd_fua,,FUA code IT080F,"Arezzo, Italy",IT,False,0.5.0,0.0004485011079122,0.0078954887710236,0.0,0.0002790985066832,0.0060452990665946,0.9946855497239347,0.2101917604050449,1.2243763489676904,1.208775838589775,2.7526538707494185e-05,2.829391944941204e-05,7.447742220328611e-06,2.7559658583861428e-05,0.0028971511347175,0.0298492998013277,0.592008737215231,0.7999088013833093,0.4046498014802445,0.0010322093946685,0.5414854196874497,0.4114325869923427,0.3149693973592841,0.0014485755673587,0.3001889809565344,302.93494341147647,285.2923251266125,0.021958808057685,0.5350072428778367,0.0669428696031399,1109.0,9628.0,0.3430694302480322,2.978424233028002,1.089215120974736,1.987622410373667,0.1151848774407976,3.245774987928537,2.468236662305568,29.283298029544248,4843.211020000859,0.028760875568791,0.9998415830413808,1018.1643448059724,4843.978388324755,0.9082623703343428,0.928650570302521,0.968656992180877,0.991723627003252,0.4516326547086522,0.0022692165734829,0.2617242083515567,0.1899084463570955,2.369972471885466,0.4114092337442591,0.117262186034677,1.1442435856116084,412.0,5.0,3361.0,16979.0,2071.0,13758.0,3.570399960361493,3.577362977125432,0.0119057591658864,0.005595547964949,0.0,0.0020613699275575,1.4984859385179037,0.0004828585224529,0.6328681494403257
Grosseto,grosseto,IT,oecd_fua,2011,6.4,,employed persons commuting to work,commute_mode_share,oecd_fua,,FUA code IT081F,"Grosseto, Italy",IT,False,0.5.0,5.070823609785375e-05,0.0097278034826166,0.0,0.0005600097016512,0.0047140174505569,0.9982828678732366,0.2417737913758925,1.1699243741689584,1.188521453204588,2.20010012057814e-05,2.0693510920218523e-05,9.929620728413578e-06,2.023157658196872e-05,0.0065753722421475,0.02929771301356,0.5984281313628013,0.8332032188584182,0.4566403976139647,0.0013602096126471,0.5672648178357803,0.4228916150451435,0.2368303927909558,0.0189109879360939,0.2709168184578021,204.4640923252442,422.31544651467954,0.0208889444805651,0.5546136289533746,0.0765027322404371,1736.0,6004.0,0.3855072273783321,1.333286516808471,1.6277776802009092,1.361116419055536,0.2891405729513657,3.401369416367786,2.536733454766241,20.79393090620664,4410.308945469413,0.0194976362976745,0.999824103728502,1066.4847055684738,4411.084838845828,0.9337902201968914,0.9271026517462376,0.9917395619883536,0.989285367879426,0.3787394583828283,0.0089128265416319,0.2622177687457709,0.1165216896370573,2.6027944800540763,0.4300864741393376,0.134588521105375,1.1011097429916754,487.0,6.0,5216.0,10445.0,3067.0,8235.0,3.569880483433935,3.578353440872729,0.0123757283090946,0.0046963117040593,0.000383435582822,0.002489229296314,0.9795536209412744,0.0114118030648842,0.6525804493017607
Brindisi,brindisi,IT,oecd_fua,2011,2.3,,employed persons commuting to work,commute_mode_share,oecd_fua,,FUA code IT082F,"Brindisi, Italy",IT,False,0.5.0,0.0004525507202442,0.006243660145878,4.481642073655788e-05,0.0004276525731826,0.0023666081378246,0.995795664196272,0.0240633108444264,1.0653366238209494,1.072351454659501,9.979869976661088e-05,3.490189429248364e-05,4.866917831611294e-05,3.465124057969172e-05,0.0047169811320754,0.0272966781214203,0.5979167673951726,,0.5596114016641995,0.0001923729015761,0.5616113744075829,0.4678417124901807,0.0680235626358437,0.0094339622641509,0.1821305841924398,175.9308030004855,181.83920450128696,0.1506012261627692,0.5424528301886793,0.1683357879234168,230.0,16660.0,0.1250765011936073,9.05988917341521,1.838723176896656,3.204932540258736,0.0138055222088835,3.35377358490566,2.8067746686303385,12.302190789006426,5198.237339078269,0.0983492318710898,0.9999999999999956,125.0868009333452,5198.237339078291,0.9621387345808216,0.9713334985929406,0.9958229518115363,1.0,0.3196090247064147,0.002808528859838,0.1250888295915608,0.1945201951148539,2.7360313670528527,0.4234875444839858,0.2017429728734503,1.103404558864332,70.0,1.0,711.0,28587.0,424.0,20370.0,3.434686788393289,3.5676203104147564,0.130884637141968,0.0144191984175352,0.0,0.001154370867877,2.826857994547305,0.0,0.6495336278841434
Andria,andria,IT,oecd_fua,2011,3.4,,employed persons commuting to work,commute_mode_share,oecd_fua,,FUA code IT085F,"Andria, Italy",IT,False,0.5.0,0.0004786903232712,0.0087611371386513,0.00010660458146,0.0012977373361879,0.0100306824429071,0.998481833845682,0.0588095947437585,1.053944642710939,1.0821340677314015,8.765923957489552e-05,4.6939276429227584e-05,5.608551368197101e-05,4.333505498087809e-05,0.0,0.0322094211323679,0.6408344317234471,0.6664728275472405,0.5423007715900869,0.00118120328172,0.5636574074074074,0.4853578602389259,0.0976321322770993,0.0404157043879907,0.1404714089419723,102.23381810220258,184.40303403477984,0.0874068522473989,0.6397228637413395,0.190783215304936,564.0,8132.0,0.3686609024141112,5.315514997219065,3.7760201873680126,3.201848362315737,0.0693556320708312,3.3741339491916857,2.911531550576049,25.47575662412888,2539.172944549298,0.1705620058531649,0.99975980498544,149.36360824731796,2539.7829877610225,0.9726238994755942,0.974331406014328,0.9998978677771152,1.0,0.2961393498183185,0.0326565402132152,0.1146159925729751,0.1815233572453434,2.745380847583077,0.3914302258251302,0.2281017074588994,1.0838653636387714,81.0,3.0,1461.0,13773.0,866.0,9461.0,3.434104928125328,3.56495422894971,0.1313783236708238,0.0168269384612975,0.001368925393566,0.001379510636753,1.660139518092174,0.0115473441108545,0.6687453757530917
Omuta,omuta,JP,oecd_fua,2020,7.4,,employed persons commuting to work,commute_mode_share,oecd_fua,,FUA code JPN58F,"Omuta, Japan",JP,False,0.2.0,,0.0090711802624433,,0.0021685563151782,0.0,,0.0,,1.1046662537948813,,0.0002284978948437,,0.0002314844285362,,0.0388024357239512,,0.4998790622924398,,0.0024570463634786,,0.467005076142132,,,0.1760825439783491,,98.30742199664206,,,0.152232746955345,0.0,4871.0,,,,5.984136418252161,0.0,,2.801082543978349,,,,0.999879062292442,0.0,813.9854541321963,,0.9576829942347728,,0.999807598176354,0.3838925556773214,0.0018090452261306,,,,,0.200524579067603,1.0697517217535326,0.0,2.0,0.0,8280.0,0.0,5912.0,,3.547487632971128,,0.0325281950716338,,0.0015700483091787,,,0.6716847090663058
Orizaba,orizaba,ME,oecd_fua,2015,6.4,,employed persons commuting to work,commute_mode_share,oecd_fua,,FUA code MEX39F,"Orizaba, Mexico",ME,False,0.2.0,0.0914786967418546,0.013748863019957,0.0631578947368421,0.0055469640044885,0.0134360987715359,1.0,0.0166991630363428,1.1588939478388935,1.0335344414709642,0.0011153491052674,0.0003501812512087,0.0012775533101139,0.0003406966473321,0.0,0.0150546561505465,0.5983498497753061,0.4997136709507186,0.8383962837321431,0.0070002581155534,0.5964912280701754,0.4604625398144301,,0.0,0.2420091324200913,140.3239268903011,85.92594008241612,1.3878078730769223,0.6190476190476191,0.2436695724366957,13.0,1826.0,,,2.7247879221294653,6.391235659500335,0.0071193866374589,3.238095238095238,2.760481527604816,,,0.8045971371316427,0.99971367095072,4.771013514270238,285.7037507740336,0.9461515078979916,0.9842211245939116,0.9967477320516648,1.0,0.833887037380064,0.791859296482412,,,,0.4594594594594595,0.1907334302929565,1.0317736152033006,4.0,2.0,34.0,3325.0,21.0,2409.0,2.4731750908691104,3.2893398713059203,0.7553107548340576,0.2498476879666546,0.0,0.0006015037593984,,0.0,0.5143212951432129
Oslo,oslo,NO,oecd_fua,2009,6.0,,employed persons commuting to work,commute_mode_share,oecd_fua,,FUA code NO001F,"Oslo, Norway",NO,False,,0.0004122928025131,0.008153664679791,2.578482541586776e-07,0.0010166383115394,0.2351796945938463,,0.9373143948013192,1.0438715409348591,1.125327182533032,1.49454173877256e-05,0.0001193352251166,1.077723005103832e-05,0.0001217557267277,0.0119415902478547,0.0276090276599355,0.8196371648672882,0.7496188526115735,0.8789331782064126,0.0026835072312747,,,,0.0094740912606341,0.2594603767181401,46.392226884096594,194.49199241044315,0.0165587686967397,0.6963779324568188,0.1172577634481588,10832.0,4364.0,,,7.752935005156239,2.927706389320736,,3.881928332044341,2.6010520957067707,,,0.2509080153876191,0.9995342262453556,1397.148304841453,1490.5866298336364,0.976146022077977,0.946465025853398,0.999013362948954,0.9940391827275644,0.5228740501232428,0.0088442211055276,,,,,,1.1050383109280713,1228.0,4.0,30116.0,7664.0,15516.0,5893.0,3.5735102885846364,3.554238839125037,,,0.0002656395271616,0.0020876826722338,,0.0017401392111368,0.623281859833701
Bergen,bergen,NO,oecd_fua,2009,4.0,,employed persons commuting to work,commute_mode_share,oecd_fua,,FUA code NO002F,"Bergen, Norway",NO,False,0.5.0,0.0002107096330076,0.006310453595182,3.087849165811353e-07,0.0002048340800958,0.0662643671336666,0.9979710844914952,0.4908587644275949,1.0639301852254868,1.1451983244155677,1.777111627295953e-05,6.756257665749477e-05,1.2750748839619098e-05,6.940904285166347e-05,0.0095730452674897,0.0102044298829391,0.7554773618229504,,0.9212491806670626,0.0006186090759947,0.6100648348255634,0.3618364908687489,1.392131325806257,0.0035493827160493,0.4297122965086515,66.92710995360909,152.50281042159938,0.0124673757614624,0.6425925925925926,0.0294870482236101,4175.0,5570.0,7.324811006421148,9.772262827728332,5.261580477818039,3.445652553290805,0.7495511669658886,3.659259259259259,2.170574383126856,107.11832351814392,1616.529790468952,0.1349968095424342,0.999999999999999,793.4878156099894,1616.5297904689537,0.9611899801707456,0.913735508108442,0.9950964126748988,0.9744736281295058,0.7866926586381825,0.0686500032127481,0.4883956003801098,0.2982970582580726,1.461623999808583,0.4714010034735623,0.0427057196989093,1.0955904413256792,731.0,1.0,11856.0,10600.0,6480.0,9767.0,3.542002072589676,3.548915600428277,0.0374332535649135,0.0312492954219489,0.0003373819163292,0.0038679245283018,2.8361138207029133,0.0016975308641975,0.5408006552677384
Porto,porto,PT,oecd_fua,2021,0.4,,employed persons commuting to work,commute_mode_share,oecd_fua,,FUA code PT002F,"Porto, Portugal",PT,False,,0.0009542279910066,0.0111220420266413,6.0046029797118095e-05,0.0035036006865337,0.0623345815366353,,0.1969564428914622,1.0553052556236922,1.0575292032902643,0.0001289495557262,0.0002331567317149,0.0001117361706075,0.0002329082174816,0.0113156885308784,0.0280752254845519,0.7838728972052644,,0.8852129970130256,0.0019159165175052,,,,0.048331415420023,0.1827864133563615,67.23356270821311,108.42197959695412,0.0866386926287446,0.5811277330264673,0.1315486470926885,513.0,2839.0,,,4.990266675469034,5.439286993197353,,3.518987341772152,2.771445020149683,,,0.3164891720297078,1.0000000000000002,102.80011738085786,521.9434097797371,0.9662320313455638,0.9655248062637584,0.9990046743817363,0.9988386031598672,0.6313044922069514,0.0392964824120603,,,,,,1.1349660315899708,91.0,1.0,1529.0,4814.0,869.0,3474.0,3.481551186550773,3.564890868596694,,,0.0,0.0002077274615704,,0.0092059838895281,0.6856649395509499
Braga,braga,PT,oecd_fua,2021,0.3,,employed persons commuting to work,commute_mode_share,oecd_fua,,FUA code PT003F,"Braga, Portugal",PT,False,0.5.0,0.0034877491832788,0.0085433307703414,0.000181817676734,0.0013582553858356,0.012512289463812,1.0,0.077977504963184,1.102685640498356,1.1032994231552435,0.0001746817885553,0.0001302158720154,0.0001697032625048,0.0001323876298032,0.0054901960784313,0.0277180964243084,0.6612584136812063,0.7479033802440369,1.0248046669690358,0.0035126026815328,0.5031446540880503,0.4205471629548876,0.4845377135808987,0.0188235294117647,0.2721469718200218,69.37297642317245,140.56989829775517,0.1019615165973857,0.38,0.064300171259536,392.0,4675.0,2.1390126593239853,25.509908628417428,4.414543180789693,4.105354384041506,0.0838502673796791,3.011764705882353,2.522497275416472,14.248454036198494,1134.2491700663113,0.1604602438834067,0.9960416690753306,88.79740982166072,1138.7567461101148,0.952070431697076,0.9468155559154652,0.9979609493641894,0.988936106856842,0.7243988797694642,0.0576315159758693,0.1477780525356822,0.5766208272337817,1.966424595464359,0.3073746312684365,0.1309866832801183,1.1371595960500458,91.0,4.0,1280.0,8101.0,850.0,6423.0,3.4425042558981542,3.570204152543366,0.1242382095972128,0.0120829190108684,0.0015625,0.0018516232563881,6.213814019949299,0.0811764705882353,0.6635528569204422
Coimbra,coimbra,PT,oecd_fua,2021,0.4,,employed persons commuting to work,commute_mode_share,oecd_fua,,FUA code PT005F,"Coimbra, Portugal",PT,False,0.5.0,0.0145267409385797,0.0089863821757572,0.0003464158791433,0.0012032226623812,0.0720318498431251,1.0,0.1200826618471179,1.0495771164127403,1.1250030323483449,0.0002051735240476,0.0001009905530576,0.0002121944166829,0.00010194014045,0.0090780141843971,0.0290893015030946,0.8474081577955399,0.7485181806665773,0.4419220690446467,0.0033693446590391,0.7087240693378801,0.4150240080869345,0.4466759050794593,0.0042553191489361,0.2881773399014778,57.16081470158677,180.7237756003333,0.0783215385364841,0.7319148936170212,0.0629026146267525,873.0,3757.0,2.735343742287882,11.771691225401574,6.1237772424758194,3.1646569710025454,0.2323662496672877,4.245106382978723,2.489200454717696,85.5143740191498,1185.1159999956153,0.599852207930166,0.9982660662317744,142.5590718657574,1187.1744819185897,0.9708890954019774,0.9407871396255268,0.9999999942236568,0.9875387693439904,0.6339290920436526,0.0255433337974507,0.1897201249537821,0.4442089670898704,1.9712107332345885,0.5893390191897655,0.1227371813098284,1.1401838986338078,63.0,4.0,2494.0,6569.0,1175.0,5278.0,3.496223603676808,3.5590428239639977,0.0778811794991691,0.0221550297344149,0.0016038492381716,0.0019789922362612,3.719736872989545,0.011063829787234,0.6489200454717696
Aveiro,aveiro,PT,oecd_fua,2021,3.3,,employed persons commuting to work,commute_mode_share,oecd_fua,,FUA code PT008F,"Aveiro, Portugal",PT,False,0.5.0,0.0015552624372784,0.0148030927948003,0.0001533611655448,0.003639343154686,0.0115911189494794,0.9166866317501248,0.0906787817957399,1.0942965497947708,1.08228255801315,0.0002428429418392,0.0001692435731646,0.0002334240192184,0.000181210044276,0.0109739368998628,0.0365951916829109,0.6300222837507903,0.4996828454561108,1.0262163563485158,0.0033234303233052,0.5991735537190083,0.4480426583430875,0.2757625338686905,0.0123456790123456,0.1976608187134503,62.72343613873751,174.68442767603403,0.1713967394946228,0.6275720164609053,0.0783625730994152,311.0,2058.0,1.5716164119145408,10.399956835112942,5.699165836149793,3.41980980268108,0.1511175898931001,3.580246913580247,2.686159844054581,6.975394590461474,601.5969935917889,0.1278261432270807,0.999682845456106,54.569389440701634,601.7878533439372,0.9663310214657662,0.9584498438269924,0.9999863344425428,0.9948165020852509,0.731167291305224,0.0506868931656883,0.1852912646202874,0.5458760266849365,2.118037427690119,0.4550155118924509,0.1720975609756097,1.1599234222184482,56.0,2.0,870.0,3445.0,486.0,2565.0,3.388487743271609,3.5610535996810864,0.1696462589368286,0.0203442939038884,0.0,0.0014513788098693,3.0410921762255705,0.0123456790123456,0.7239766081871345
Faro,faro,PT,oecd_fua,2021,1.3,,employed persons commuting to work,commute_mode_share,oecd_fua,,FUA code PT009F,"Faro, Portugal",PT,False,0.5.0,0.0009285890209919,0.0166029517303269,0.0003480682213713,0.0037313975258364,0.0125541200518117,0.9825865948406692,0.0675029720780973,1.123543652912783,1.0878664856036435,0.0002384118005237,0.0001440154039666,0.0001683591695777,0.0001507144393681,0.0,0.0294548286604361,0.6433191165702665,0.6665671361731149,0.780009296410496,0.0056413870453129,0.5680473372781065,0.4343623323978796,0.1767118192233162,0.0,0.2462616822429906,124.64238909667692,190.87728353902497,0.180832983520558,0.5555555555555556,0.0934579439252336,95.0,1613.0,0.4676607810385993,7.94038778752906,2.646460112821326,3.033185768029921,0.0588964662120272,3.3684210526315788,2.603738317757009,6.676081582937362,531.7277876465787,0.1859787749387872,0.9998940842874388,35.897008059842946,531.7841119397236,0.917733885179956,0.955684579709331,0.9941404570193704,0.996573207366872,0.4400335980089671,0.0182013776829247,0.2135010574965932,0.2265325405123739,2.4366623082347214,0.43026706231454,0.151812865497076,1.0739428500917323,28.0,3.0,288.0,2786.0,171.0,2140.0,3.4226639740615674,3.5534926588795006,0.1410570506394097,0.0271443502776513,0.0138888888888888,0.0014357501794687,2.6178376119331483,0.0,0.6602803738317757
Guimarães,guimaraes,PT,oecd_fua,2021,0.2,,employed persons commuting to work,commute_mode_share,oecd_fua,,FUA code PT015F,"Guimarães, Portugal",PT,False,0.5.0,0.0054851991118351,0.0103451898448326,0.0002269825507164,0.0014246263056179,0.0172551366409598,0.9990478095398369,0.0692702635792446,1.160541267273292,1.126343965911387,0.0001648522123754,0.0001052164713084,0.000129316667998,0.00010429741794,0.0181023720349563,0.033441576013422,0.7085973021550975,0.4968970501089262,0.4638215953700314,0.0016064522082513,0.6176100628930817,0.4236370526771696,0.3581035216411291,0.0149812734082397,0.2557233317096931,175.64166033930215,159.10280617143763,0.1351770337292984,0.602996254681648,0.0513070303620717,161.0,4584.0,0.6685369905287408,19.03461841356365,1.8668819213643768,3.681988461312189,0.0351221640488656,3.677902621722847,2.5409969150836176,21.48229066800796,1241.1163494170062,0.2490987582459547,0.9968970501089274,86.24005522659735,1244.9794582914994,0.9177535933804364,0.9378998463009444,0.969827126363882,0.9833353745325316,0.6861063625392951,0.0141685872973892,0.1333646931595739,0.5527416693797212,2.1062795953119724,0.499054820415879,0.1354665800373589,1.1289411645476544,40.0,2.0,491.0,7825.0,267.0,6159.0,3.434125894034599,3.5755438941572657,0.1313605373220501,0.0072460241654314,0.0,0.0016613418530351,5.169657269045348,0.0,0.6929696379282351
Göteborg,goteborg,SE,oecd_fua,2005,12.0,,employed persons commuting to work,commute_mode_share,oecd_fua,,FUA code SE002F,"Göteborg, Sweden",SE,False,0.5.0,0.0051863566875371,0.0054086387415333,0.0001607322102758,0.0001816860435137,0.6904470290637913,0.9968964922628109,0.9671534734631758,1.0432122303995846,1.09353831747622,4.913610911061612e-05,7.589331308987968e-05,5.5778541571661845e-05,7.590894080340758e-05,0.0056578895579958,0.0151938970120788,0.9223017112416708,0.749901499693441,0.2903533597795725,0.0020572619812638,0.6703275074791372,0.384957761831229,1.824927642867592,0.0038375250915102,0.3830714739805649,55.21367388365549,152.92841379056983,0.006223098217848,0.8043452591805408,0.0748342566524384,13714.0,6793.0,13.3089565694747,6.5923685267931775,7.292868087943328,3.493745159681348,2.0188429265420287,4.021490140512457,2.309327036599764,1342.4581513718967,1944.039852562538,0.7138960340921321,0.9998498196846768,1880.4673051295383,1944.3318529333048,0.9799711047687863,0.9509394277118204,0.9996239490201914,0.9948649009073228,0.7825599045859616,0.5601710130326397,0.5379771542248911,0.2445827503610707,1.0829457750326288,0.5215671223170264,0.0775309987736748,1.0645088220403285,546.0,4.0,34058.0,12714.0,16938.0,11011.0,3.5498536947889177,3.5639890941975314,0.0304086704803832,0.017697826409889,0.0004110634799459,0.0023596035865974,1.8869059492004976,0.0053134962805526,0.5420942693669967
Malmö,malmo,SE,oecd_fua,2005,17.0,,employed persons commuting to work,commute_mode_share,oecd_fua,,FUA code SE003F,"Malmö, Sweden",SE,False,,0.0109006318208039,0.0096115220162249,0.0013544127599682,0.0017567818472596,1.3025142807985146,,1.3919361100806968,1.0222189861646922,1.072169263231029,0.0001409665920104,0.0001776242788249,0.00014886155533,0.000178802874368,0.0078073309514357,0.0244683337228324,0.9678536382993744,0.7488220420756369,0.1606615036921257,0.0053886879153959,,,,0.0087336244541484,0.25519981304043,49.2529422834428,130.80100871385858,0.0126339792441263,0.8106391425168717,0.1624211264314092,8212.0,3185.0,,,7.947905230841787,4.290742752634046,,4.163953949980151,2.652488899275532,,,0.935757231503249,0.9985004575897428,1033.228223222063,742.2957244511475,0.9891811188503098,0.9692497957697664,1.0,0.9999652085851964,0.5783473130228487,0.06451449165017,,,,,,1.084639064336006,166.0,4.0,20978.0,5675.0,10076.0,4279.0,3.5260328893723014,3.497766291791266,,,9.533797311469158e-05,0.0038766519823788,,0.0043668122270742,0.5819116616031783
Liverpool,liverpool,UK,oecd_fua,2021,2.4,,employed persons commuting to work,commute_mode_share,oecd_fua,,FUA code UK006F,"Liverpool, United Kingdom",UK,True,0.5.0,0.0001225136370872,0.0056901175583738,3.0135595064653994e-06,0.0002469170776051,0.0206995900757444,0.9573950108603424,0.1507997600953684,1.0331272085982814,1.0530893239433492,4.211519632028747e-05,0.0001521891772523,3.2497541460919555e-05,0.0001521571910597,0.0106987629555332,0.0115756158624436,0.7842584359520695,,1.3141342074089075,0.0007206222662195,0.5600736278447122,0.401294498381877,1.5671544546053715,0.0315947843530591,0.3290583150286969,62.52263330412557,81.6864590413261,0.05156110720031,0.5466399197592778,0.0646921278254092,1120.0,9469.0,8.387583383058143,70.91252415551568,5.352110226538096,6.823572238833061,0.1182807054599218,3.357071213640922,2.4074257776518104,28.72460517260442,1387.6895661940448,0.1372654045513975,0.9999999999999978,209.2632536689083,1387.689566194048,0.9698087639027728,0.9735582765051554,0.99980232525837,0.9999955254503832,0.7752076918019812,0.0151260078731187,0.3003839479534295,0.4748237438485518,1.867334671695876,0.4087371328144614,0.1019099252329825,1.1735111605852953,275.0,1.0,3347.0,16988.0,1994.0,14113.0,3.4988066255408667,3.563066739959897,0.0756220411498365,0.0185297508167452,0.0,0.0011773016246762,10.392287452011036,0.0150451354062186,0.6062495571458939
Edinburgh,edinburgh,UK,oecd_fua,2021,4.1,,employed persons commuting to work,commute_mode_share,oecd_fua,,FUA code UK007F,"Edinburgh, United Kingdom",UK,True,0.5.0,0.0004984043419448,0.0053790888190675,9.015777203868686e-07,0.0001937053835644,0.1046152839263775,0.9477187227664968,0.552977487629355,1.045784683760255,1.080972558096008,1.2849716682268426e-05,0.0001189155532837,1.1053393728079791e-05,0.0001203405015895,0.0120406528487033,0.0166599086313626,0.7942885876384742,0.666568518772549,0.7282701671761066,0.001980575446035,0.6186899038461539,0.3943818098250736,3.068838832429698,0.0123160108140582,0.3427134863352526,67.80000378447312,103.83980912126404,0.0135780164394828,0.6557524782216881,0.0502797826615846,4389.0,8105.0,16.080603613881355,29.69544139678933,5.2399635471080845,5.350854663371274,0.5415175817396669,3.71102433163112,2.3659070634985,158.4619522611124,1514.5580178800035,0.1891854302692664,0.999898807269534,837.6012467533809,1514.7112956518786,0.9685375986187292,0.962474000956878,0.9995648967117672,0.9995861052836325,0.8123329370592679,0.0652985551719728,0.4358501052821497,0.3764828317771181,1.3259675480951203,0.4737435203966644,0.0916169850346757,1.1973771097047723,610.0,3.0,12354.0,14587.0,6658.0,12331.0,3.55564115331868,3.5370716435380825,0.0252144751724203,0.0418312893173584,0.0004856726566294,0.00178240899431,5.549663234186946,0.0034544908380895,0.6070067310031627
Manchester,manchester,UK,oecd_fua,2021,2.3,,employed persons commuting to work,commute_mode_share,oecd_fua,,FUA code UK008F,"Manchester, United Kingdom",UK,True,0.5.0,0.0001837231174785,0.0056546989201935,4.314476973438323e-06,0.0002921973325453,0.0361487265914727,0.9006840076845524,0.3130796422226203,1.0535823934719626,1.0615099144615985,3.68639158384539e-05,0.0001330656971691,2.649069427690213e-05,0.000135970001797,0.0068662674650698,0.0133723624832296,0.8175395875904581,0.8747146422413221,0.8085418840620953,0.005904093382721,0.5926192187874431,0.4084266510527214,3.668178086609625,0.0459880239520958,0.3140870837907061,57.1802733049282,80.93854121137014,0.0222587197978983,0.6093413173652694,0.0777167947310647,2667.0,9373.0,23.06119615685357,81.04709095545125,6.28682566995221,6.917383409530526,0.2845407020164301,3.5540119760479043,2.4502012440541527,48.98123962234868,1354.321890076256,0.1154617602564161,0.9995053636591826,424.2204476492623,1354.9921184195475,0.9752627906717756,0.9726436948491586,0.9998204433497312,0.9999979653363408,0.8259889556120101,0.0618837259344581,0.3770417914431423,0.4489471641688679,1.6784326361221171,0.4298382264829239,0.1128636779505947,1.1914838608775464,343.0,8.0,7419.0,16741.0,4175.0,13665.0,3.568412184742266,3.568011836403176,0.0137034889684427,0.0140653630556458,0.0,0.0017322740577026,11.71643758300103,0.0294610778443113,0.6081961214782291
Cardiff,cardiff,UK,oecd_fua,2021,2.2,,employed persons commuting to work,commute_mode_share,oecd_fua,,FUA code UK009F,"Cardiff, United Kingdom",UK,True,0.5.0,0.0004688478113558,0.0060207462063475,1.0354645260995448e-05,0.0002087464728565,0.0658801245927842,0.99744568443993,0.3601399569075406,1.0663368962791593,1.0732379072070573,3.993764436053273e-05,0.0001367880163192,3.8829423759057565e-05,0.0001372984756981,0.0066821865838937,0.0095680300500834,0.7981290044788085,0.4999530115120805,0.7071067725105663,0.0018863511302295,0.6274154589371981,0.3790092534613511,2.554003665900602,0.0263838592860838,0.3841819699499165,52.50071037065387,97.31509803055256,0.0233230575519047,0.6828763579927574,0.0409015025041736,2689.0,5902.0,17.98595701700712,39.47680115819116,7.042259671410788,5.56662218530732,0.4556082683835988,3.7625452664252457,2.273580968280468,69.84926988091375,1060.1981735928605,0.1829292288433793,0.9999530115120836,381.8376665257656,1060.24799304287,0.9705903541718878,0.964719020381876,0.9995196463304622,0.997702643230872,0.7914056089006548,0.093991259555925,0.3766164426230094,0.4147891662776453,1.564321398884332,0.4758638540183771,0.0685174555132286,1.168892840425556,270.0,2.0,7273.0,10895.0,3866.0,9584.0,3.562800347055951,3.576071881218518,0.0187699603249619,0.0067671162538297,0.0,0.0009178522257916,7.09169759398926,0.0126745990688049,0.5749165275459098
Sheffield,sheffield,UK,oecd_fua,2021,1.4,,employed persons commuting to work,commute_mode_share,oecd_fua,,FUA code UK010F,"Sheffield, United Kingdom",UK,True,0.5.0,4.402091477809493e-05,0.0051659852635213,9.498930299626556e-07,0.0001942250404542,0.0174225115392651,0.9963355045837836,0.2879254110114085,1.0527893275391202,1.0706811854929257,2.29583294391492e-05,0.0001138884301476,1.6100363516261877e-05,0.0001158831079611,0.0063122923588039,0.0167605238742529,0.739375024112833,0.4999929618241301,0.8740553654141023,0.0010551897288619,0.5879233934789491,0.395481323234285,1.4827882787842783,0.0465116279069767,0.3381448637452262,73.45968768579532,103.42083994913322,0.0089305879077798,0.6207878500237304,0.0478995404233283,2667.0,10223.0,7.246407020130795,27.77653504566821,4.887013961340484,5.393602299078012,0.260882324170987,3.525866160417656,2.3725807495630784,33.02251919767128,1895.3803936333168,0.0605105033212049,0.9999929618241268,545.7320198177733,1895.3937337477648,0.9663336835566372,0.9684076820550274,0.9961541912996128,0.9984641739818324,0.7171391530966299,0.0041687132403874,0.3274804341638941,0.3896587189327358,1.7523613241148013,0.4383236376587914,0.0932250024277344,1.2071786316305513,477.0,2.0,7429.0,18327.0,4214.0,15449.0,3.570576478252672,3.5776257473988093,0.0117460385371396,0.0053570199732857,0.0,0.0009275931685491,5.149904183780173,0.0121025154247745,0.613826137614085
Bristol,bristol,UK,oecd_fua,2021,5.6,,employed persons commuting to work,commute_mode_share,oecd_fua,,FUA code UK011F,"Bristol, United Kingdom",UK,True,0.5.0,0.0009180625510544,0.0067351866670017,9.082650470891196e-06,0.0003756573938261,0.0459610178372414,0.9929487606589024,0.3207326189193063,1.045464507235873,1.0638951055887322,4.745562722694813e-05,0.0001506668344635,3.8397508604116754e-05,0.0001496339041921,0.0162316711318526,0.0174944449660438,0.8342626028540161,,0.8002684175669802,0.0008790143335776,0.6287328490718321,0.403825085297524,1.5461965060167189,0.0320629159104658,0.3117078208618909,58.54903330570488,88.18214686104672,0.0168465091461103,0.6721113127646703,0.0450661909679842,2251.0,7331.0,9.538783877553774,31.06567063809273,6.169192492956412,6.44405407945757,0.307052243895785,3.770114942528736,2.422495540324852,52.28699474123272,1137.6378766543698,0.1433001045921209,1.000000000000005,364.8775755611528,1137.6378766543637,0.9686649095999744,0.9697041828279124,0.9980157428836928,0.9997050276065872,0.8077374594785897,0.0404277024218838,0.3755405792162651,0.4321968802623245,1.4404828311698274,0.4870591796579385,0.1056956378832699,1.1852326023475308,292.0,1.0,6232.0,12901.0,3306.0,10651.0,3.562999481674233,3.572268987702454,0.0185904011513474,0.0102139313236473,0.0,0.0013177273079606,4.820827115204422,0.0087719298245614,0.6432259881701249
Belfast,belfast,UK,oecd_fua,2021,1.5,,employed persons commuting to work,commute_mode_share,oecd_fua,,FUA code UK012F,"Belfast, United Kingdom",UK,True,0.5.0,0.0003804500459296,0.0068325831824458,3.857059348763113e-05,0.0002163482103448,0.0437060430332201,0.992485477817216,0.2397304027482581,1.120276082105616,1.078042369423825,5.079070407179728e-05,0.0001521930026387,3.995118216729991e-05,0.000153333424026,0.0204416761041902,0.0143281365998515,0.7677070506612704,0.4999478250661142,0.4665877481375394,0.001761500295723,0.6394557823129252,0.3895647703906785,1.9755648062744644,0.0356738391845979,0.3508651704642796,80.43406835526318,83.2340575274895,0.0259544031202937,0.6919592298980748,0.0385471989035463,1275.0,7578.0,9.254033670714216,55.001621299350845,4.684247077758762,6.674324620494725,0.1682501979414093,3.832389580973953,2.336988178859003,49.62365676501849,1135.3365395327917,0.1823133091680327,0.9999478250661116,272.1888873142106,1135.395778732484,0.9638832162748306,0.9632610163974036,0.997781806287702,0.9998447898339776,0.8223276033347703,0.0094299022834286,0.395024602907231,0.4273030004275392,1.616021078979194,0.494754749078537,0.0843507689671421,1.2389305327492233,127.0,2.0,3384.0,13641.0,1766.0,11674.0,3.555821939444031,3.575980999034965,0.0250519976544599,0.0068495586930703,0.0,0.0010996261271167,8.240777071354662,0.0300113250283125,0.610587630632174
Newcastle upon Tyne,newcastle upon tyne,UK,oecd_fua,2021,2.3,,employed persons commuting to work,commute_mode_share,oecd_fua,,FUA code UK013F,"Newcastle upon Tyne, United Kingdom",UK,True,0.5.0,0.0009899398630961,0.0056601894113694,4.126454993792484e-05,0.0002183406061509,0.0945326811378506,0.9804482172663492,0.3759664642269937,1.0410108068405344,1.0709558258920937,4.910994429248293e-05,0.000153554659222,4.755109720839841e-05,0.0001575857585445,0.0114472517730496,0.014263887373131,0.8511774007113326,,0.5138348062537855,0.0010614541500219,0.6393878908848969,0.3902776261689044,3.0766587858710386,0.0345744680851063,0.3594892502455528,61.42896961127248,87.83365756655955,0.0250031018292862,0.6848404255319149,0.0591509331005129,2120.0,5869.0,18.414813554020608,50.97950035308818,5.985328512406732,6.229674406478928,0.36121996933038,3.833776595744681,2.3411546436756523,89.05959916958659,942.1038110589172,0.2514391312326611,0.9999999999999992,354.1994387785971,942.1038110589178,0.9709533006035294,0.9669049062083416,0.9996442883740492,0.999978486055518,0.7901911779273482,0.0274812030075187,0.3513325754687029,0.4388586024586451,1.4691966289083476,0.4891033105972384,0.0853665192947983,1.1985132106435636,182.0,1.0,5766.0,10726.0,3008.0,9163.0,3.534038601401855,3.54617414916952,0.0445318171203428,0.0337038163393975,0.0,0.0016781652060413,8.183333032633128,0.0199468085106383,0.5813598166539343
Aberdeen,aberdeen,UK,oecd_fua,2021,1.6,,employed persons commuting to work,commute_mode_share,oecd_fua,,FUA code UK016F,"Aberdeen, United Kingdom",UK,True,0.5.0,0.0001414759400678,0.0071698245866968,6.369424735211428e-06,0.0003752212269485,0.0248757527209816,0.986186239657578,0.3511610581034143,1.0570738639142556,1.080910111465644,3.400562043717098e-05,0.0001370738765893,3.09956324153466e-05,0.000135913975457,0.0090788601722995,0.0179367285900838,0.7493859453548408,,0.6942509719842186,0.0010074128343442,0.6193129062209842,0.3986853747945898,1.6955552464164798,0.010337972166998,0.3266776191077973,74.65776691011864,104.90823413971708,0.0190641861397337,0.6715705765407555,0.0442310122583091,1696.0,5328.0,8.24971458215033,25.91655618732132,4.865494415228243,5.367495581386023,0.3183183183183183,3.7129224652087474,2.3915076456464046,24.6927097540648,992.6417114300046,0.07083858573423,1.0000000000000018,348.5771137033439,992.6417114300028,0.9614354395022058,0.963425314325266,0.9984154764749632,0.99913970176917,0.7403274722586178,0.008278061870285,0.4062922383778166,0.3340352338808012,1.6949714655879853,0.4768159203980099,0.0979710511345679,1.175071847511139,242.0,1.0,4669.0,9462.0,2515.0,7913.0,3.527745747329987,3.553562833560345,0.0501226256465447,0.0270813464075401,0.0,0.0011625449165081,4.828426180209171,0.0027833001988071,0.6290913686338936
Cambridge,cambridge,UK,oecd_fua,2021,14.6,,employed persons commuting to work,commute_mode_share,oecd_fua,,FUA code UK017F,"Cambridge, United Kingdom",UK,True,0.5.0,0.002848406714718,0.0120963906779792,8.433733410850732e-05,0.000670016600177,0.4045621231272231,0.9524515678587318,0.9216271570654172,1.0264763630750575,1.0795707285283205,5.263844358282769e-05,0.000228261694102,5.600758285917643e-05,0.0002255192141896,0.008456214264219,0.0188531905399375,0.8838495646792375,,0.8323364121844827,0.003143868201982,0.6052393857271906,0.3811118553248493,7.198895154302636,0.0367138128197412,0.3775100401606425,48.61537276226741,93.16915401543886,0.0489402039559842,0.6433945230213662,0.0401606425702811,2217.0,1860.0,54.44281961200471,45.6759785648754,7.562663220545074,5.847594855686567,1.1919354838709677,3.629250677099007,2.285140562248996,128.6829145293592,318.0794918087094,0.4389650630688905,1.0000000000000036,293.1506977564725,318.07949180870827,0.9817765670535976,0.9585093595647586,0.9999981593665044,0.9997993563497928,0.8658963992612198,0.6066685087961684,0.4857282394208329,0.3801681598403867,1.3278308386030029,0.4443607890377955,0.0715123094958968,1.1273324909255058,244.0,1.0,6030.0,3414.0,3323.0,2988.0,3.520564686249896,3.544129746455285,0.0564825090731676,0.0355322177271867,0.0,0.002929115407147,7.811070994505924,0.0237736984652422,0.5823293172690763
Exeter,exeter,UK,oecd_fua,2021,3.3,,employed persons commuting to work,commute_mode_share,oecd_fua,,FUA code UK018F,"Exeter, United Kingdom",UK,True,0.5.0,0.0023374801995413,0.0097225572118011,7.834598198453791e-05,0.0004245382763493,0.1609146195055305,0.990529340032362,0.5330296609527906,1.0565167700771216,1.0894951291541224,7.34631045808466e-05,0.0002264065443746,5.161312026734557e-05,0.0002243557752189,0.0063371356147021,0.0107127704709376,0.8571423301378764,,0.6778900683634326,0.0023616700215883,0.6293275330795722,0.3687040181097906,4.714996892267841,0.024443237370994,0.4085702163767501,65.00585025959172,81.24120869446635,0.0331228346496125,0.6865833785985878,0.0277895630038184,1277.0,2788.0,26.67719408701379,58.24276986264248,5.6579452111117865,6.584336020188447,0.4580344332855093,3.771863117870722,2.2112855324565124,68.13594534146802,423.42917971555966,0.301886801604803,1.0000000000000024,225.70031210130247,423.4291797155586,0.9666546559674168,0.9583862264614532,0.996016268682408,0.9978830917526192,0.8106598871423866,0.1883507818535389,0.4052790404284112,0.4053808467139754,1.3989520353633005,0.4851781343486538,0.0529555343308925,1.161332372821977,153.0,1.0,3472.0,5212.0,1841.0,4714.0,3.546277180041027,3.570462748730624,0.0336116253637143,0.0118489471530235,0.0,0.0026861089792785,8.84565576302036,0.0070613796849538,0.5636402206194315
Lincoln,lincoln,UK,oecd_fua,2021,3.5,,employed persons commuting to work,commute_mode_share,oecd_fua,,FUA code UK019F,"Lincoln, United Kingdom",UK,True,0.5.0,0.0039230374240301,0.0118940849257299,0.0006252857097715,0.000590667351276,0.1459292445938397,0.9902420802402688,0.3481780535096656,1.0303483287686857,1.0715739414749952,0.000156731431521,0.0001985299931286,0.0001256404354819,0.0001890602605717,0.0011454753722794,0.0076227008950526,0.8207279558781999,0.7495924768334732,0.4756078202160438,0.0137996837563997,0.6398775353999234,0.3683692549945871,2.826649902181023,0.0332187857961053,0.4107406314547064,60.36093762766823,77.44101389090207,0.1029828123322037,0.7571592210767468,0.028917084685748,676.0,1997.0,18.933306578737124,55.93167638718644,6.698143468042618,6.8894921153825806,0.3385077616424637,3.8304696449026334,2.208911183239894,42.29930110569769,289.7081502962849,0.4191224665738119,0.999470213935066,100.92348771346128,289.86171499364644,0.976460889002255,0.9691718420928268,0.999597907435306,0.9999992622535456,0.8006191985336187,0.0901608679386457,0.3722101624037724,0.4284090361298462,1.515010454299896,0.4865020103388857,0.0528569319356267,1.1054995212690353,48.0,4.0,1672.0,3743.0,873.0,3389.0,3.476649357075308,3.565461118465976,0.0949111870120136,0.0163693928852779,0.0011961722488038,0.0024044883783061,8.118403425167502,0.0171821305841924,0.5603422838595455
Stevenage,stevenage,UK,oecd_fua,2021,2.7,,employed persons commuting to work,commute_mode_share,oecd_fua,,FUA code UK021F,"Stevenage, United Kingdom",UK,True,0.5.0,0.0289956368615186,0.0089983387440009,0.0053373075012419,0.0005664017249771,0.5215160645884424,1.0,0.6103816244608175,1.0254428444385495,1.067651476403903,0.0002166872223161,0.0002667261535392,0.000246052336636,0.0002709604006572,0.0304045668900471,0.0045364332293734,0.920624955200934,0.4975455884514703,0.2714058112502638,0.007362716442624,0.6885408898831717,0.3558392434988179,6.380517206827206,0.0096798212956068,0.4408846044797278,59.8568147446222,72.18678539706565,0.0265966592385076,0.7974683544303798,0.0153104621491352,1071.0,1972.0,41.21468487942188,75.88735628591965,6.459458307756278,7.259638412427352,0.5431034482758621,4.125093075204766,2.133824780266516,141.66403627044284,270.9721598611343,0.854409837532585,0.9975455884514683,165.80337684260348,271.63887344915804,0.982546972800102,0.9720415780085828,0.9998547706401965,0.99978199976154,0.8240565440155954,0.3460562248995984,0.4261438502815847,0.3979126937340106,1.1674842044828249,0.5490488623647892,0.0337636544190665,1.104927701853583,45.0,2.0,2770.0,3763.0,1343.0,3527.0,3.538205954335396,3.5217882893759898,0.0408203545952665,0.0554003388535156,0.0,0.0010629816635663,10.453324528672464,0.0,0.5438049333711369
Wrexham,wrexham,UK,oecd_fua,2021,1.4,,employed persons commuting to work,commute_mode_share,oecd_fua,,FUA code UK022F,"Wrexham, United Kingdom",UK,True,0.5.0,0.0001251316459996,0.0076671939751956,1.9070267821754142e-05,0.0003168567648367,0.011164975515517,0.9133436141629364,0.1348957238764741,1.0687351213298906,1.1003957078427091,8.03722375396196e-05,0.0001087894317168,6.74455280680605e-05,0.0001124721493313,0.0031670625494853,0.0135866983372921,0.577742868021544,,0.7621234420978263,0.0008567266117084,0.5801587301587302,0.3802735096890015,0.3126032966642295,0.005938242280285,0.3752969121140142,107.69822686377536,162.07074399012947,0.0463713986223838,0.5783847980997625,0.0302454473475851,495.0,3945.0,0.9827494894175912,7.832215627782619,3.143759198653534,3.3797864831899145,0.1254752851711026,3.472684085510689,2.2809184481393507,13.032133428483094,1167.2334982169114,0.0827674532199473,0.9999999999999992,157.4548076748396,1167.2334982169125,0.9555136648115288,0.9601739501726296,0.9936342919650444,0.9978049970421952,0.5210572448485155,0.0022305764411027,0.3312488607153077,0.1898083841332078,2.461147604073827,0.4407385348421679,0.0703366336633663,1.111366093103077,120.0,1.0,1462.0,7202.0,842.0,6315.0,3.537267818676012,3.5739000713809066,0.0416564897665593,0.0087363055632707,0.0,0.0018050541516245,2.317369948290464,0.009501187648456,0.5944576405384007
Portsmouth,portsmouth,UK,oecd_fua,2021,5.5,,employed persons commuting to work,commute_mode_share,oecd_fua,,FUA code UK023F,"Portsmouth, United Kingdom",UK,True,0.5.0,0.002083910467543,0.0132128722925197,0.0002848599942632,0.0022345116653042,0.0888307772654145,0.9930537694658784,0.2772442800662,1.03869375917915,1.056121248044459,0.0001202255529131,0.0002253905645861,8.955009511741786e-05,0.0002255909477239,0.0157232704402515,0.0153570755605803,0.8344857344530827,,0.5908407145606369,0.0022751001186411,0.6361525704809287,0.4188348416289593,2.0259800066214813,0.0377358490566037,0.2778405879027699,63.53506504785956,98.92889852591657,0.1073005438932456,0.7130089374379345,0.0667043527416619,731.0,2555.0,12.153194556627664,42.47799191817193,5.998674476997578,5.812880803128145,0.286105675146771,3.809334657398213,2.5115884680610514,39.04477721115431,439.5410961506464,0.3204061676013789,0.999999999999998,121.86025476179464,439.5410961506473,0.9673284014538848,0.9719804128256648,0.998685714560306,0.9999626462163276,0.813559576124117,0.1053541346224273,0.4157225675336582,0.3978370085904588,1.4634626783918927,0.4892981582877053,0.1281289775137887,1.1645375258624404,72.0,1.0,1918.0,4443.0,1007.0,3538.0,3.518731584181706,3.3757677804975312,0.0581025673119365,0.1801632432440588,0.0,0.00067521944632,7.307562868881264,0.012909632571996,0.6554550593555681
Worcester,worcester,UK,oecd_fua,2021,2.9,,employed persons commuting to work,commute_mode_share,oecd_fua,,FUA code UK024F,"Worcester, United Kingdom",UK,True,0.5.0,0.0032997061886838,0.0124274474501592,0.0005791892086273,0.0006136850640493,0.1092792802777509,1.0,0.4039020624156431,1.0487887517066732,1.0618443603372811,0.0001165371349557,0.0002324625788104,9.561916918580634e-05,0.0002249528703361,0.0082565284178187,0.0134375638667484,0.8314559645768598,,0.4823776508611693,0.0031939889843613,0.6297151655119323,0.370040899795501,3.798621028861135,0.0080645161290322,0.4012875536480687,77.29641599920072,86.51232881783116,0.0518700275066355,0.7027649769585254,0.0214592274678111,613.0,1953.0,18.41381543602793,58.66587527987366,4.847499999637653,6.23786048645762,0.3138760880696364,3.769585253456221,2.218884120171674,34.21404419765194,313.0881179917318,0.2705588568282551,1.0000000000000029,126.45693657469238,313.088117991731,0.9723735248729214,0.9691224630244472,0.997472650123128,0.998377884670792,0.8071556048033472,0.1071270473660911,0.3563650337699435,0.4507905710334037,1.5624771287283226,0.4789139225880993,0.0549163982205859,1.1972970124677993,61.0,1.0,1636.0,3619.0,868.0,3262.0,3.5389073435021388,3.558428792222673,0.0401949870355502,0.0227076413393468,0.0,0.0008289582757667,9.404807210298648,0.0034562211981566,0.5772532188841202
Coventry,coventry,UK,oecd_fua,2021,2.7,,employed persons commuting to work,commute_mode_share,oecd_fua,,FUA code UK025F,"Coventry, United Kingdom",UK,True,0.5.0,0.0005005054772842,0.0060595593645882,3.938113601794521e-05,0.0002333994568262,0.0300334368796068,0.9946238984465376,0.2602975892282904,1.047010874298391,1.0611187361332044,4.601693938836067e-05,0.000159339695169,3.64095428286799e-05,0.0001531161670973,0.0055399500624219,0.0110359309379374,0.7714161037392069,,0.629340788711888,0.0011143938102362,0.633864417369572,0.3819136522753792,2.367586006130847,0.0107677902621722,0.3734251049930004,57.55981798985522,91.38902600614924,0.0190035760876239,0.7265917602996255,0.0368642090527298,1564.0,5371.0,15.852985354467265,54.44142221153688,6.695843493506074,5.985409154779138,0.2911934462856079,3.799625468164794,2.290947270181988,26.95046993597229,897.3488463543757,0.115381156501094,0.999999999999996,233.5777414028325,897.3488463543794,0.9651688097988924,0.9696946103922756,0.9992607680889648,0.9993279479697784,0.7756227123058201,0.0270525560131484,0.4161407498964167,0.3594819624094034,1.5353182734473527,0.4848839934380126,0.0728163836863294,1.1928792863193045,147.0,1.0,4058.0,9819.0,2136.0,8572.0,3.548790129178453,3.5623086708100624,0.0313617023782845,0.0192132331783697,0.0004928536224741,0.0005092168245238,9.09568933446552,0.0056179775280898,0.5897106859542697
Kingston upon Hull,kingston upon hull,UK,oecd_fua,2021,5.6,,employed persons commuting to work,commute_mode_share,oecd_fua,,FUA code UK026F,"Kingston upon Hull, United Kingdom",UK,True,0.5.0,0.0014418566194568,0.0063065399489822,4.152245165989442e-05,0.0002379252847265,0.070238048168926,0.941672594629572,0.2839573646251716,1.0468364267395849,1.0623850983495802,5.712183216919349e-05,0.0001709413789577,4.957392871816696e-05,0.0001723615234725,0.0118554327808471,0.0102984897134023,0.8255520077190415,,0.7253637163261001,0.0013203357005299,0.6184877823881973,0.3719519448078981,2.6323316477434755,0.0089779005524861,0.4043286954453561,80.15822613525721,80.73586408360582,0.046586244239259,0.6678176795580111,0.0392436674991081,972.0,5009.0,11.897017476570086,61.30880714006128,4.519573924801085,6.613561523954768,0.1940507087242962,3.705801104972376,2.2311808776311097,53.1971135376644,757.3831409683079,0.2473542049583444,1.0000000000000022,215.06452072089508,757.3831409683062,0.966889423980448,0.97119814818523,0.998842837662819,0.9999825630965437,0.802968156018839,0.0469222687746034,0.3479126358367682,0.4550555201820708,1.4738836181065635,0.4811483915600138,0.0578718848510081,1.158412919632308,156.0,1.0,2683.0,9381.0,1448.0,8409.0,3.480433565551566,3.5222426203391333,0.0916312226274186,0.0549983648459027,0.0007454342154304,0.0006395906619763,9.270165086995354,0.0034530386740331,0.5564276370555358
Stoke-on-Trent,stoke-on-trent,UK,oecd_fua,2021,1.5,,employed persons commuting to work,commute_mode_share,oecd_fua,,FUA code UK027F,"Stoke-on-Trent, United Kingdom",UK,True,0.5.0,0.0007306967975762,0.0081173046976374,1.4814807599869677e-05,0.0002220002165315,0.0759622716988265,0.8785181312309519,0.3781588008978908,1.052642595483014,1.0616828285754167,3.25302392585985e-05,0.0001472927444133,3.0460304390695304e-05,0.0001492400554725,0.0151216305062458,0.0127237757064654,0.8178005238864077,0.4988161517255549,0.5310194229869338,0.0023214990549159,0.6074366567949984,0.3884572697003329,3.486524207575175,0.0364891518737672,0.3570794496227252,88.24172803771778,82.04879087624163,0.033882412046607,0.6301775147928994,0.0440523746116289,1302.0,5794.0,13.933748664528226,62.00625173753959,3.996458316352531,6.725382762091476,0.2247152226441146,3.641025641025641,2.33022636484687,65.44243172356329,860.4924043458013,0.2008740019231698,0.998816151725561,325.788459915254,861.5123042005371,0.9674887039066116,0.9734577120433956,0.9972255033556436,0.9999545014028766,0.764587838283736,0.0528670562454346,0.3577103095453129,0.4068775287384232,1.413511315502121,0.453468279437176,0.0826904933681114,1.220329765961155,173.0,2.0,3692.0,10500.0,2028.0,9012.0,3.530609953722122,3.5712712591942672,0.0475799909589007,0.0111172468501626,0.0,0.0013333333333333,9.219735728209576,0.0118343195266272,0.5988681757656458
Nottingham,nottingham,UK,oecd_fua,2021,3.0,,employed persons commuting to work,commute_mode_share,oecd_fua,,FUA code UK029F,"Nottingham, United Kingdom",UK,True,0.5.0,0.0037942424827455,0.0070804840658622,5.618583729612731e-05,0.0002386350009633,0.1869620393063541,0.9928238856991514,0.4069921973459284,1.045596755199819,1.0651075569087078,6.189704213976254e-05,0.000176025201701,5.020434155879685e-05,0.00017545401943,0.0079172289698605,0.0102695610687022,0.879622713821802,,0.7243807785608904,0.0012284055199235,0.6261589702043389,0.3892865664519208,4.439354995365645,0.0350877192982456,0.3543654580152672,47.63045723358715,83.1610400512482,0.0315785163642151,0.7130904183535762,0.0435353053435114,2736.0,5413.0,36.65993107750304,72.52931539565934,8.257940875594151,6.649359079346158,0.5054498429706262,3.754925775978408,2.335162213740458,152.19895732639677,814.063421061667,0.4593749966843792,0.999999999999998,331.3174605168322,814.0634210616686,0.9719531930382532,0.9710990029582758,0.9996735944778884,0.9999101704705302,0.8144079235840191,0.0580232706814985,0.3696235977892103,0.444784325794809,1.4325380795854308,0.4714382174206617,0.0838752013362763,1.1580897892448916,240.0,1.0,6956.0,9789.0,3705.0,8384.0,3.544010737582304,3.5738392757756072,0.0356385993904009,0.0087914010849443,0.0005750431282346,0.0021452650934722,10.907715244458007,0.0253711201079622,0.6020992366412213
Bath and North East Somerset,bath and north east somerset,UK,oecd_fua,2021,3.1,,employed persons commuting to work,commute_mode_share,oecd_fua,,FUA code UK031F,"Bath and North East Somerset, United Kingdom",UK,True,0.5.0,0.000103212275524,0.008007616271663,9.980020099065356e-06,0.0002939015302953,0.0171586871227155,1.0,0.2256154134961433,1.0710377699598332,1.0899532684159328,4.9161007879223606e-05,8.933319813886494e-05,2.712018215540012e-05,8.921646085961618e-05,0.0049751243781094,0.0152516647081864,0.6703431786841052,,0.6142155810730084,0.0009426972945548,0.5649717514124294,0.3760407483592908,0.6816087276389845,0.026865671641791,0.3835193889541715,140.78214701788204,138.15914327789997,0.0562525702479663,0.5890547263681593,0.0224735605170387,601.0,4197.0,1.7116426879417614,11.953018903979322,2.511180709012776,3.956500545246643,0.143197522039552,3.383084577114428,2.255581668625147,18.20169339811067,1060.785902087717,0.0760528141975053,1.000000000000001,239.32964993039943,1060.7859020877158,0.9601211005228604,0.9606690851796864,0.994016946465287,0.9962560839196752,0.6016372558744955,0.0095464792634853,0.3427771297486757,0.2588601261258199,1.992997323984198,0.4199501246882793,0.0639923591212989,1.1531867104764073,147.0,1.0,1700.0,7678.0,1005.0,6808.0,3.5390752611535685,3.5776159527433125,0.0400452392722463,0.0053659115207904,0.0005882352941176,0.0010419380046887,3.0211088731782763,0.008955223880597,0.5940070505287897
Bath and North East Somerset,bath and north east somerset,UK,oecd_fua,2021,3.1,,employed persons commuting to work,commute_mode_share,oecd_fua,,FUA code UK031F,"Bath, United Kingdom",UK,True,,0.0009401173239293,0.0141055286747035,9.519147084421236e-05,0.0021079250526581,0.0306142068907672,,0.1635681870007456,1.064116179340758,1.0866773510389611,0.0001914953477804,0.0002897588691312,0.000159133149891,0.0002846040320957,0.0086580086580086,0.0150877192982456,0.6962193576753,,1.192947173781763,0.0038260432628067,,,,0.0441558441558441,0.3604210526315789,65.36890575710665,95.18085256988986,0.0827205782125415,0.587012987012987,0.0332631578947368,234.0,1519.0,,,5.473522326763383,5.811759716203519,,3.397402597402597,2.312421052631579,,,0.187164799293323,1.0000000000000009,42.75126436514775,261.3666211569176,0.9607647797712446,0.9596453725885644,0.996859076772818,0.9977442355159912,0.7007736453167633,0.0355778894472361,,,,,,1.0527750031884646,51.0,1.0,654.0,2746.0,385.0,2375.0,3.464928807483411,3.573100890987377,,,0.0015290519877675,0.0014566642388929,,0.0207792207792207,0.6063157894736843
Guildford,guildford,UK,oecd_fua,2021,2.5,,employed persons commuting to work,commute_mode_share,oecd_fua,,FUA code UK033F,"Guildford, United Kingdom",UK,True,0.5.0,0.0001313688187765,0.0103724670806223,9.108156772163153e-06,0.0004671805143413,0.0666030594937709,0.9975703600112,0.7539407272755461,1.0384120105045302,1.0910198090037184,2.909527271436259e-05,0.0001023283547089,2.1450972626054684e-05,0.0001025972059748,0.0069497093757897,0.0114768129474011,0.7126169357984977,0.6665282063755209,0.439963894428616,0.004163682408458,0.622281234193222,0.3691421454149151,2.00423321225335,0.0219863532979529,0.4042950513538749,110.38943188716154,151.94349418481278,0.0178908888223322,0.6967399545109931,0.0224089635854341,1861.0,2552.0,6.866157548723272,9.415601324203005,3.4258276465759603,3.541905835461659,0.72923197492163,3.7308567096285055,2.2138188608776845,47.98857330602896,720.3894248696623,0.0883399146434879,0.9998242585230112,543.2263943167219,720.5160494243821,0.9772328074873624,0.9541634348460528,0.9968626715261344,0.9963383648460312,0.7355442367477516,0.0111418107048769,0.5116789950136007,0.2238652417341509,1.7422404152404023,0.4784670840447733,0.0538362723344622,1.1687352617512905,239.0,3.0,4921.0,4742.0,2638.0,4284.0,3.5608293159995497,3.5612179407969657,0.020546347956185,0.0201962280470709,0.0,0.0010544074230282,2.6583432088831227,0.0087187263078089,0.5732959850606909
Thanet,thanet,UK,oecd_fua,2021,2.7,,employed persons commuting to work,commute_mode_share,oecd_fua,,FUA code UK034F,"Thanet, United Kingdom",UK,True,0.5.0,0.0063739471774651,0.0100466856129181,0.0002771530734462,0.0008112787833018,0.0887628229956164,0.9897541870517368,0.3482852534523972,1.0384596529442376,1.060341822864156,0.0001186725428057,0.0001745974582609,6.558950206954014e-05,0.0001802742138108,0.0,0.0113527105983285,0.7225591546210233,,0.4200440508717696,0.0018999369963512,0.6342376052385407,0.3924528301886792,1.6335321919516177,0.0056022408963585,0.3425782116707344,90.1249295942642,99.23326594772004,0.123683461353726,0.773109243697479,0.0381628577767916,828.0,2963.0,7.378399178250249,26.40361928158876,4.516837326257471,5.6295133201887415,0.2794465069186635,3.798319327731092,2.353672065675616,46.71882444843276,526.3332425867085,0.2548566788738541,1.0000000000000029,183.3141067947334,526.3332425867071,0.9735283806767926,0.9706014183848332,0.9988123253159495,0.9998868412944432,0.7353488924909516,0.028249014496039,0.3692026115506922,0.3661462809402592,1.662887426247982,0.4866635470285447,0.0885780885780885,1.1775592797584484,77.0,1.0,2034.0,5304.0,1071.0,4507.0,3.4811997586366124,3.5520000704430568,0.0909664022598693,0.0284839351787471,0.0,0.0007541478129713,4.690213483801387,0.0,0.6192589305524739
Ashford,ashford,UK,oecd_fua,2021,2.7,,employed persons commuting to work,commute_mode_share,oecd_fua,,FUA code UK041F,"Ashford, United Kingdom",UK,True,0.5.0,0.0032974127726586,0.0069475062420381,0.0004678157834518,0.000356824241346,0.0478606239398962,0.9997305776258906,0.2422126352058859,1.0690761456804865,1.0930421609394758,6.37176549527683e-05,0.0001085253156614,6.214087578679558e-05,0.0001190803507426,0.0017211703958691,0.0123038516405135,0.7896002425846804,0.4999497587615906,0.3863449474822313,0.0017995697659259,0.6379475397281256,0.3719229397074563,0.4638106580001823,0.0097532989099254,0.3956847360912982,80.78916314916508,177.6781376807389,0.0510515164567194,0.7641996557659209,0.0219329529243937,1334.0,3388.0,2.2984679456273454,5.837488305686242,4.955616922512466,3.0484711834786062,0.3937426210153483,3.823293172690763,2.2307417974322394,53.19118474439284,1111.320914248702,0.1975975526595203,0.9999497587615902,269.18949161301805,1111.3767511930218,0.9596314060436488,0.960204705549521,0.994671981465662,0.9956362350105948,0.5603648827328315,0.1361956758000792,0.4046106011686805,0.1557542815641509,2.007803701903186,0.4863544958345303,0.0578895727410578,1.1497846186612648,104.0,2.0,3332.0,6255.0,1743.0,5608.0,3.547874248370941,3.5637383979032267,0.0321820224646164,0.0179239787133912,0.0,0.0019184652278177,1.9148904333827723,0.0011474469305794,0.5822039942938659
East Staffordshire,east staffordshire,UK,oecd_fua,2021,2.9,,employed persons commuting to work,commute_mode_share,oecd_fua,,FUA code UK043F,"East Staffordshire, United Kingdom",UK,True,0.5.0,0.0023511777066349,0.0101538506869851,6.377181498472628e-05,0.00045055188041,0.0497002410226862,0.9816497171505856,0.2200291018432572,1.0446220180693222,1.0824098335652426,7.341179522209814e-05,8.386275737756478e-05,7.400836806102415e-05,9.293198577881088e-05,0.0058558558558558,0.0138075941767972,0.6727040093974341,,0.4584841317165842,0.0012302420940364,0.6079494128274616,0.3739489489489489,0.4585584873095105,0.004054054054054,0.3932913102206213,132.87536891310307,163.18974939116328,0.1086012530196848,0.6743243243243243,0.0290409725348941,500.0,2695.0,1.2819621335083613,6.909775899610068,2.7956349494913675,3.3155024434281266,0.1855287569573283,3.637837837837838,2.242683475911752,40.39874855819665,812.8481417173831,0.2258803067700171,0.9999999999999984,178.85024655703674,812.8481417173844,0.9638752581606068,0.9639351057719814,0.99531785008289,0.9968569048638236,0.5940396841767966,0.0067293233082706,0.4064598678718655,0.1875798163049311,2.3700011543659905,0.4664406779661016,0.0608176596463565,1.129811041958618,82.0,1.0,1346.0,4981.0,740.0,4442.0,3.4357273480458144,3.560423313045522,0.1300014117679977,0.020912057370908,0.0,0.0006022886970487,2.08408107594865,0.0013513513513513,0.5776677172444845
Darlington,darlington,UK,oecd_fua,2021,2.6,,employed persons commuting to work,commute_mode_share,oecd_fua,,FUA code UK044F,"Darlington, United Kingdom",UK,True,0.5.0,0.0009485037535212,0.0110171672686002,7.30867365750778e-05,0.0006419661741828,0.0841099904618865,0.911970156095771,0.4041696471199187,1.0557289899166686,1.078904361577076,7.033086369958161e-05,0.0002013795187688,6.120990168342986e-05,0.0002066795318196,0.027301315037164,0.0096937113066145,0.7315534400592312,,0.410067250515564,0.0018622105161383,0.6663802978235968,0.3798696006519967,1.09889801997826,0.0094339622641509,0.3795210166177908,93.26926128214204,115.21051613352851,0.0464185478663489,0.6878216123499142,0.0369012707722385,819.0,2539.0,4.146735858684562,12.855387478876803,3.773540204182549,4.728152500475203,0.322567940133911,3.991423670668954,2.2781036168132944,45.1667465804596,536.9962156983755,0.2081056582582283,0.9999999999999982,217.0375710035445,536.9962156983764,0.962444733923107,0.962508293179344,0.9968008009243974,0.999833805789528,0.7365594899309702,0.1127443609022556,0.4066680893511818,0.3298914005797884,1.475412186240772,0.5371723248818221,0.0696906712312018,1.1317921709823109,89.0,1.0,2327.0,4661.0,1166.0,4092.0,3.491641165283443,3.517167718937104,0.0818822274768145,0.0594835791568559,0.0008594757198109,0.0021454623471358,2.7189028859760285,0.0145797598627787,0.5835777126099707
Worthing,worthing,UK,oecd_fua,2021,4.8,,employed persons commuting to work,commute_mode_share,oecd_fua,,FUA code UK045F,"Worthing, United Kingdom",UK,True,0.5.0,0.0061512120498177,0.0139899861893737,0.0002891473366317,0.0031749021378436,0.0705175138883894,0.99825244941187,0.2085120177398292,1.0284200509193389,1.0741487983447149,0.0001719351973904,0.0003003690515796,0.0001554774894706,0.0003018351877448,0.0193602693602693,0.0160228898426323,0.7828664867233406,,0.6716651349227917,0.003334529822101,0.5964467005076142,0.4110824742268041,1.850151486611432,0.0303030303030303,0.2944206008583691,88.69668081246246,104.45571391495552,0.1295433577294563,0.6414141414141414,0.0527896995708154,256.0,1644.0,7.574444177569346,48.64213370282815,4.093958917624636,5.481967027534197,0.1557177615571776,3.560606060606061,2.4643776824034336,21.147663284041712,299.8923546498376,0.3381940026899439,1.0000000000000009,62.53115997278603,299.89235464983733,0.972633384600782,0.9651776198615636,0.9989886208271976,0.9997840264507588,0.8305838750266566,0.0601077666295057,0.2709384338476684,0.5596454411789882,1.968462249576869,0.445997458703939,0.1164339419978517,1.0933389047054232,42.0,1.0,705.0,2871.0,396.0,2330.0,3.330588363152504,3.2286078663472706,0.2169761752404775,0.2969630113318762,0.0,0.0013932427725531,8.87311679521493,0.005050505050505,0.6527896995708155
Mansfield,mansfield,UK,oecd_fua,2021,1.4,,employed persons commuting to work,commute_mode_share,oecd_fua,,FUA code UK046F,"Mansfield, United Kingdom",UK,True,0.5.0,0.0011659118769347,0.0099563336188968,2.702692871511144e-05,0.0004609356505381,0.0586723540464354,0.8914161255881188,0.3231254722587888,1.0420621531390035,1.0699111351033497,7.150848982814797e-05,0.0002135100371178,5.710184136313232e-05,0.0002188751710824,0.0107671601615074,0.0096345769998464,0.7103799730389098,,0.799712693126468,0.0024150237536246,0.565901934322987,0.3705837173579109,1.7441722973672202,0.02557200538358,0.4011976047904191,106.35775149028734,85.81857039679225,0.0585459606536462,0.5746971736204576,0.0244127130354675,433.0,2600.0,5.644526187040965,33.89322883673559,3.236220524521128,6.2790617594240965,0.1665384615384615,3.386271870794078,2.2224781206817137,24.29473165983376,414.0746021645231,0.1815776194810329,1.000000000000001,133.7980513747815,414.0746021645226,0.9657727562774014,0.9688379543432744,0.9981682737738928,0.999869544572724,0.8021201562392851,0.0147073437344728,0.3533625513599803,0.4487576048793048,2.1013296421901675,0.4199864956110736,0.0557667934093789,1.1711317337503204,107.0,1.0,1258.0,4825.0,743.0,4342.0,3.519335985072406,3.569509119254432,0.0575685639493039,0.0127116317894142,0.0,0.0010362694300518,5.397817402554774,0.0080753701211305,0.5743896821741133
Chesterfield,chesterfield,UK,oecd_fua,2021,1.2,,employed persons commuting to work,commute_mode_share,oecd_fua,,FUA code UK047F,"Chesterfield, United Kingdom",UK,True,0.5.0,0.0014770776959957,0.0107309917736353,0.0001180254801921,0.0006895232344481,0.0915868039108266,0.9418333667763984,0.3473345475362281,1.0460958617038163,1.0691476527440518,9.193307443810564e-05,0.0001976100071413,7.29249647411317e-05,0.0001985641668268,0.0114081996434937,0.0121158091356766,0.7686184269263143,0.4997849563322571,0.4786758217074622,0.0049630044760983,0.639871382636656,0.3772511043153245,2.119211055426355,0.0213903743315508,0.3848700967906266,78.15157329569436,90.74120780260183,0.0231374147889433,0.6919786096256685,0.0308201732042791,662.0,2415.0,10.0230267430294,36.564364931142,4.729602895079702,5.992827904888716,0.2741200828157349,3.8310160427807487,2.262353540499236,36.90780629028484,402.8950451877254,0.2636846940809244,0.9997849563322572,139.9694677725886,402.9817038513549,0.9698586980318132,0.9653469886359556,0.997121206122766,0.9987209721649696,0.7614633290991328,0.0112644471278247,0.3567475973672316,0.4047157317319012,1.611342476859562,0.4949061662198391,0.065885051612081,1.1931792340085097,67.0,2.0,1791.0,4441.0,935.0,3926.0,3.557130957637196,3.5585466250865303,0.0238751426559675,0.0226016071277512,0.0011166945840312,0.0009006980409817,6.101354070473842,0.0160427807486631,0.5843097300050942
Burnley,burnley,UK,oecd_fua,2021,1.1,,employed persons commuting to work,commute_mode_share,oecd_fua,,FUA code UK050F,"Burnley, United Kingdom",UK,True,0.5.0,0.0006701756580227,0.0139960029183731,7.47658356263376e-05,0.0015515741472188,0.0366157195926118,0.988634041516158,0.2936105229964452,1.086274248805888,1.0751616351681688,9.06200131870322e-05,0.0002496342767063,6.858285674459106e-05,0.0002557204253416,0.0055762081784386,0.013877587921526,0.6781315239307455,,0.5856600608700441,0.0026053932843967,0.599502487562189,0.4081411126187245,1.018153455599043,0.0055762081784386,0.3178736099810144,116.90182558931318,85.06631494027114,0.1002513819598976,0.637546468401487,0.0829943043124491,344.0,2515.0,3.107945216435248,22.72233203294956,3.052531226352957,6.5525641102577525,0.136779324055666,3.58364312267658,2.447518307567128,14.053816677849545,383.8192130105047,0.1247084716819061,1.000000000000003,112.6933598680979,383.8192130105034,0.9604453230431484,0.970711007719052,0.996314149287254,0.9999993653298734,0.746680609351863,0.0416635777300022,0.3808397490563963,0.3658408602954667,1.6337065651297342,0.4593837535014005,0.1120911928348487,1.187687535571,66.0,1.0,964.0,4512.0,538.0,3687.0,3.506205950089052,3.556142259537961,0.069135213882586,0.0247640838309596,0.0,0.000886524822695,3.467700834453301,0.0018587360594795,0.5991320857065365
Great Yarmouth,great yarmouth,UK,oecd_fua,2021,3.7,,employed persons commuting to work,commute_mode_share,oecd_fua,,FUA code UK051F,"Great Yarmouth, United Kingdom",UK,True,0.5.0,0.0014377650831599,0.01489698894843,0.0003564480101761,0.0007409622614836,0.03962525808629,0.8468629047900914,0.1828606736663133,1.0399993129269527,1.0575980113825525,0.0001285428754292,0.0001206904380114,0.0001225215124849,0.0001275284466684,0.0096685082872928,0.0127885733266899,0.7158696544081158,,0.5960311610572349,0.0019462617792328,0.6144967682363804,0.3863409770687936,0.5157805239651996,0.0248618784530386,0.3619830592924763,70.58964631288492,110.49580572127589,0.0578175220865243,0.7085635359116023,0.0403587443946188,524.0,2561.0,2.8765846897149268,14.059033187709783,5.577148721321269,4.984376416615387,0.2046075751659508,3.676795580110497,2.316890881913304,20.35967540908528,513.8054966039331,0.216696445943313,1.0000000000000009,93.95481924244984,513.8054966039329,0.970869954018147,0.9723687557834289,0.9997304600211194,0.999515578695204,0.658202451164383,0.042261404981808,0.364794985858602,0.293407465305781,1.8943873417731951,0.4594594594594595,0.0793967343886326,1.136550484101543,56.0,1.0,1331.0,4650.0,724.0,4014.0,3.4461981141342166,3.4946756114565685,0.1210888758656049,0.0792337453568742,0.0,0.0010752688172043,2.820620276760016,0.0151933701657458,0.5976581963129048
Eastbourne,eastbourne,UK,oecd_fua,2021,3.1,,employed persons commuting to work,commute_mode_share,oecd_fua,,FUA code UK055F,"Eastbourne, United Kingdom",UK,True,0.5.0,0.009337760317074,0.0136546027988242,0.0026962301104428,0.0017364808373876,0.1919036776800012,1.0,0.4254867116179228,1.0457003999636891,1.0725358279586523,0.0001139105520196,0.0002486644718578,0.0001097144695466,0.0002510208754274,0.0033955857385398,0.0144922023583111,0.8416921055598747,,0.2459723568541494,0.0034885989755594,0.6439522998296422,0.3969039461997208,2.678200040574242,0.0288624787775891,0.3400532521871434,107.552843715333,91.63939359865576,0.1088567604288988,0.7724957555178268,0.0589577786230505,466.0,1735.0,10.232788002194235,38.098470351517165,3.8207706098011216,6.052719222595576,0.2685878962536023,3.850594227504245,2.379612019779384,55.00880984729084,286.6480231765952,0.4510215535293291,0.9999999999999998,121.96492477318762,286.64802317659525,0.9699149700356332,0.965552035229392,0.9972110841011994,0.9995885547639004,0.8150008080161485,0.1107126150007796,0.3401002132552023,0.474900594760946,1.6073795324886682,0.4901960784313725,0.095183704549781,1.141593502179533,30.0,1.0,1134.0,3128.0,589.0,2629.0,3.4167100262414523,3.5572349756226367,0.1460724713670802,0.0237815962564538,0.0,0.0025575447570332,6.2944387390861785,0.0186757215619694,0.600988969189806
Redditch,redditch,UK,oecd_fua,2021,1.8,,employed persons commuting to work,commute_mode_share,oecd_fua,,FUA code UK059F,"Redditch, United Kingdom",UK,True,0.5.0,0.0170221540133808,0.0073364190765153,0.0006503830033241,0.0004868548595777,0.1160876980081299,0.998180511008496,0.2569990919267754,1.0524429200338463,1.0664095422807591,0.0001378471648549,0.0002157574259606,0.0001468433995268,0.0002139268569021,0.004482477587612,0.0023919565393659,0.7822069916231165,,0.4371636909577478,0.0029565966210394,0.633087633087633,0.3482599172548065,1.6021597133234244,0.0048899755501222,0.4619314035514473,112.450144710737,78.78563419777095,0.057273200349037,0.7212713936430318,0.0116759912430065,295.0,2212.0,5.437362785925823,40.77100502531498,3.393770758750937,6.539991725739238,0.1333634719710669,3.779951100244499,2.0885429335928,39.26396221318736,338.22672761103075,0.4517047011248033,1.0000000000000002,86.9239618613997,338.2267276110307,0.9672154211117324,0.9710813337976938,0.9941757933789636,0.9994104777005152,0.7310827403058053,0.0272569587841744,0.3161766106547051,0.4149061296511002,1.9774325947658848,0.4944649446494465,0.022270901788974,1.120062981900265,38.0,1.0,773.0,4293.0,409.0,4111.0,3.527093513138873,3.568436556730997,0.0507011567830375,0.0136814570309989,0.0,0.0004658746797111,6.234106514975213,0.0,0.5263926052055461
Halton,halton,UK,oecd_fua,2021,2.7,,employed persons commuting to work,commute_mode_share,oecd_fua,,FUA code UK062F,"Halton, United Kingdom",UK,True,0.5.0,0.0025460676845343,0.0067136355869855,0.000104747869607,0.0003361909374739,0.1329101981724907,0.9340799759678658,0.5052866071296997,1.0561432004355311,1.0899109303273788,5.449732827246395e-05,0.0001555357516286,5.480349401635881e-05,0.0001495112654353,0.0139296187683284,0.008540546594982,0.8185956182134886,0.499841283550577,0.3697238547560565,0.0034918974232635,0.6518264840182648,0.3646498599439776,3.203980002751499,0.0102639296187683,0.4223790322580645,72.40560005475301,87.99424038688844,0.0229949440027311,0.7419354838709677,0.03125,1533.0,3438.0,16.971711723315902,38.061803590841535,5.297071676084437,6.0025716705901,0.4458987783595113,3.9071358748778096,2.1871639784946235,76.12491551843507,572.6636051159307,0.2630392262472427,0.9998412835505768,289.4051834188478,572.7545106782569,0.9667311686211308,0.959422439648448,0.9986885342025836,0.9982013462833704,0.7473562420708391,0.0683333333333333,0.385877956589257,0.361478285481582,1.4846019559060015,0.5035478345975043,0.0469787377090511,1.1091802720840644,107.0,2.0,3997.0,6509.0,2046.0,5952.0,3.556075030647585,3.5610109797772327,0.0248245148066558,0.0203826911868029,0.0,0.000921800583807,6.340916140548099,0.0073313782991202,0.5463709677419355
Doncaster,doncaster,UK,oecd_fua,2021,2.2,,employed persons commuting to work,commute_mode_share,oecd_fua,,FUA code UK506F,"Doncaster, United Kingdom",UK,True,0.5.0,0.0002907950236613,0.0062079701135756,1.8565374468490148e-05,0.000171188904451,0.0272407705908451,0.9691066702830572,0.2121252493593204,1.0545643846192656,1.0750182064612162,3.26954283042332e-05,8.915712162839646e-05,2.276093800426897e-05,9.168950679979764e-05,0.0054713804713804,0.0127645615836613,0.6591135282423448,,0.4491433383522649,0.0006309578983182,0.5781337830241708,0.3827741640990528,0.5911782296794156,0.0252525252525252,0.3702721204860517,163.43975136360342,118.12564666349412,0.0568113608728076,0.6220538720538721,0.036453876433339,744.0,7358.0,1.308276027468276,12.938568561977922,2.21299764062308,4.642588215825491,0.1011144332699103,3.462962962962963,2.2962519253807976,43.17367397009145,1584.8918012841032,0.128418331495756,1.0000000000000018,336.19556855493227,1584.8918012841004,0.9697867687789028,0.9667624248143696,0.9964700897993458,0.9995464703152276,0.6769194618190194,0.0097857709600634,0.3360345055549839,0.3408849562640355,1.9348237698155475,0.4301982285955293,0.0741216245132023,1.1933354645267378,151.0,1.0,2057.0,13417.0,1188.0,11686.0,3.5356921227727187,3.573953370132183,0.0430600448324216,0.0086880027448392,0.0,0.0010434523365879,2.786930039987907,0.0042087542087542,0.5931884306007188
Sunderland,sunderland,UK,oecd_fua,2021,1.7,,employed persons commuting to work,commute_mode_share,oecd_fua,,FUA code UK510F,"Sunderland, United Kingdom",UK,True,0.5.0,0.0009320378092791,0.0049983440195893,3.5199980007111106e-05,0.000172651931129,0.0525468910888811,0.9583473785540916,0.3255422480517596,1.0584525931037043,1.0832246474333742,3.3975634184668904e-05,0.0001208609587808,2.962763148402797e-05,0.0001206660429093,0.0112708555200567,0.0140070768965219,0.782474421241186,,0.4280881227713211,0.000876482829253,0.6224235963041933,0.3852107610415767,2.659680061188038,0.020234291799787,0.3652369034262535,106.02879077030008,85.21987323549443,0.0310091472108045,0.6922257720979765,0.0405626995771122,1321.0,7355.0,9.45950191366089,52.6681578917304,3.556631510571793,6.4465312091561175,0.1796057104010877,3.730564430244941,2.310865625269699,59.95199145391448,1140.9236628767962,0.16141343067867,0.9999999999999972,371.4188540683612,1140.9236628767994,0.9662837841446258,0.9612153423060412,0.997457546827894,0.9999398263106728,0.7772595193373351,0.0175060767496631,0.3534080691577483,0.4238514501795868,1.3740084121676877,0.4756065049320181,0.0777763390737623,1.197861681415874,159.0,1.0,3503.0,13388.0,1878.0,11587.0,3.54529588728148,3.553122251678212,0.0344894976275871,0.0274768735580159,0.0,0.002390200179265,8.169999676248356,0.011182108626198,0.5942003969966342
Medway,medway,UK,oecd_fua,2021,1.0,,employed persons commuting to work,commute_mode_share,oecd_fua,,FUA code UK513F,"Medway, United Kingdom",UK,True,0.5.0,0.003763601274515,0.0073182243795362,0.0001918602628924,0.0002897675690576,0.0527175650483859,0.9979715586245004,0.2608484952356666,1.0601825877126,1.0850478855879742,5.6967746419455465e-05,0.000125687794689,4.851521777197768e-05,0.0001304760878136,0.0043509789702683,0.0132900890028661,0.7690640174206225,0.9392061399650832,0.4371708412967671,0.0213816292712197,0.6322924231420963,0.381872139228409,0.8162521353222941,0.0137781000725163,0.3697390254940413,84.07112772322064,110.88569184340474,0.0821744024634771,0.7635968092820885,0.0298687584854427,1065.0,4178.0,3.9587118628669113,15.530045223528592,4.84986402063601,4.962913727508679,0.2549066539013882,3.788252356780276,2.290541559812944,44.37997492306222,810.58581251936,0.2021003226442139,0.9628691853221896,219.59378561305232,841.8441724751287,0.9623882863770616,0.9591757241170452,0.996114768513267,0.9982130794084568,0.772690004854029,0.021453634085213,0.3973649292889888,0.3753250755650398,1.7615190256759576,0.4827460951689066,0.0740209763827058,1.147449651506506,96.0,18.0,2612.0,7592.0,1379.0,6629.0,3.49387176826498,3.5565794075591253,0.0799357157327704,0.0243710927870062,0.0,0.0021074815595363,3.1292192603405344,0.0087019579405366,0.600392216020516
Brighton and Hove,brighton and hove,UK,oecd_fua,2021,5.2,,employed persons commuting to work,commute_mode_share,oecd_fua,,FUA code UK515F,"Brighton and Hove, United Kingdom",UK,True,0.5.0,0.0005135428627136,0.0116433617103504,2.824476266816872e-05,0.0017722638935072,0.0433606255124448,0.997204564763251,0.3519502608276997,1.0429729899032938,1.05561013624481,6.609873756527451e-05,0.0001842222817134,4.8554985967531737e-05,0.0001858063087799,0.0078299776286353,0.0186333111947457,0.7999960590943616,,0.6981685497483555,0.0016491315650042,0.5477150537634409,0.4225913621262459,2.4981030878842523,0.0986577181208053,0.2667699800752712,87.28650885017477,105.93636590252022,0.0553966982530683,0.5604026845637584,0.0668585344255036,869.0,3312.0,10.171948333431828,38.76811608783223,4.071868924371281,5.461923743294016,0.2623792270531401,3.2818791946308723,2.534425503652867,26.29300562343765,606.3797584260259,0.1232010040579921,1.0000000000000002,213.4155141386773,606.3797584260258,0.9711496072545988,0.9710509017202784,0.9995737700002576,0.9995383976145712,0.812378928128291,0.0380378088186652,0.3443835558520552,0.4679953722762359,1.7960277038832602,0.3710924369747899,0.1337911175102447,1.1141106829682568,149.0,1.0,2445.0,5724.0,1490.0,4517.0,3.509584823492889,3.530206569882596,0.0661654854549785,0.0479382914859818,0.0,0.0008735150244584,7.097886735498742,0.0228187919463087,0.6663714854992252
Plymouth,plymouth,UK,oecd_fua,2021,2.3,,employed persons commuting to work,commute_mode_share,oecd_fua,,FUA code UK516F,"Plymouth, United Kingdom",UK,True,0.5.0,0.0006035226209289,0.0068815296023959,1.3211375301951828e-05,0.000261745835822,0.0689173718266564,0.952340899706176,0.3004165721005641,1.0584145047415718,1.081462773624464,4.635378967892333e-05,0.0001585460438235,4.391247386798284e-05,0.0001565912893799,0.0084221207508878,0.013064713064713,0.7788042362024346,,0.8533955953973595,0.0012385226058695,0.6133401049602167,0.3832330105557009,2.876591210456659,0.0233384069000507,0.3703558346415489,66.95015925397375,91.89774679277156,0.0281815837160632,0.6621004566210046,0.0384615384615384,1318.0,4813.0,15.63052663878714,57.07869856789264,5.433697559100096,5.961009302050093,0.2738416787866196,3.676306443429731,2.2987964416535847,55.64482351799391,807.4136033212919,0.2294060255889826,1.000000000000001,242.56042697714688,807.413603321291,0.9669094356356848,0.963540844099543,0.998276114114451,0.99869208108201,0.8283899062003993,0.0936799868359429,0.3586077209868302,0.4697821852135691,1.4921168059845435,0.4721869443738887,0.0747889812209644,1.177735555823914,207.0,1.0,3623.0,8786.0,1971.0,7644.0,3.552127386811911,3.548982101449203,0.0283697058697215,0.0311897159632669,0.0,0.0010243569314819,9.575341301390404,0.006595636732623,0.5911826268969126
Swansea,swansea,UK,oecd_fua,2021,1.4,,employed persons commuting to work,commute_mode_share,oecd_fua,,FUA code UK517F,"Swansea, United Kingdom",UK,True,0.5.0,0.0064600971266693,0.0065155080213903,4.537716880897779e-05,0.0002546797319703,0.1377476634699984,0.9867070113418296,0.3893103759471122,1.0596433498463909,1.077481023751144,5.153327124405214e-05,0.0001138970544191,3.580096910526667e-05,0.0001160075149218,0.0075122687806719,0.0100135777325186,0.8233051952429657,,0.3906231770068002,0.0008998441177169,0.6205593348450491,0.378745437568967,1.0270345929069835,0.0062287655719139,0.3834012219959267,131.7423931427693,124.5297615096598,0.0201851325996165,0.6761041902604756,0.0381873727087576,1196.0,4844.0,2.8391448794694982,11.499011535242683,2.764410175740432,4.358844906221142,0.2469033856317093,3.719139297848245,2.2718940936863543,153.07947316417324,1111.3035917122068,0.3538247937391513,1.0000000000000024,432.6420190808543,1111.303591712204,0.9638941784663928,0.9659931936473896,0.9935390698217706,0.9977298460101228,0.699833595924488,0.0270553637642245,0.395479274570029,0.3043543213544588,1.5019032173967233,0.4783101786220584,0.0680588272744636,1.183548899564105,169.0,1.0,3284.0,8924.0,1766.0,7856.0,3.5492836258484584,3.562884364722734,0.0309195518547029,0.0186942038140823,0.0,0.0004482294935006,2.6380868745365933,0.001132502831257,0.5784114052953157
Derby,derby,UK,oecd_fua,2021,2.3,,employed persons commuting to work,commute_mode_share,oecd_fua,,FUA code UK518F,"Derby, United Kingdom",UK,True,,1.7146166605161448e-05,0.0040733721542127,0.0,6.343567609668541e-05,0.0192091582486502,,0.3102617421945678,1.053029424872958,1.082320933529964,7.703534399711005e-06,2.8745793157031305e-05,4.17115343327439e-06,2.947497262176717e-05,0.0075468700349539,0.0119194866427748,0.6824911208764557,0.6666532148345694,0.4726412345267438,0.0005492228196901,,,,0.0187480139815697,0.3928831943167042,151.66739973562187,154.80852325428626,0.0100544404083563,0.6379091197966317,0.0234055374076305,4073.0,19141.0,,,2.40333052213162,3.504224663896119,,3.5506831903400062,2.2380514414385844,,,0.0619127518358483,0.9999819786399884,1694.7315246458388,5462.263934504236,0.9637180349843668,0.9636434734376516,0.9936443361738896,0.9972031834659864,0.3384678060994083,0.0011055276381909,,,,,,1.0674395157573442,801.0,3.0,11174.0,35284.0,6294.0,31531.0,3.5733867548378315,3.576100971191087,,,0.0005369608018614,0.0011336583153837,,0.0092151255163647,0.5836478386349941
Southampton,southampton,UK,oecd_fua,2021,3.3,,employed persons commuting to work,commute_mode_share,oecd_fua,,FUA code UK520F,"Southampton, United Kingdom",UK,True,0.5.0,0.0011856541465796,0.0086122097779107,4.4955542641686514e-05,0.0005179562769977,0.0544229315017032,0.9619832386936376,0.2623583035901807,1.0358065821322295,1.058334420693162,8.133563675771827e-05,0.0001903249797882,7.680939669261669e-05,0.0001879968963211,0.0029227557411273,0.0099290780141843,0.7684675368288791,,0.8844594434739227,0.0017988006138304,0.6192964123998607,0.3882411006231106,2.586348765009872,0.0339248434237995,0.3585568917668825,41.01569119787827,88.3403755438703,0.0190005945722539,0.715553235908142,0.0455134135060129,1437.0,3467.0,25.48191540207249,61.47933242796474,9.852466823814162,6.2364417281503215,0.4144793769829824,3.711899791231733,2.3285846438482887,30.255121709020987,555.925983297574,0.2074374272015232,0.9999999999999968,145.8517978996551,555.9259832975757,0.9805666723911888,0.9705362426803452,0.99990320346513,0.9998174559879162,0.8380589746091883,0.119822168486543,0.4132918582307582,0.4247671163784302,1.6690965339813573,0.4622419649856284,0.0822767237390097,1.1383752115676966,129.0,1.0,3556.0,6293.0,1916.0,5405.0,3.5664660396818912,3.5807400434725967,0.0154619825837991,0.0025278596796831,0.0,0.0011123470522803,9.858078549897558,0.034446764091858,0.5959296947271046
Milton Keynes,milton keynes,UK,oecd_fua,2021,3.1,,employed persons commuting to work,commute_mode_share,oecd_fua,,FUA code UK525F,"Milton Keynes, United Kingdom",UK,True,0.5.0,0.0105361003425857,0.0034092604470573,0.0035020575042881,0.0001532908360694,0.9950739747665556,0.9994345231107576,1.0623836044093224,1.047620703298723,1.0613136216357029,0.0001396864045853,0.0001444833442597,0.0001445984729372,0.0001459260602892,0.0184243330840189,0.0068591318591318,0.9669349417530688,0.8327620264275535,0.0884467207926762,0.0054736512252762,0.7328345802161264,0.3680182255669892,10.218803720436862,0.0007479431563201,0.4150798525798526,66.0471240798499,76.24403225865994,0.0052878038544423,0.8886811269010222,0.0373925061425061,7131.0,7618.0,62.57415664553925,66.84755648937288,6.123432679345381,6.949712505692368,0.936072459963245,4.395911244078784,2.20777027027027,1090.760737737368,1095.4559734343668,0.9366428196336948,0.9993573218708616,1164.5428917759134,1096.160451782754,0.9739308185015322,0.968426798779226,0.9990096861258428,0.999108281178548,0.8213030700313823,0.5870082527466963,0.4674906118904217,0.3538124581409604,1.05790310158286,0.605586383190972,0.0521829282340744,1.0802353363190385,103.0,6.0,17632.0,14377.0,8022.0,13024.0,3.5477364474470097,3.5429568595651646,0.0323054155080416,0.0365804016541048,0.0005671506352087,0.0008346664811852,9.618751341817292,0.00024931438544,0.5475276412776413
Northampton,northampton,UK,oecd_fua,2021,2.2,,employed persons commuting to work,commute_mode_share,oecd_fua,,FUA code UK528F,"Northampton, United Kingdom",UK,True,0.5.0,0.0023008275575203,0.0062374899613523,9.240655919543287e-05,0.0002442002369216,0.147283556288923,0.8894531248925956,0.5098697487381174,1.044714652312071,1.0594683048985123,4.287826442717292e-05,0.0001561974687503,4.0380238853888806e-05,0.0001515762853858,0.0114365971107544,0.0060010578135806,0.8264617903933595,,0.3443383327427304,0.0013824228283184,0.6431057563587684,0.3677206690269808,4.564591212477096,0.0040128410914927,0.411570853167338,76.77420887240486,80.05397125587278,0.0213170994533918,0.7455858747993579,0.028316855852557,1907.0,4821.0,23.6012081010363,59.6651411930236,5.170497642050291,6.664660455323061,0.3955610869114291,3.85553772070626,2.205785426583669,106.5401650434837,723.3676842680666,0.2888650614268386,1.0000000000000002,368.8232994230329,723.3676842680665,0.9695185176742812,0.9686568144623006,0.9982775046377748,0.9981092856885856,0.8329802559716039,0.2104887218045112,0.3969646574047637,0.4360155985668401,1.3861220920543396,0.4898574010845551,0.0515231060374824,1.1669469992443693,127.0,1.0,4804.0,9036.0,2492.0,8193.0,3.556455853375535,3.565420664059297,0.0244821746027904,0.0164059131039471,0.0,0.0006640106241699,8.952465259557083,0.0196629213483146,0.560112290980105
Warrington,warrington,UK,oecd_fua,2021,3.6,,employed persons commuting to work,commute_mode_share,oecd_fua,,FUA code UK531F,"Warrington, United Kingdom",UK,True,0.5.0,0.0016771102147752,0.0050114285339214,1.303584694635612e-05,0.0001798399395437,0.1497749303085107,0.9953769495850352,0.3993711170535297,1.0422285179111817,1.078361936067238,6.442079269901702e-05,0.0001379831366938,5.0571710867840565e-05,0.000139214433886,0.0119238476953907,0.0077849694354548,0.8859967363774655,0.4999794453912811,0.8116944369075275,0.0020516918605942,0.6321637426900585,0.3642630222382065,2.134742805567593,0.034068136272545,0.4200827040632865,51.44827040685538,80.20448012329716,0.0162904094109476,0.6710921843687375,0.0246314275440489,2769.0,6451.0,15.183573677140815,35.37350443887158,7.112600936066277,6.617732096346826,0.4292357773988529,3.791082164328657,2.185185185185185,146.00138859558416,974.785214678039,0.3750269458981323,0.9999794453912866,389.3090621686746,974.8052514185536,0.9752638749188725,0.9692413473310268,0.999551728177658,0.9996038008582616,0.7510170788922118,0.0397117794486215,0.3989747284497352,0.3520423504424766,1.5735228106899708,0.4876550946233864,0.0463966191610843,1.1607385837327988,316.0,2.0,7567.0,12154.0,3992.0,11124.0,3.54583521029415,3.5553618489291328,0.0340070643682212,0.0254654671761056,0.0001321527686005,0.001069606713839,5.345260872436759,0.0225450901803607,0.5552858683926645
Luton,luton,UK,oecd_fua,2021,1.4,,employed persons commuting to work,commute_mode_share,oecd_fua,,FUA code UK532F,"Luton, United Kingdom",UK,True,0.5.0,0.002169723624369,0.0100762485336861,0.0001338683306797,0.0006726976775998,0.0539051627581327,0.9603177539528206,0.1997407046296986,1.030893070682553,1.0644663647739137,9.082245770910756e-05,0.000209523869258,8.105612299584454e-05,0.00020798766861,0.0024444444444444,0.0080358522639468,0.7171384025758247,,0.7025768864587005,0.0021927062868406,0.5975935828877005,0.3807977736549165,2.099841808251332,0.052,0.3734353268428372,67.92933107645814,92.5816956500606,0.1223544414705307,0.7026666666666667,0.0305980528511821,541.0,2703.0,12.470898014938944,62.30838693970419,5.938970243346203,5.926885093330236,0.2001479837217906,3.576,2.283727399165508,24.583850140641548,456.0574327721989,0.2698757013903004,1.0000000000000009,91.09323297353036,456.0574327721985,0.9694930598572378,0.9671480234588934,0.9989539154061006,0.9992596850885552,0.8498211923205384,0.1706758854691826,0.3426581773647729,0.5071630149557654,1.5715608325714612,0.4381270903010033,0.0710889481618926,1.1457476610552977,64.0,1.0,1341.0,4926.0,750.0,4314.0,3.4274326037085974,3.565680761362719,0.1370295139586561,0.0161710984104853,0.0,0.0012180267965895,10.512838693266104,0.0186666666666666,0.5959666203059806
York,york,UK,oecd_fua,2021,11.3,,employed persons commuting to work,commute_mode_share,oecd_fua,,FUA code UK533F,"York, United Kingdom",UK,True,0.5.0,0.0003177950138922,0.0074930592322406,1.2610337974930648e-05,0.0002853066931005,0.0530653923712155,0.9932499800787672,0.4539296879086161,1.0426590122687425,1.0707765326034588,3.678465238715324e-05,0.0001476145500094,3.479016614405092e-05,0.0001512054032203,0.0053543307086614,0.0091164028708588,0.8281345567450444,,0.7924467292692754,0.0012621582333382,0.6041601008509297,0.3675652545999144,1.321809765013079,0.0617322834645669,0.4112362754883787,62.53618952793236,102.48269134483095,0.0388750823193908,0.6494488188976378,0.0263795807785541,2125.0,4129.0,7.81003729167266,15.175361871678312,5.908594034025299,5.211451345453699,0.5146524582223299,3.6226771653543306,2.204762583772993,42.04337536258316,792.2936867868912,0.1169022291000682,1.0000000000000038,359.64562597513896,792.2936867868882,0.9726860248168638,0.968423774148228,0.9990835315120682,0.9994699535419476,0.7534801394278186,0.1999093210412967,0.4411623160429122,0.3123178233849064,1.4599016288944493,0.4509062253743104,0.0512802225233578,1.1574880637826577,285.0,1.0,5751.0,7731.0,3175.0,7013.0,3.559296164447961,3.565223638129885,0.0219269847815296,0.0165837685847806,0.0,0.0007760962359332,2.9119262304764306,0.0198425196850393,0.5623841437330671
Swindon,swindon,UK,oecd_fua,2021,4.0,,employed persons commuting to work,commute_mode_share,oecd_fua,,FUA code UK535F,"Swindon, United Kingdom",UK,True,0.5.0,0.0042701257038193,0.0048024894865086,0.0001540378672155,0.000208289935079,0.2412110912737189,0.9998024111929062,0.5788655017055492,1.0591408947056402,1.088173863359115,6.279663405844573e-05,0.0001423624307333,4.332171805742682e-05,0.000140164851908,0.0086342880863428,0.0082942911677945,0.8718632800987696,,0.4036838328279453,0.0011022577566998,0.654373286817842,0.3620396403901558,2.2823810132140108,0.0149439601494396,0.4276939094221759,66.66202893861352,86.98262861164774,0.0117422473029943,0.7556662515566626,0.0264445601249349,3050.0,5497.0,13.25541963176076,23.890177611734067,5.807715519458647,6.05911088857906,0.5548480989630707,3.924283935242839,2.1717855283706404,218.83365284350867,907.2288164194848,0.4166962628849413,0.9999999999999988,525.1634639783973,907.228816419486,0.9669356378509856,0.9636347024098876,0.9967639916452916,0.9978364058061936,0.7710636757345972,0.23337088464995,0.4448759829778949,0.3261876927567022,1.297832170890024,0.5077881619937694,0.0430096329080968,1.1727345503148212,212.0,1.0,7878.0,10430.0,4015.0,9605.0,3.567111322209862,3.565975928056365,0.0148790934424161,0.0159045892785689,0.0003808073115003,0.0012464046021093,3.942852020874077,0.0039850560398505,0.5458615304528891
Bournemouth,bournemouth,UK,oecd_fua,2021,4.6,,employed persons commuting to work,commute_mode_share,oecd_fua,,FUA code UK539F,"Bournemouth, United Kingdom",UK,True,0.5.0,0.0008071235808552,0.0127125400704651,5.251127913288988e-05,0.0024127151673209,0.0419761271535147,0.9479853201156384,0.244518212311024,1.0306490599059743,1.0564326857259672,8.104857084867858e-05,0.0002105723050492,6.724034985543419e-05,0.0002077982418469,0.0092150170648464,0.0149035441902198,0.7112919411097145,,0.7964354708612761,0.0020076595624338,0.5868491068034968,0.4197863362958973,2.567208297272838,0.0398179749715585,0.2794078061911171,78.88126093750276,106.5210468401699,0.0540991000731051,0.6200227531285551,0.0748317631224764,557.0,2677.0,11.74073167230793,56.42717897085876,4.573345951234338,5.374504648635539,0.2080687336570788,3.5130830489192264,2.517362045760431,20.907990547275304,498.09241502463294,0.171668714394663,0.999999999999997,121.79266688750424,498.0924150246345,0.9727463020637012,0.9703431617634772,0.9972903864702922,0.9996731007393718,0.8115963121472451,0.0974118192620931,0.312237038292778,0.4993592738544672,1.777536054179223,0.4346833998859098,0.1295622895622895,1.1264337712519823,97.0,1.0,1544.0,4676.0,879.0,3715.0,3.492344566771304,3.549934684379956,0.0812686342307752,0.0303360787341833,0.0,0.0012831479897348,10.499047383870868,0.0136518771331058,0.6457604306864064
Telford and Wrekin,telford and wrekin,UK,oecd_fua,2021,2.0,,employed persons commuting to work,commute_mode_share,oecd_fua,,FUA code UK542F,"Telford and Wrekin, United Kingdom",UK,True,0.5.0,0.0032094504845617,0.0052633774332447,2.2022019265825053e-05,0.0002160760537301,0.2840843756030204,0.9918604389001492,0.6639977499440317,1.0693070382138865,1.0839782974662056,4.3898698758518846e-05,0.0001253053620745,3.1233271220356074e-05,0.0001296142685975,0.0251729599066433,0.0098462756957194,0.8343929625066244,,0.3083390070040865,0.0009348694377657,0.6876824284880327,0.3643008894170177,2.446708640595568,0.0050012503125781,0.4169996759909277,86.13354362848862,105.72977005981416,0.0126019426823368,0.724931232808202,0.0183605140943946,2910.0,5398.0,10.02442796286944,18.59514163009252,4.097107353341972,5.046425225059303,0.539088551315302,4.124031007751938,2.185333189329301,303.8759896590132,1069.668083695144,0.4278393648577361,1.0000000000000038,710.2572007605172,1069.66808369514,0.9607103989486356,0.9614565188274512,0.9932066691699986,0.9961560999809688,0.7101188633015603,0.0916409295731861,0.4235801927364315,0.2865386705651285,1.342414644344179,0.5587388965344676,0.0463998271484902,1.1534391036424436,219.0,1.0,8246.0,10117.0,3999.0,9259.0,3.5766566891806355,3.577000417743951,0.0062365344435046,0.0059246119035819,0.0007276255154014,0.0010872788376,3.684814656076471,0.0027506876719179,0.5646398099146777
North East Lincolnshire,north east lincolnshire,UK,oecd_fua,2021,5.8,,employed persons commuting to work,commute_mode_share,oecd_fua,,FUA code UK543F,"North East Lincolnshire, United Kingdom",UK,True,0.5.0,0.000534726751412,0.0085600539503793,4.462465492700655e-05,0.0003871466996137,0.0631256761650169,0.945831047761801,0.4099488885538464,1.0726570296471358,1.064456518239266,5.2073200026389896e-05,0.0001484742916673,4.048297953705239e-05,0.0001514286137332,0.0116279069767441,0.0106081124653382,0.7112339007563739,,0.4232255073878147,0.0015491145210827,0.5957446808510638,0.3824269401974066,1.2993711830190309,0.0171890798786653,0.3828593538402012,150.01946334459407,108.8950854625854,0.0755258662908138,0.6299292214357938,0.0586186883343006,634.0,3190.0,3.1129797847359284,15.66310017871863,2.39575867574888,4.941675322254096,0.1987460815047022,3.567239635995956,2.2936738247243182,40.74952194037523,645.530066622209,0.1539842598127339,1.0000000000000042,264.634333339864,645.5300666222064,0.9670354080445374,0.9667675949301636,0.9976293038058492,0.9997404562072134,0.7460375499253592,0.0452255639097744,0.423900809487032,0.322136740438327,1.6053090337189082,0.449569183983781,0.0735507597019258,1.126321234965808,112.0,1.0,1764.0,5928.0,989.0,5169.0,3.484964709096957,3.5551666412964003,0.0876960475377323,0.0256408679139447,0.0005668934240362,0.0016869095816464,3.169593135385119,0.0111223458038422,0.5585219578254982
Colchester,colchester,UK,oecd_fua,2021,3.0,,employed persons commuting to work,commute_mode_share,oecd_fua,,FUA code UK546F,"Colchester, United Kingdom",UK,True,0.5.0,0.0017176186773209,0.0080073964530613,1.9600975251321075e-05,0.0003412386766107,0.1364522780600293,0.9979257448992944,0.4478879359211788,1.0602294103239152,1.085009574604874,6.191234343432213e-05,0.0001250269358472,4.000811933217468e-05,0.0001312735360715,0.0094988344988344,0.014256480218281,0.8200769641814245,,0.6167247679586253,0.0011138047715824,0.6447399113599254,0.3731945866029796,1.160392527298305,0.0048951048951048,0.3905184174624829,72.74317559552719,136.80076363081574,0.0071916182504499,0.6909090909090909,0.0187585266030013,1981.0,3574.0,5.716485527610079,10.313336333002738,4.926337763411438,3.980738253635807,0.5542809177392277,3.865734265734266,2.2384038199181444,122.51004982332664,897.8234117090398,0.3046571856850433,0.9999999999999956,402.1242746920743,897.8234117090436,0.9643173023913776,0.9588933121879106,0.9976908317973588,0.9974608757700252,0.6632919913466394,0.1033890542706663,0.4095337863152721,0.2537582050313673,1.630297644844288,0.510236220472441,0.0597116778981489,1.1609321317523804,248.0,1.0,5528.0,6563.0,2860.0,5864.0,3.559361439495926,3.565581723554338,0.021868223006193,0.0162605126092045,0.0005426917510853,0.0019808014627456,2.5908099643534848,0.0017482517482517,0.5907230559345157
Basingstoke and Deane,basingstoke and deane,UK,oecd_fua,2021,2.4,,employed persons commuting to work,commute_mode_share,oecd_fua,,FUA code UK548F,"Basingstoke and Deane, United Kingdom",UK,True,0.5.0,0.0005128992636514,0.004747802950467,1.6274857732761692e-05,0.0002038112665315,0.0222365444379138,0.9988017460694856,0.2861827849008012,1.0533988451100516,1.079762387552444,5.6454459919546e-05,9.986551751453992e-05,4.2166688987898285e-05,0.0001044462191675,0.0086531226486079,0.0077254822059223,0.6478658534762891,,0.562736038588337,0.0007421445469458,0.622232263895165,0.3582976699952448,0.6082519869486052,0.0153498871331828,0.4342909535452323,93.34688065939,127.73214547459966,0.0318228782397297,0.6844243792325057,0.017522412387938,1540.0,5553.0,2.429121580379595,8.759033854446681,3.993610596433359,4.121128669190448,0.2773275706825139,3.7300225733634313,2.149348003259984,29.96255180937886,1347.4464026115547,0.0777004963650122,1.0000000000000022,385.6159640039401,1347.4464026115518,0.9683336290458632,0.9684934545652916,0.9985422678871836,0.9992466854306784,0.5992010681174128,0.0116040100250626,0.3551739976538515,0.2440270704635613,2.009458153188864,0.4820338983050847,0.0373974626789626,1.158239226930351,217.0,1.0,4131.0,10549.0,2215.0,9816.0,3.567621682088596,3.564804569368248,0.0144179589000502,0.0169620088476841,0.0,0.000284387145701,2.1253968409016704,0.0108352144469525,0.5481866340668297
Bedford,bedford,UK,oecd_fua,2021,4.1,,employed persons commuting to work,commute_mode_share,oecd_fua,,FUA code UK549F,"Bedford, United Kingdom",UK,True,0.5.0,0.0028462092008825,0.0070238284401108,1.1636360562332514e-05,0.0002921413839746,0.1791834553185343,0.998960863166412,0.8155606942574789,1.0786942514365283,1.0795789856930331,3.345468846295728e-05,0.0001248597778744,2.9711486879918395e-05,0.0001288582949631,0.0115631432376801,0.0083613179539592,0.7482907258408613,,0.305550927818444,0.0010604056460537,0.6377075003029201,0.3646365804975415,1.613670196518874,0.0116236832546313,0.4199153161045408,146.13386992140855,125.90592002360412,0.0196644597493544,0.6901561932437341,0.026281208935611,1914.0,3973.0,4.015803518574659,8.335834576435277,2.488614790827668,4.212991631771478,0.4817518248175182,3.823465310570287,2.187180610308074,168.97633088371435,943.035340976792,0.2197058497058524,0.9999999999999968,769.1025573963733,943.0353409767948,0.9637564622644792,0.9638099716229972,0.9965394898133022,0.9983541133029872,0.678509634199013,0.1224828117972113,0.4508111879376445,0.2276984462613685,1.505619657670095,0.49900018178513,0.0468852698459066,1.1767947208681426,235.0,1.0,5263.0,7490.0,2753.0,6849.0,3.568807972899438,3.571037648253053,0.0133456715526614,0.0113286920890358,0.000760022800684,0.000667556742323,1.978602215483212,0.0050853614239011,0.5538034749598482
Dundee City,dundee city,UK,oecd_fua,2021,1.5,,employed persons commuting to work,commute_mode_share,oecd_fua,,FUA code UK550F,"Dundee City, United Kingdom",UK,True,0.5.0,0.0002321699095353,0.0084249381699533,1.9307199380892266e-05,0.0005365766067179,0.0422667216188866,0.9951618539163936,0.3962831822383776,1.0545038544235334,1.060969172693753,4.029347543865127e-05,0.0001862726007554,3.51528419068759e-05,0.000187396640072,0.0103363567649281,0.010070313431057,0.7651102843543083,,0.7060051294617364,0.0016753171220342,0.6275066212637155,0.3938960419647115,3.800719486803917,0.0039682539682539,0.347872720772256,71.31208644705382,90.3301930947723,0.0445108857445088,0.691609977324263,0.0572041473006793,1224.0,3648.0,19.66702277170289,58.6154404176243,5.174552565635721,6.111556861180834,0.3355263157894737,3.7607709750566896,2.362531283518055,25.22908711609484,596.9019159702526,0.1066578737461075,0.9999999999999952,236.5421907448775,596.9019159702553,0.966570504013594,0.9694981471563988,0.9998234750716628,0.999935874058002,0.7821658447494139,0.0224304479792445,0.3716655129500994,0.4105003317993144,1.558569762378281,0.4882202668180528,0.0907627649110256,1.1645663278198066,167.0,1.0,3317.0,6608.0,1764.0,5594.0,3.436183614085273,3.4694802844956016,0.1296139924189633,0.1011087187089866,0.0012059089538739,0.0010593220338983,9.59091795250008,0.0022675736961451,0.5949231319270647
Falkirk,falkirk,UK,oecd_fua,2021,1.2,,employed persons commuting to work,commute_mode_share,oecd_fua,,FUA code UK551F,"Falkirk, United Kingdom",UK,True,0.5.0,0.0036121363563421,0.0179827134625458,0.0001578941335595,0.0025900847537306,0.3047345587947401,0.9997930143205956,0.8523184617787476,1.0567347669507157,1.0790869171885915,9.833500714493276e-05,0.0003304576439151,9.435527737855536e-05,0.0003253551808241,0.024735632183908,0.0127673796791443,0.8233082254171114,,0.4408714108282218,0.0064786697020575,0.6708160442600276,0.3772869254796965,6.4605131933845925,0.0027586206896551,0.3856951871657754,90.41761832648804,91.27893267974454,0.0312549551777325,0.6772413793103448,0.0307486631016042,491.0,919.0,24.1119566038746,45.13011836855552,3.732204529597533,5.953897456190863,0.5342763873775843,4.0137931034482754,2.2606951871657754,47.03659436411171,154.35267516144793,0.3575360296182882,0.9999999999999994,131.55763466504007,154.35267516144802,0.9662026733421905,0.962247555620804,0.994771074748524,0.9996012537989182,0.8095821271791678,0.0434820494945974,0.4542485523972848,0.3553335747818827,1.6864836514807795,0.5453287197231834,0.0656176765985939,1.190544050237602,58.0,1.0,1455.0,1691.0,725.0,1496.0,3.45598996704608,3.513192690013097,0.1127131220391034,0.0629892712275248,0.0013745704467353,0.0005913660555884,7.579928727463925,0.0,0.5835561497326203
Reading,reading,UK,oecd_fua,2021,3.6,,employed persons commuting to work,commute_mode_share,oecd_fua,,FUA code UK552F,"Reading, United Kingdom",UK,True,0.5.0,0.0009705854225645,0.0110831871269955,0.0001094223663243,0.0005332620131685,0.0899192033298059,0.9887031080645928,0.3364331817631051,1.0498964517646874,1.0665731301657222,8.705143100163276e-05,0.0002135313981546,7.956513971367577e-05,0.0002088662512415,0.0035380338640384,0.0111674675209111,0.8146586272734417,0.4999117542332802,0.8521068451477055,0.0050294213528976,0.6203492786636294,0.3769586894586894,3.309934162137269,0.0272934040940106,0.384410037373198,54.58426742119921,93.9206567323411,0.0356349127334699,0.7225170583775588,0.0282968499733048,962.0,2306.0,23.80036569646208,57.05160425783946,7.190585833614849,5.798922819890951,0.417172593235039,3.7164518574677774,2.2605445808862785,35.75727584565986,397.62496878779024,0.2672721009817673,0.99991175423328,133.7860394493593,397.66006060473217,0.9706333541945532,0.96669616374364,0.9994335733459052,0.9990387101363658,0.8050926944009115,0.0312789051439358,0.3657002858575437,0.4393924085433678,1.5754578532184274,0.4732244587922521,0.0654467744089755,1.159342058322389,114.0,2.0,2451.0,4234.0,1319.0,3746.0,3.4993009662856336,3.5512094517831883,0.0751893703798127,0.0291931345161778,0.0016319869441044,0.0009447331128956,9.83831067075873,0.0068233510235026,0.587293112653497
Blackpool,blackpool,UK,oecd_fua,2021,2.6,,employed persons commuting to work,commute_mode_share,oecd_fua,,FUA code UK553F,"Blackpool, United Kingdom",UK,True,0.5.0,0.0111496712136366,0.0120509501700493,0.0007719265391245,0.0014777353634183,0.0745208786712345,0.9996206387083562,0.1744774837334949,1.039666258775908,1.0419678696517654,0.0001249565473001,0.000230471587114,8.32043120497802e-05,0.000231040412768,0.0075206210577389,0.0105322003577817,0.8399608706671533,0.6640205527712952,0.7271893268421135,0.0065626636523413,0.6068126520681265,0.4149142431021625,1.852263732856389,0.0422125181950509,0.2978533094812164,63.96082311735482,82.15878098981042,0.2280312897296511,0.7365356622998545,0.0834078711985688,516.0,3139.0,11.983178468748749,72.89766901822155,6.469477459491906,6.866733734899825,0.1643835616438356,3.630276564774381,2.488372093023256,34.06583787574483,455.4960312580593,0.4271088571237147,0.9964224160410008,79.75914642734146,457.1314574273052,0.9664376530982016,0.9785485960226652,0.9990617246245216,0.9999954872179486,0.7985580146668791,0.058727948003714,0.3511809612613818,0.4473770534054974,1.6762705297907892,0.4514243973703433,0.122496923593243,1.176620152190905,58.0,3.0,1247.0,5564.0,687.0,4472.0,3.2775017868932816,3.433291737637004,0.2591514547366575,0.1320680502001336,0.0,0.0001797268152408,10.616061701609723,0.0145560407569141,0.618515205724508
Maidstone,maidstone,UK,oecd_fua,2021,1.3,,employed persons commuting to work,commute_mode_share,oecd_fua,,FUA code UK554F,"Maidstone, United Kingdom",UK,True,0.5.0,0.0001295540088063,0.0080523278995949,9.248530277482544e-06,0.0003444712162247,0.0097626462881841,0.997056941536576,0.1855604478290464,1.065582376928606,1.0994921858769406,5.495895686960396e-05,0.0001134055745519,4.279047064363567e-05,0.000122987533628,0.0069124423963133,0.0141734090778676,0.5988535350412079,,0.7345072985222235,0.0009735393089106,0.5723633564280216,0.3717926640261753,0.4846222632132502,0.0069124423963133,0.3959373386124978,128.180201979909,158.58883584314617,0.0480743681663021,0.5783410138248848,0.0213461869512824,503.0,3509.0,1.278908360330819,8.921847786085175,2.6389797939762745,3.416149434967368,0.1433456825306355,3.4262672811059907,2.2299879497331725,10.02799393802438,1027.1798897560552,0.0526116766929679,0.9999999999999976,190.60396034412463,1027.1798897560575,0.962533661021006,0.959750994771336,0.9945031980231422,0.9973093036159484,0.5845800876050252,0.0145214351804256,0.3625166306573055,0.2220634569477197,2.298535298846353,0.438474870017331,0.0576078532678894,1.1307522497200369,140.0,1.0,1487.0,6477.0,868.0,5809.0,3.5153690638293096,3.5473863130559167,0.0610706755434437,0.0326189059439684,0.0,0.001389532190829,2.611667889806583,0.0011520737327188,0.5827164744362197
Dacorum,dacorum,UK,oecd_fua,2021,1.3,,employed persons commuting to work,commute_mode_share,oecd_fua,,FUA code UK556F,"Dacorum, United Kingdom",UK,True,0.5.0,0.0003853267047399,0.0118457891080413,1.8757275702918496e-05,0.0006062094548516,0.0416998683154378,1.0,0.3470030075107637,1.039466838228745,1.079162539358294,5.146059681767513e-05,0.000128213372592,3.870445517440823e-05,0.0001324472402489,0.0064252336448598,0.0079464285714285,0.6658463658175433,,0.5043661585687811,0.0014831913043221,0.5835284933645589,0.3739764775941641,1.1006604799204855,0.0058411214953271,0.3886160714285714,156.49298539430828,134.20021099585944,0.0486640155800422,0.6144859813084113,0.0196428571428571,534.0,2739.0,2.5122251661859827,12.885739195100014,2.2824705819977043,4.062460982538463,0.1949616648411829,3.492990654205608,2.242857142857143,28.114962779190893,674.2218600431971,0.1201714896207184,0.999999999999999,233.9570131644909,674.2218600431979,0.9740134785673884,0.957901931796522,0.9962628829034508,0.9972753759355006,0.6401890817433378,0.0032057398007861,0.3525817374536403,0.2876073442896973,1.9705752268925016,0.4434680726420621,0.060859854829704,1.1612136262310413,118.0,1.0,1495.0,5024.0,856.0,4480.0,3.521706267832536,3.564451392243175,0.0554728991480891,0.0172807205870494,0.0013377926421404,0.001592356687898,3.171904727328174,0.0093457943925233,0.5917410714285715
Blackburn with Darwen,blackburn with darwen,UK,oecd_fua,2021,1.0,,employed persons commuting to work,commute_mode_share,oecd_fua,,FUA code UK557F,"Blackburn with Darwen, United Kingdom",UK,True,0.5.0,0.0001597603765511,0.0106632405102793,9.765606427994105e-06,0.0005643340458623,0.0441535336868667,0.9911572229157648,0.3940029718146059,1.0649842229172712,1.0831164719426092,5.165945938971682e-05,0.0001939318184233,3.328318223765486e-05,0.000199363158753,0.0111976630963972,0.0119696684840508,0.7417807327059065,,0.669810956646992,0.0017711913253214,0.5892682926829268,0.3876246003385368,1.6235512650023498,0.0107108081791626,0.3643542019176537,122.7653560425238,91.31356046957836,0.0442217489188013,0.5929892891918208,0.0532054897537131,616.0,3381.0,4.49585915705786,24.676136055215306,2.769151337547296,5.988397870911889,0.1821946169772256,3.528724440116845,2.3248730964467006,24.928720604959427,564.5917443834024,0.1120639610496204,0.999999999999999,222.45082514905312,564.591744383403,0.9569033957793336,0.9634166209371536,0.9885278895822592,0.9998694823622752,0.7676932377935313,0.0448717137323899,0.3969995141929022,0.370693723600629,1.7112348691166912,0.4558321132259639,0.0813505125552525,1.2075537885249257,149.0,1.0,1812.0,6183.0,1027.0,5319.0,3.5364997584214883,3.5475346786898543,0.0423407698465941,0.0324860739875071,0.0,0.0017790716480672,4.120657409067197,0.0068159688412852,0.5824403083286332
Newport,newport,UK,oecd_fua,2021,1.4,,employed persons commuting to work,commute_mode_share,oecd_fua,,FUA code UK558F,"Newport, United Kingdom",UK,True,0.5.0,0.00384461952556,0.0085776378313757,8.103341456362809e-05,0.0003730647007835,0.163008374055602,0.9947197716542922,0.4069336796295971,1.0755828070030429,1.0976918882769615,6.382037956541149e-05,0.0001614071612456,5.8279400399592255e-05,0.0001597788055069,0.0114302461899179,0.0123912503107133,0.8531122517560228,,0.5394914616409132,0.0014255665299628,0.638302034428795,0.3772845953002611,1.311039224699937,0.003516998827667,0.3868381804623415,87.48207416080197,115.58337517482062,0.0158038490789538,0.6934349355216881,0.0356077554064131,1186.0,3289.0,5.447085964778567,15.105788986641404,4.154784892896903,4.688688317047975,0.3605959258133171,3.8253223915592014,2.262863534675615,114.3463813364392,701.475503935987,0.4005772493541871,1.0000000000000009,285.45400798669687,701.4755039359864,0.9536770531549644,0.9599532867128472,0.994804988068284,0.9969248526370637,0.7331826265984598,0.1036762761174292,0.4317861432834493,0.3013964833150104,1.33920318165318,0.5022013501614323,0.0658397836426373,1.1772562407897569,154.0,1.0,3263.0,6069.0,1706.0,5364.0,3.55518629797135,3.57581245359182,0.0256232064336354,0.0070024431616499,0.0006129328838492,0.0009886307464162,3.2217515785208124,0.0017584994138335,0.5775540641312453
Middlesbrough,middlesbrough,UK,oecd_fua,2021,1.9,,employed persons commuting to work,commute_mode_share,oecd_fua,,FUA code UK559F,"Middlesbrough, United Kingdom",UK,True,0.5.0,0.0036923447433013,0.0070381901196364,0.0001147775004878,0.000364830329619,0.1667741660377998,0.8622502237012387,0.3835220994404495,1.0435452959412743,1.0773379702966384,9.52481360105046e-05,0.0002016620713059,7.500858748416992e-05,0.0002019402759472,0.0146743020758768,0.0090246125797629,0.8512871139762941,,0.5551997334021322,0.0019011729228853,0.6360812425328555,0.3776521369080187,4.143537777474578,0.0050107372942018,0.386873290793072,75.78106818004241,84.67338707968659,0.0374519142581526,0.7050823192555477,0.0388331814038286,1004.0,3363.0,20.622259229224387,69.07635237836814,4.976969038711971,6.393644539663565,0.2985429675884626,3.811023622047244,2.265086599817685,87.7217238002151,525.9910805390133,0.4348489077451331,1.0000000000000002,201.7292034952729,525.9910805390132,0.9734442208902172,0.9638887595773872,0.9995253510993456,0.9999981552154944,0.8124102654541058,0.3083709273182957,0.311608291566351,0.5008019738877547,1.4822458355850476,0.4937253495876658,0.0663930688554491,1.1386730547220554,112.0,1.0,2662.0,6212.0,1397.0,5485.0,3.491864181888153,3.538198462969202,0.0816877071700528,0.0408270328932829,0.0,0.0019317450096587,10.80390878001531,0.0136005726556907,0.5742935278030994
Oxford,oxford,UK,oecd_fua,2021,7.5,,employed persons commuting to work,commute_mode_share,oecd_fua,,FUA code UK560F,"Oxford, United Kingdom",UK,True,0.5.0,0.000196806110763,0.0146606139161175,1.0015017518769396e-05,0.0006662214805421,0.0562048252513997,0.9975865875822076,0.5876817485018097,1.0317259125901328,1.0695141085597952,4.9866914345025874e-05,0.0002028921031717,4.517365855573465e-05,0.0002063380119729,0.0070833333333333,0.0165610759141936,0.7898903929362884,0.6657207358113182,1.094336677355076,0.0089737910511305,0.6007674341007674,0.3820487153820487,4.307087205568924,0.009,0.3747915971990663,54.558746461161824,97.32368855466216,0.049581715163686,0.6395,0.0400133377792597,1289.0,1874.0,28.25849820274085,41.08334028854643,6.560930126096245,5.605628143272903,0.6878335112059765,3.601,2.290763587862621,18.78965921910517,333.8650549835585,0.0956382011091615,0.9986784142322256,196.4660460066437,334.30687018526453,0.9777312939338254,0.96352931824441,0.9999451116623266,0.9995174628964746,0.8543480753216851,0.1752415065668077,0.4579242808213423,0.3964237945003429,1.4035257213755354,0.4545682102628285,0.0732521274820624,1.0985152660563138,215.0,3.0,3601.0,3435.0,2000.0,2999.0,3.523136275759958,3.5514793955036112,0.0542074444704577,0.0289510191957479,0.0005554012774229,0.0014556040756914,7.328944988591323,0.005,0.5848616205401801
Torbay,torbay,UK,oecd_fua,2021,1.5,,employed persons commuting to work,commute_mode_share,oecd_fua,,FUA code UK561F,"Torbay, United Kingdom",UK,True,0.5.0,0.0020096354815869,0.0139211862096118,2.118756290057736e-05,0.0009517010581621,0.0226866780842802,0.976833189094228,0.1161290602913201,1.0802501417878732,1.0854303407986678,0.0001358975154712,0.0001502632737911,9.938092721103992e-05,0.0001518345032207,0.0080275229357798,0.0142257093041686,0.6743129224429718,,1.3329082285251397,0.0019348672504149,0.5529953917050692,0.3924833491912464,0.503913525529204,0.0160550458715596,0.3461721350451736,83.35991085752045,104.41036819289872,0.0759937411188,0.5458715596330275,0.0446980504041845,239.0,2750.0,2.0066155728709294,23.088672909602742,3.982063332718854,5.320884938640995,0.0869090909090909,3.302752293577982,2.353780313837375,11.725185838674642,516.831322554849,0.1953574585669483,1.0000000000000009,60.01913581741472,516.8313225548486,0.961553275797682,0.9604370429152144,0.9944321125521705,0.996977044310152,0.7644751624180065,0.0171693404634581,0.2939364508608767,0.4705387115571298,1.956393808867975,0.419838523644752,0.0886166289996431,1.15893122061125,80.0,1.0,720.0,4950.0,436.0,4206.0,3.5074379163339846,3.5720678164815687,0.068052973259707,0.0103960993207212,0.0,0.002020202020202,4.33925431123865,0.0022935779816513,0.609129814550642
Preston,preston,UK,oecd_fua,2021,2.4,,employed persons commuting to work,commute_mode_share,oecd_fua,,FUA code UK562F,"Preston, United Kingdom",UK,True,0.5.0,0.0011059826440415,0.0078851828993021,0.0001101633573133,0.000460286112266,0.076214642686677,0.9951976012699132,0.3095529611090287,1.054874500037517,1.085212729508421,6.948423783449636e-05,0.0002027311494597,6.602983445904947e-05,0.000204013483725,0.0054373522458628,0.0165242165242165,0.8324077613567293,,0.5390960519399955,0.0014899891000018,0.6264204545454546,0.3903321275896086,1.4535806758155057,0.0226950354609929,0.3578238001314924,78.51669878812928,94.23558681846824,0.0666185454918973,0.699290780141844,0.0560486522024983,997.0,3907.0,6.975613791945397,27.335730275958543,4.798917533787282,5.821387413707408,0.2551830048630663,3.753191489361702,2.3412228796844183,51.15114109665642,671.1458493211296,0.2462087340842244,0.999999999999998,207.7551849933901,671.1458493211309,0.9636552383281656,0.9649105203078696,0.9969202941168424,0.999977454340238,0.708114163893931,0.0131387415667759,0.3700665600383201,0.338047603855611,1.7182655815436387,0.4788632326820604,0.0854230041930444,1.173469139409386,112.0,1.0,2646.0,7122.0,1410.0,6084.0,3.513117240098803,3.5204239919052065,0.0630557493701359,0.0566069011879479,0.0,0.0011232799775344,4.695741467333388,0.0078014184397163,0.5861275476660092
Norwich,norwich,UK,oecd_fua,2021,5.0,,employed persons commuting to work,commute_mode_share,oecd_fua,,FUA code UK566F,"Norwich, United Kingdom",UK,True,0.5.0,0.0005232653459116,0.0095190847614087,2.3648633678809283e-05,0.0004722549650845,0.0579034500874929,0.9977971248113182,0.3726867515903975,1.031526511707986,1.06590104024785,8.293466682205072e-05,0.0002349777971214,7.17554283051149e-05,0.0002344730467524,0.0202548248079445,0.011365423942111,0.8022043601399813,,1.13305234868377,0.0026896407593173,0.6280247608328644,0.3783443500157381,3.418429895424426,0.0258572231590781,0.3824917413874469,41.38702674760318,77.32879869975707,0.0612670587033232,0.6795952782462057,0.0335063709296838,1227.0,2617.0,30.270637240604657,64.56255717902395,8.855128865190991,7.038789867133517,0.4688574703859381,3.763912310286678,2.268994808872109,21.528321165905137,371.7968641484322,0.1553676105748238,1.0000000000000009,138.56376555097546,371.796864148432,0.9738370332468184,0.9681848447139574,0.999576270250378,0.9997976414801988,0.8056253158960403,0.0849996403653887,0.3838799110597637,0.4217454048362765,1.588104366432514,0.4857866591612721,0.0674064455200094,1.144137863463818,157.0,1.0,3348.0,4808.0,1779.0,4238.0,3.525360621778316,3.553873353394269,0.0522373737314709,0.0268025326054388,0.0,0.0020798668885191,9.17239445952042,0.0101180438448566,0.5840018876828693
Slough,slough,UK,oecd_fua,2021,2.8,,employed persons commuting to work,commute_mode_share,oecd_fua,,FUA code UK567F,"Slough, United Kingdom",UK,True,0.5.0,0.0042046435554681,0.01224973943985,0.0002510750109653,0.0005903186693719,0.0631435779567663,0.995349584627134,0.3318559847620416,1.0548882400858546,1.0681959873785576,0.0001262631588946,0.0002219257513822,0.0001162652772238,0.0002216962374667,0.0078571428571428,0.0088469478030079,0.7793981067675015,,0.5442607621861241,0.0031687051088178,0.6131805157593123,0.3700206550604898,3.2174002826520667,0.0257142857142857,0.4034208198171631,81.56480578569581,83.88791198967405,0.1230388524146403,0.68,0.0253612503686228,480.0,2023.0,14.746145095528966,62.14885735053146,4.583248523672624,6.4102904351384415,0.2372713791398912,3.6685714285714286,2.218814508994397,19.927249708737964,315.5863249051528,0.1902740371008937,0.999999999999997,104.7292106288334,315.5863249051538,0.9596002340823404,0.9652129903188024,0.9963946223635618,0.9997252973724728,0.831297260224109,0.1495560327317044,0.3848628730592652,0.4464343871648436,1.536452882103323,0.4594982078853046,0.0548915449313855,1.116675328685322,57.0,1.0,1284.0,3762.0,700.0,3391.0,3.382975336202574,3.4659460143595755,0.174212198340795,0.1041561948255936,0.0,0.0013290802764486,9.695170285866968,0.0057142857142857,0.571217929814214
Cheshire West and Chester,cheshire west and chester,UK,oecd_fua,2021,2.6,,employed persons commuting to work,commute_mode_share,oecd_fua,,FUA code UK568F,"Cheshire West and Chester, United Kingdom",UK,True,0.5.0,0.0005019062258329,0.0047146137794682,4.131011379245251e-06,0.0001179732192582,0.0440147011796778,0.9376088101572204,0.2936728445239215,1.0632674181122828,1.0745277233201964,2.6977954307478007e-05,5.044304030715657e-05,2.0338215927044552e-05,5.035101549812514e-05,0.0111536949685534,0.0108378548399779,0.7488779660211184,,0.5216297112275182,0.0004255235585677,0.6027531956735497,0.3687625339153002,0.7333372273217837,0.0200471698113207,0.4062278839348903,112.5847858492538,125.29569997419698,0.0258883732779599,0.6388561320754716,0.0244751120547298,2240.0,10068.0,2.380189691414895,10.698102595163018,3.2456959809712247,4.284171187659744,0.22248708780294,3.61438679245283,2.2123142250530785,103.43657899418926,2350.04614871605,0.1498766467530592,1.0000000000000049,690.1447372559257,2350.0461487160387,0.9629779873592448,0.96659903137079,0.9967927794900776,0.9992439861697144,0.6380717868097685,0.0044961650357048,0.4087622007660841,0.2293095860436844,1.9289784546579776,0.456999557456852,0.0531158757778629,1.187679502702335,360.0,1.0,6130.0,18756.0,3392.0,16956.0,3.550502273500695,3.5786983932820307,0.0298272669172564,0.0043830360057789,0.0006525285481239,0.001066325442525,2.4971230435371385,0.0215212264150943,0.5692970040103799
Ipswich,ipswich,UK,oecd_fua,2021,4.0,,employed persons commuting to work,commute_mode_share,oecd_fua,,FUA code UK569F,"Ipswich, United Kingdom",UK,True,0.5.0,0.0006642749364393,0.0121661360849846,4.325552125554842e-05,0.0013910157256673,0.0587951984667769,0.9436391936626592,0.3130220500353873,1.0325400614692548,1.0660505453664624,0.0001155078328347,0.0002487358977265,0.0001038094665292,0.0002426993799735,0.0083333333333333,0.0139558232931726,0.7688530477670101,0.4942783307040139,1.0124089334597477,0.0052817719970951,0.6131968145620023,0.3974281695800683,2.944762050455196,0.0505681818181818,0.3262048192771084,36.65095216481608,95.71809861916906,0.0337846656695477,0.6545454545454545,0.0346385542168674,1205.0,2237.0,29.93725504322393,55.576464341653065,10.1662730401583,5.90766197875095,0.538667858739383,3.675,2.383132530120482,22.263436778078507,376.4942262751363,0.1878308523636915,0.9942783307040142,118.5291793010152,378.6607981374328,0.978807553408416,0.966316172845129,0.9999965677771764,0.9992927804751016,0.7814382927396214,0.0222148394241417,0.3543300071046423,0.4271082856349791,1.7028152866801871,0.4534850640113798,0.0961567445365486,1.183588561542022,120.0,2.0,3234.0,3956.0,1760.0,3320.0,3.55553015736678,3.563869331650733,0.0253142236124822,0.0178058670579684,0.0,0.0010111223458038,9.407522729220796,0.0301136363636363,0.6391566265060241
Cheltenham,cheltenham,UK,oecd_fua,2021,5.1,,employed persons commuting to work,commute_mode_share,oecd_fua,,FUA code UK571F,"Cheltenham, United Kingdom",UK,True,0.5.0,0.004251205990352,0.0111350470775304,0.000125152998776,0.0011095698709955,0.0641202055755095,0.93568288596161,0.2573632341176399,1.0491645810974537,1.0823904221424063,0.0001051385379977,0.0002750151566711,0.0001064129806212,0.0002691322650915,0.0120211898940505,0.0131651884700665,0.7713802622369783,,0.9344678188260456,0.0027329279549082,0.608251633986928,0.3832501386577925,2.020978535113703,0.0195599022004889,0.3702882483370288,63.2446254098012,88.2556502752088,0.0816971869685177,0.6723716381418093,0.0376940133037694,554.0,2272.0,11.88921397267597,48.75865369299604,5.882899677609424,6.209212313551593,0.2438380281690141,3.640586797066015,2.2982261640798227,23.46209143945826,365.9079260410158,0.2491428342332704,1.0000000000000002,94.17124723519396,365.9079260410157,0.967727319113466,0.9623969679071844,0.9981541577683712,0.999101466957114,0.8241239743619552,0.1137398710593245,0.3802002954316327,0.4439236789303224,1.6523282310551868,0.4653586756591048,0.0747469144362779,1.1462839425480298,88.0,1.0,1489.0,4146.0,818.0,3608.0,3.5444249007293167,3.530806379193815,0.0352683549146973,0.04740549414632,0.0,0.0026531596719729,7.852631095667381,0.0048899755501222,0.5920177383592018
Gloucester,gloucester,UK,oecd_fua,2021,4.4,,employed persons commuting to work,commute_mode_share,oecd_fua,,FUA code UK572F,"Gloucester, United Kingdom",UK,True,0.5.0,0.00042540649386,0.0073016532844736,1.2658222681036872e-05,0.0003655007995266,0.0820096337978673,0.9649157422297728,0.5206368465082865,1.0429340171296866,1.074386698048987,5.89734691584423e-05,0.0001978761235046,5.159605921695415e-05,0.0001959771673653,0.0129420617005267,0.0064055636896046,0.7838422331956654,0.4998516209212325,0.9217088726925764,0.0047512435730432,0.6232866395541498,0.3584157207372146,5.367488645380351,0.0090293453724604,0.4375915080527086,52.96233389455218,71.67417449506662,0.0192921531957115,0.6537246049661399,0.0241581259150805,1453.0,3073.0,35.58599778754938,75.26205863808619,6.62991580209066,7.300285749980988,0.4728278555157826,3.7363431151241535,2.1497071742313323,34.52133427263484,420.8799677600233,0.1575179212686824,0.9998516209212353,219.15813765565693,420.9424268095263,0.9681429210544986,0.964624944938378,0.9976982198202204,0.9995095817455416,0.8282674275807156,0.111978496008241,0.3661092989630304,0.4621581286176851,1.41819562723681,0.480225988700565,0.0376270255424334,1.1666264633661858,202.0,2.0,4138.0,5873.0,2215.0,5464.0,3.5207506101098707,3.531085374149697,0.0563181156009486,0.0471576183146191,0.0,0.0013621658436914,10.309467494239138,0.0022573363431151,0.5382503660322109
Bracknell Forest,bracknell forest,UK,oecd_fua,2021,2.3,,employed persons commuting to work,commute_mode_share,oecd_fua,,FUA code UK573F,"Bracknell Forest, United Kingdom",UK,True,0.5.0,0.0142687393675637,0.00749289381204,0.000776548461636,0.0003652300706135,0.3397450169952018,0.9996901675682018,0.6018558601641099,1.0577715190958676,1.0762686434948872,8.330056366046705e-05,0.000170587905614,8.714027658416338e-05,0.0001797461654818,0.0042357274401473,0.0043195230273164,0.8689635892191676,0.4995342516015488,0.4392119562479695,0.0041628707042831,0.647622558053815,0.3512263404540198,2.642390264297777,0.0165745856353591,0.455740098558131,54.85756807974495,83.25033679068078,0.0422953736487392,0.7786372007366482,0.0175214455192553,2130.0,2982.0,19.4646678420118,27.25053497881651,7.366310762269094,6.2068402200862485,0.7142857142857143,3.882872928176796,2.10658879357547,163.2263123837291,480.2139305326604,0.564495653332282,0.9995342516015492,289.15424134833563,480.4376936190188,0.9705566026784967,0.9662481723723662,0.9985947735741124,0.9983828116157666,0.755706874240329,0.196240889911776,0.4069522147498451,0.3487546594904839,1.4779696572580212,0.4945622119815668,0.0268419611065461,1.161119751876363,127.0,2.0,5271.0,5771.0,2715.0,5479.0,3.5439539368408663,3.5620096366744822,0.0356893713289052,0.0194827797244648,0.0,0.0003465603881476,4.390403814589873,0.0058931860036832,0.5267384559226136
Crawley,crawley,UK,oecd_fua,2021,2.5,,employed persons commuting to work,commute_mode_share,oecd_fua,,FUA code UK576F,"Crawley, United Kingdom",UK,True,0.5.0,0.0049333773171056,0.0088391805185757,0.0003153080889629,0.0004742707553301,0.1526539185824148,0.9937917608673849,0.3675003174760814,1.0418593873294073,1.0809562598914162,0.000112728066984,0.0002272987711321,0.0001141962463223,0.000224024796298,0.0084853090172239,0.0033965244865718,0.7790986984474852,0.4996531550125147,0.4925749352314702,0.005746712542169,0.6387620497209539,0.3567251461988304,2.842654935825204,0.0326747720364741,0.4355450236966824,50.79401171241306,77.09903942215905,0.0254943050677315,0.7773556231003039,0.0101895734597156,1043.0,2382.0,23.1814294515587,52.94167301401038,8.154851705498785,6.844334637723357,0.4378673383711167,3.8267477203647418,2.139336492890996,53.12738977711124,347.90435320267505,0.4153844536266292,0.9996531550125146,127.89932149185609,348.02506395162595,0.971804096919728,0.9653756324377406,0.9998096101717998,0.9979005722660852,0.818588463341725,0.0528208800827564,0.4896547984518991,0.3289336648898259,1.5245591597206505,0.4815378759040731,0.0350918790752815,1.1535049665680206,63.0,2.0,2518.0,4514.0,1316.0,4220.0,3.497308575101574,3.5484129385177665,0.0769325886339816,0.0316995799926533,0.0,0.0011076650420912,7.735108789423607,0.0151975683890577,0.5542654028436019
Rushmoor,rushmoor,UK,oecd_fua,2021,2.4,,employed persons commuting to work,commute_mode_share,oecd_fua,,FUA code UK580F,"Rushmoor, United Kingdom",UK,True,0.5.0,0.01229407197975,0.0132773605225211,0.0003311126276905,0.0009791214167924,0.2032684940121316,0.9985534910859114,0.3467132064678725,1.048857684990961,1.0753944250599896,0.0001146375440118,0.0001923179628723,0.0001140954561455,0.0001883845769228,0.0088551549652118,0.0081265731751168,0.834215547384394,,0.7813548436230764,0.003386325540272,0.6333967046894804,0.3732757586661869,2.6204245324101025,0.0237191650853889,0.3976986695433297,51.21873925991563,94.89246001423687,0.0628630262140137,0.7172675521821632,0.0323624595469255,767.0,1675.0,19.630227929665395,42.86914182814803,7.491239563236244,5.6720952799556,0.457910447761194,3.793168880455408,2.2380438691118303,60.02627083390351,295.30533556430555,0.5862727182587638,1.000000000000001,102.38625978057136,295.3053355643052,0.9662169168567738,0.9594718424156404,0.9994035515723052,0.9981817594360852,0.8118581048250915,0.1432155657962109,0.4508894614096248,0.3609686434154666,1.3602191584637198,0.4873989538754161,0.0597444664387259,1.1240601031446318,80.0,1.0,1999.0,3112.0,1054.0,2781.0,3.4992351472839807,3.5301700076792493,0.0752469841744645,0.0479707640628189,0.0,0.0009640102827763,7.557902276367192,0.0104364326375711,0.5699388709097447
Lafayette,lafayette,US,oecd_fua,2023,0.2,,employed persons commuting to work,commute_mode_share,oecd_fua,,FUA code USA108F,"Lafayette, United States",US,False,0.2.0,0.0119504151762216,0.0104446068958463,0.0041893590280687,0.001628863823384,0.0061540054636032,1.0,0.0236741295072011,1.0918225411167857,1.0724828256832075,0.0003443609570109,0.0001376819916504,0.0003278838313512,0.0001408441767465,0.0128205128205128,0.0385937295028204,0.4978562936356905,,0.4272974133395252,0.000919626754681,0.6926406926406926,0.4591863517060367,,0.0,0.2154663518299882,80.44747973394833,155.38692205444656,0.2904908598275147,0.8461538461538461,0.1839826839826839,132.0,3987.0,,,5.127568960074303,3.6665518709135,0.0331075996990218,4.102564102564102,2.754033844942936,,,0.2599464306272099,0.999999999999998,25.743193514863467,1087.397680537017,0.9640177795320428,0.9667199522324056,0.9944915282226908,0.999999858511872,0.7402360916644859,0.0401005025125628,,,,0.5700325732899023,0.1886996751648784,1.1095093210771214,11.0,1.0,320.0,6998.0,156.0,5082.0,3.2655873944846734,3.430154232925707,0.2684565752317208,0.1347266307007575,0.0,0.0017147756501857,,0.0,0.6005509641873278
Lane,lane,US,oecd_fua,2023,3.2,,employed persons commuting to work,commute_mode_share,oecd_fua,,FUA code USA121F,"Lane, United States",US,False,0.2.0,,0.022175537876577,,0.0090731013073139,0.0,,0.0,,1.0549750983919013,,3.8631978590160935e-05,,3.847071918814623e-05,,0.0159137577002053,,,,0.0006785239037762,,0.4149519890260631,,,0.3326488706365503,,1218.0061400818597,,,0.1498973305954825,0.0,650.0,,,,0.4410405374545358,0.0,,2.484599589322382,,,,1.000000000000001,0.0,1473.7874294990502,,0.9610794331399222,,0.9999662600689638,0.7664276094446852,0.6158291457286432,,,,,0.1219763252702007,1.0071989182539167,0.0,1.0,0.0,1210.0,0.0,974.0,,2.613991736169172,,0.6877993822356538,,0.0008264462809917,,,0.5174537987679672
Lubbock,lubbock,US,oecd_fua,2023,0.4,,employed persons commuting to work,commute_mode_share,oecd_fua,,FUA code USA126F,"Lubbock, United States",US,False,0.2.0,0.0044787279497039,0.0063406797803362,0.0025836614173228,0.0015408499612911,0.001840593840143,1.0,0.0061382472260321,1.0736838796391392,1.0341467731207254,0.0005342425026997,0.0001021495783708,0.0004392781925716,0.0001023630156795,0.0,0.0156432890354706,0.508816492124242,0.4998199354569499,0.8764136308877064,0.0008276374674851,0.6089238845144357,0.4819055011157466,,0.0,0.1726646619458725,63.936115076010616,162.1714641902973,0.3346057628395212,0.7674418604651163,0.2359103695799786,99.0,8528.0,,,6.674226881375611,3.5290461613565305,0.011608818011257,3.5968992248062017,2.8908720535454457,,,0.2998565832176187,0.9998199354569484,14.833178697634462,2416.5169878996203,0.9769913664781982,0.98554198384982,0.9999969268785518,0.9999999964281284,0.6900478084234485,0.044572864321608,,,,0.458498023715415,0.2228690632125357,1.093113866594646,13.0,2.0,232.0,14901.0,129.0,10309.0,2.415617654450608,2.491206229538954,0.7805403383669435,0.747124717653475,0.0,0.000671095899604,,0.0,0.5913279658550781
Madison,madison,US,oecd_fua,2023,0.1,,employed persons commuting to work,commute_mode_share,oecd_fua,,FUA code USA127F,"Madison, United States",US,False,0.2.0,0.0005194600424767,0.0117970782560077,7.871800837121162e-06,0.0011816767199507,0.0402226774032069,0.9994351540220128,0.2917150598171757,1.0610224678747608,1.064800449602866,2.684321662244596e-05,8.406136554130031e-05,2.1884087365334167e-05,8.317216340588635e-05,0.0066198501872659,0.0273009950248756,0.754253635151406,0.4999213655939369,0.6256012523594452,0.0013721602011559,0.6126100805696084,0.4636080870917574,,0.0196629213483146,0.2111318407960199,65.02385145845352,162.98286441624734,0.0737813439907369,0.678932584269663,0.2016480099502487,2476.0,5074.0,,,5.823265792639046,3.481170430332536,0.487977926685061,3.6735955056179774,2.780783582089552,,,0.1378834449905169,0.9999213655939376,425.1909646868276,1457.5557564745,0.9743316186089852,0.9710774605406484,0.999645306474461,0.9996790027857052,0.6912240079367119,0.0217587939698492,,,,0.4560787069571328,0.1954273271638541,1.113554098910868,266.0,2.0,6539.0,8943.0,3560.0,6432.0,3.460818185368335,3.2647992673184336,0.1085685399494961,0.2690700275684741,0.0012234286588163,0.0007827351000782,,0.0165730337078651,0.5872201492537313
Luzerne,luzerne,US,oecd_fua,2023,0.1,,employed persons commuting to work,commute_mode_share,oecd_fua,,FUA code USA131F,"Luzerne, United States",US,False,0.2.0,0.0011176731914739,0.0066779129077746,0.000352215684319,0.000485883316651,0.0155342136874164,1.0,0.0920973573551839,1.2275570799134716,1.0866166027714743,7.680985160676357e-05,3.8057899530683046e-05,4.352520082394812e-05,3.815633969188933e-05,0.0191411042944785,0.0348133173604871,0.708423499719115,0.4999446764769624,0.131899409252937,0.0004262311238212,0.6888068880688807,0.4547201837152413,,0.0024539877300613,0.2240191674153938,257.2306549418145,257.5775323140758,0.0590760313435145,0.7607361963190185,0.1752770290506139,620.0,10364.0,,,1.4346953287161577,2.208729683641677,0.0598224623697414,4.122699386503068,2.7279125486672657,,,0.1686716550129336,0.9999446764769584,432.1475003022484,4692.289906165519,0.8996158687526106,0.9626696569203188,0.9790864304718848,0.9999278370277735,0.6256730280801377,0.018643216080402,,,,0.5673846153846154,0.1820870932714269,1.1069642336552838,57.0,2.0,1680.0,18217.0,815.0,13356.0,3.46527054608788,3.54313506543308,0.1047380382277802,0.0364211795977132,0.0,0.0027995828072679,,0.0,0.6007038035339922
Larimer,larimer,US,oecd_fua,2023,2.9,,employed persons commuting to work,commute_mode_share,oecd_fua,,FUA code USA139F,"Larimer, United States",US,False,0.2.0,0.0026250966768719,0.0053595775855475,5.783228521990602e-06,0.0002364048319641,0.1398849136483309,0.9966319249152656,0.4535145781424606,1.1988426814691937,1.1371407698504234,4.178949667249173e-05,3.902321494898335e-05,3.619087899202356e-05,4.286134308465407e-05,0.0184576023391812,0.031789482516309,0.8424103205769156,0.7997532032403414,0.1793658011280693,0.0009525176303487,0.6854104353605849,0.4316193593051797,,0.0213317384370015,0.278459505380404,115.42910635570618,255.1398206870004,0.0265031047975573,0.7557814992025519,0.1456170159209615,7752.0,11464.0,,,3.2563084083016247,2.18393242286355,0.6762037683182135,4.11164274322169,2.5893902208797432,,,0.3084463441534386,0.9996663018744898,2380.6098894800843,5249.2466708143465,0.9596163643625716,0.9542541824789522,0.9979985858600856,0.9986733054043382,0.5492644328262846,0.047537688442211,,,,0.5493294780397826,0.1475280863517638,1.100577448671997,427.0,5.0,20624.0,20574.0,10032.0,15891.0,3.4776727449299107,3.379221341240905,0.0940247503665988,0.1773144356037497,0.0009697439875872,0.0025274618450471,,0.0169457735247208,0.5757976212950727
McLennan,mclennan,US,oecd_fua,2023,0.2,,employed persons commuting to work,commute_mode_share,oecd_fua,,FUA code USA147F,"McLennan, United States",US,False,0.2.0,0.0013787423641846,0.0068909554009822,0.0003095800968141,0.0008234461987694,0.0022803587478813,1.0,0.0143408134947732,1.2206785873070152,1.0702867591387482,0.000168516213317,4.995330154972787e-05,0.0001437624456381,5.201935056931311e-05,0.0210526315789473,0.0292602451061942,0.5714421786678969,,0.3786718541099717,0.0002088639398273,0.6223404255319149,0.468801996672213,,0.031578947368421,0.1988853768091831,195.61547358247,283.218330890794,0.567407240038831,0.6368421052631579,0.2092829812011312,121.0,9631.0,,,1.7622805518194835,2.011568604477203,0.0125635967189284,3.694736842105263,2.812344035934121,,,0.1590118125943452,0.9999999999999988,68.66103122744694,4787.805883708873,0.9110734660612624,0.9708711533464822,0.9975756346848774,0.9999988266006462,0.7209906276075061,0.0316582914572864,,,,0.4986666666666666,0.2031698489953825,1.1263990191937092,26.0,1.0,351.0,16905.0,190.0,12022.0,3.130991075718116,3.34461593550716,0.369491435685797,0.2056367930155279,0.0028490028490028,0.0021887015675835,,0.0,0.5918316419896856
Lackawanna,lackawanna,US,oecd_fua,2023,0.1,,employed persons commuting to work,commute_mode_share,oecd_fua,,FUA code USA149F,"Lackawanna, United States",US,False,0.2.0,0.0004694025945784,0.0088348721479139,8.13303160655916e-05,0.0009922239218426,0.0191684672413566,0.9722246811618364,0.126386974729974,1.335564225482664,1.091738278717756,4.130430936216247e-05,6.366842466247635e-05,3.5098033081063295e-05,6.491544898362968e-05,0.0263480392156862,0.0342541656700948,0.670404686395951,,0.1951019080428269,0.0003626226459055,0.6506765067650676,0.4576555023923445,,0.0018382352941176,0.2224348242047357,329.4289244271174,240.25855300953967,0.0637067113656066,0.6727941176470589,0.189308777804353,367.0,6502.0,,,1.052976474289963,2.357772443677989,0.0564441710243002,3.889705882352941,2.7452762497010283,,,0.1516648949174556,0.999999999999997,348.5358020438902,2757.687671443498,0.8716425947034008,0.9629698820268134,0.9533709813071112,0.9999741257620972,0.5930311655436865,0.0220100502512562,,,,0.5373961218836565,0.1864345953705365,1.120379405176186,68.0,1.0,1058.0,11478.0,544.0,8362.0,3.523208454539357,3.5116407820264754,0.0541435489574474,0.0643561667638205,0.0018903591682419,0.0039205436487192,,0.0018382352941176,0.5882563979909112
Linn,linn,US,oecd_fua,2023,0.3,,employed persons commuting to work,commute_mode_share,oecd_fua,,FUA code USA164F,"Linn, United States",US,False,0.2.0,0.0006490623005959,0.0069191806342878,5.8794680289543664e-05,0.0009013728503097,0.0212500014052838,0.998435723791804,0.1559117692051597,1.165463179337361,1.0595671015775348,3.4778061251595245e-05,6.525920543231204e-05,2.486730227646448e-05,7.055163498376541e-05,0.0128832354859752,0.0281949934123847,0.7287927848984423,0.6658265343634409,0.1731476321385697,0.0007862840871963,0.6470780280770486,0.4623325280035141,,0.0122309197651663,0.2140974967061923,150.06762940561177,302.09143880598566,0.1652623030086352,0.7671232876712328,0.2009222661396574,1589.0,7158.0,,,2.6711804608561867,1.8760738320505304,0.2219893825090807,3.87866927592955,2.7733860342556,,,0.1362950437520956,0.9987714966192393,594.868082963845,3815.414872119599,0.947179820554612,0.969912352679466,0.998573788447494,0.9999962019938382,0.5212003568181246,0.017788944723618,,,,0.4954690178790105,0.1935643292515512,1.1190472033249614,103.0,3.0,3964.0,12630.0,2044.0,9108.0,3.455582855944039,3.0593116288532043,0.1130621480611843,0.420235057775472,0.0025227043390514,0.0015043547110055,,0.0102739726027397,0.5849802371541502
Las Cruces,las cruces,US,oecd_fua,2023,1.0,,employed persons commuting to work,commute_mode_share,oecd_fua,,FUA code USA171F,"Las Cruces, United States",US,False,0.2.0,0.0074109682329848,0.0094888622913757,0.0027412722728372,0.0018423886783252,0.024474681921029,1.0,0.0594135954201444,1.0369689011135406,1.0793784240700706,0.0002234434023401,0.000131079808713,0.0001208443168996,0.0001330839406361,0.0062893081761006,0.0368708398773464,0.6617100179339717,0.4997911543234898,0.2258392320556555,0.0020642955020539,0.6369426751592356,0.4646464646464646,,0.0251572327044025,0.1985640565402737,191.8769070320533,156.01506242975307,0.4392052677574002,0.7484276729559748,0.183307157280682,121.0,3572.0,,,2.1020420829795627,3.686831766668396,0.0338745800671892,3.7735849056603774,2.786627776531299,,,0.4119373983001007,0.99979115432349,57.563072109616,968.8535376887666,0.9857711563246916,0.9683958693398378,0.9996792934396836,0.9999999967456824,0.667125415709778,0.0411654230749708,,,,0.4920127795527156,0.1969918060388371,1.0894692474902716,13.0,2.0,300.0,6210.0,159.0,4457.0,2.881490141745126,3.392279641279914,0.5369293783362685,0.16649811324467,0.0,0.0012882447665056,,0.0125786163522012,0.6181287861790442
McLean,mclean,US,oecd_fua,2023,0.3,,employed persons commuting to work,commute_mode_share,oecd_fua,,FUA code USA183F,"McLean, United States",US,False,0.2.0,0.0029037401682573,0.0072717105991681,0.0003739009434823,0.0014854166163182,0.0165488861865992,1.0,0.0598371391328381,1.0516500517594332,1.0548876716368392,0.0001916165918127,4.805909679726023e-05,5.282892964984333e-05,5.24513242857591e-05,0.0265150054623738,0.0382229163955052,0.7208944062305791,0.4995838545800815,0.1660856448047855,0.0004228974398362,0.7108108108108108,0.4817949051772772,,0.0,0.1764935572042171,89.66620030318818,425.9844211899153,0.3774300295992131,0.8218623481781376,0.2424834049199531,1218.0,6327.0,,,4.304091816430399,1.3378360509218707,0.1925082977714556,4.2591093117408905,2.8900169204737733,,,0.2765654646332733,0.99958385458008,282.9865281568619,4729.27904405044,0.9741795224536088,0.9656785077824724,0.9999990686955388,0.99998736343803,0.2260217266159817,0.0160301507537688,,,,0.5816154106116931,0.2227068550224595,1.0817178368171048,47.0,2.0,3156.0,11102.0,1482.0,7683.0,3.260050271240425,2.784831994024854,0.2727610436095269,0.5948653227774856,0.0006337135614702,0.0018014772113132,,0.0,0.5810230378758298
Maverick,maverick,US,oecd_fua,2023,0.0,,employed persons commuting to work,commute_mode_share,oecd_fua,,FUA code USA211F,"Maverick, United States",US,False,0.2.0,,0.0135436436196754,,0.001829564991696,0.0,,0.0,,1.1088273030038365,,3.242080754919102e-05,,3.157394031710138e-05,,0.0570589208871234,,,,0.0002966194737624,,0.4551250206987912,,,0.2132571996027805,,613.302313528333,,,0.1529294935451837,0.0,3169.0,,,,0.9399871123533152,0.0,,2.729394240317776,,,,0.9999999999999956,0.0,3371.3228174652468,,0.9524844167274884,,0.9988733484676912,0.833221250787832,0.0777889447236181,,,,,0.1825860141597317,1.071258765398901,0.0,1.0,0.0,5497.0,0.0,4028.0,,3.541014454531741,,0.0383150340866565,,0.0016372566854647,,,0.6338133068520357
Las Vegas,las vegas,US,oecd_fua,2023,0.3,,employed persons commuting to work,commute_mode_share,oecd_fua,,FUA code USA22F,"Las Vegas, United States",US,False,0.2.0,0.0040118551819857,0.0041888567357009,7.361961481508989e-05,0.0002151130015069,0.064948180754591,1.0,0.1787961764513901,1.0857627002939314,1.0740669021074714,3.4111039196571626e-05,7.323766813635e-05,3.287873005723111e-05,7.185797297158423e-05,0.0234933605720122,0.0251564847270906,0.7923663204364058,0.9227608497784012,0.2043882167028037,0.0045679789572724,0.7011925042589437,0.426213430157339,,0.0010214504596527,0.2777290936404606,82.41587231937875,139.33402805795265,0.0614038538449766,0.8140960163432074,0.1107911867801702,2394.0,11538.0,,,4.704859526793385,4.05425701607764,0.2074882995319812,4.204290091930542,2.556960440660992,,,0.3632526267822549,0.9994951766330302,508.8355956998444,2845.897523083683,0.9530834338307014,0.9675318679123048,0.9953983086533466,0.9999997464668654,0.6512751864747982,0.0056281407035175,,,,0.5692622252513205,0.1396688264938805,1.1257693728772522,104.0,13.0,6174.0,20425.0,2937.0,15976.0,3.27963064498787,3.1149395245786744,0.2574826276420203,0.3810396714833695,0.0016196954972465,0.0014198286413708,,0.0010214504596527,0.6114171256885328
Lehigh,lehigh,US,oecd_fua,2023,0.2,,employed persons commuting to work,commute_mode_share,oecd_fua,,FUA code USA64F,"Lehigh, United States",US,False,0.2.0,0.0005384197541102,0.0055347877602614,0.0001962473824974,0.0007939024269795,0.0131694562774733,1.0,0.0888807321632876,1.1871199253884708,1.0698818721985175,5.225276305182595e-05,7.288917877093698e-05,3.675967580939446e-05,7.348488884925883e-05,0.0306513409961685,0.0351214839327701,0.7366598392908585,0.898622842747201,0.1677197767213035,0.0027605660283801,0.6657060518731989,0.4757425311384026,,0.007183908045977,0.1816598449882435,232.29841896212227,221.0695413599568,0.0510666506320145,0.7313218390804598,0.2159714360358791,515.0,9395.0,,,1.5995497224346538,2.593551783663111,0.0548163916977115,3.9827586206896552,2.853958024906383,,,0.1481699796675729,0.9978228907658584,321.96560868150146,3622.445504724251,0.9178814798584164,0.9680208479013358,0.9809012315288836,0.9998918606666518,0.6398567623835658,0.027359017308766,,,,0.5364095169430425,0.2139715169199947,1.1213635448355492,54.0,10.0,1386.0,16386.0,696.0,11483.0,3.496511269843251,3.5275936642608525,0.0776297203851998,0.0502575389465936,0.0028860028860028,0.0018918589039423,,0.0086206896551724,0.6021945484629452
Lee,lee,US,oecd_fua,2023,0.7,,employed persons commuting to work,commute_mode_share,oecd_fua,,FUA code USA74F,"Lee, United States",US,False,0.2.0,0.0761206550680235,0.0232279633582889,0.0341394025604551,0.0035831967788167,0.0285353602482417,1.0,0.0385011124505125,1.3310584748176015,1.0983514972607384,0.0001952738444677,3.613084726882977e-05,0.0001751310020909,3.5472130972853224e-05,0.0256410256410256,0.0,0.4713842969383341,,0.0642591286221591,0.0008246826456845,0.7567567567567568,0.3573502243335972,,0.0,0.4411067193675889,555.7854032581761,895.5595720217597,0.4293849814978639,0.6666666666666666,0.0229249011857707,26.0,707.0,,,0.5569124480587124,0.5830506304989885,0.0367751060820367,4.307692307692308,2.140711462450593,,,0.7411567726755871,1.0000000000000002,46.68597387368679,1212.5876605174626,0.8195217843332133,0.9505996714509192,0.8857271101101659,0.9935284000994742,0.4334641490834282,0.0117587939698492,,,,0.6575342465753424,0.0356435643564356,1.0198079979890502,3.0,1.0,84.0,1354.0,39.0,1265.0,3.245105361809918,3.5307813440036617,0.2843155658462862,0.0474277353323686,0.0,0.0,,0.0,0.5359683794466403
Lucas,lucas,US,oecd_fua,2023,0.2,,employed persons commuting to work,commute_mode_share,oecd_fua,,FUA code USA78F,"Lucas, United States",US,False,0.2.0,0.000851577665258,0.0060838748002042,3.356830395637696e-05,0.0006207871369428,0.0351538674927357,0.9999368608861928,0.175778687511143,1.1039868462333675,1.0543676196061973,4.5791753868310695e-05,6.981521207384779e-05,2.412758829538024e-05,7.2149996487782e-05,0.0294992175273865,0.028039769909749,0.7788326152473075,,0.1674040520306317,0.0002604076508848,0.7062639821029083,0.4734414521648564,,0.0040241448692152,0.1814936030943171,106.9074325970184,201.1383274520547,0.2612127303253593,0.7870556673373574,0.2018000595060994,2364.0,11003.0,,,3.502152026552332,2.8652653826863457,0.2148504953194583,4.234741784037559,2.840226123177626,,,0.1999893615686898,0.9999999999999988,675.0135294175743,3840.1329477146287,0.9610374646704456,0.9718850399886506,0.997829548367962,0.9999999234993616,0.5680874773108946,0.0060804020100502,,,,0.578117133747273,0.2101327976788304,1.1243546695503626,113.0,1.0,6314.0,19092.0,2982.0,13444.0,3.443411432384776,3.0056110655545467,0.1234652867921622,0.4568563637737172,0.0022172949002217,0.0022522522522522,,0.0057008718980549,0.6166319547753645
Knox,knox,US,oecd_fua,2023,0.2,,employed persons commuting to work,commute_mode_share,oecd_fua,,FUA code USA97F,"Knox, United States",US,False,0.2.0,,0.0211358883265275,,0.0046816896293226,0.0,,0.0,,1.115693601340367,,2.8568779791484085e-05,,2.828322749084189e-05,,0.0197682344921608,,,,0.0005357984675734,,0.4027303754266211,,,0.3231083844580777,,1054.448240531819,,,0.0586230402181322,0.0,993.0,,,,0.5320478783003983,0.0,,2.413087934560328,,,,0.9999999999999996,0.0,1866.37338574132,,0.9380637899414128,,0.9929664147053952,0.8121996785581908,0.1592462311557789,,,,,0.1037896893137589,1.0558857980900722,0.0,1.0,0.0,1770.0,0.0,1467.0,,3.3511795394472466,,0.2003030183208309,,0.0011299435028248,,,0.6182685753237901
Mahoning,mahoning,US,oecd_fua,2023,0.1,,employed persons commuting to work,commute_mode_share,oecd_fua,,FUA code USA99F,"Mahoning, United States",US,False,0.2.0,0.0017153138871274,0.0079232478705281,0.0001161382371591,0.0013129070788142,0.0120134419609846,1.0,0.0579146433091453,1.3239360700781495,1.053122734979995,9.310575871881488e-05,6.987940588459354e-05,5.935527545252473e-05,7.406767650296978e-05,0.025025025025025,0.0282607821857791,0.7825777239911265,,0.3603910765584931,0.00031624122198,0.6566265060240963,0.4676154866722952,,0.0,0.1994453153261787,140.01100159909367,271.8719891893748,0.3834601638204412,0.7177177177177178,0.2031834076932352,478.0,6639.0,,,2.6101050696206016,2.0995254727256247,0.0719987949992468,3.927927927927928,2.80501627878934,,,0.2074335828480809,0.999999999999998,183.1343900916145,3162.1431062616184,0.9492012412753726,0.9709416375625844,0.9980231228133613,0.9999850184290464,0.557170268421339,0.0142713567839195,,,,0.53353428786737,0.2013750678487425,1.1071710352185336,66.0,1.0,1308.0,11631.0,666.0,8293.0,3.2420570410537137,3.0727665296009112,0.2866609864934595,0.4108722764162664,0.0045871559633027,0.0032671309431691,,0.0,0.597371276980586
