place_id,country,is_uk,metric_version,betweenness_mean_bike,betweenness_mean_road,betweenness_median_bike,betweenness_median_road,bike_lcc_share_of_road,bike_offroad_share,bikeable_length_share,circuity_avg_bike,circuity_avg_road,closeness_mean_bike,closeness_mean_road,closeness_median_bike,closeness_median_road,clustering_mean_bike,clustering_mean_road,component_size_gini_bike,component_size_gini_road,components_per_km_bike,components_per_km_road,connectivity_ratio_bike,connectivity_ratio_road,cycle_network_density_km2,dead_end_proportion_bike,dead_end_proportion_road,edge_length_avg_m_bike,edge_length_avg_m_road,entropy_gap_kl,four_way_proportion_bike,four_way_proportion_road,intersection_count_bike,intersection_count_road,intersection_density_km2_bike,intersection_density_km2_road,intersection_density_per_km_bike,intersection_density_per_km_road,intersection_ratio_bike_road,k_avg_bike,k_avg_road,lcc_length_km_bike,lcc_length_km_road,lcc_length_share_bike,lcc_length_share_road,length_km_bike,length_km_road,linearity_mean_bike,linearity_mean_road,linearity_median_bike,linearity_median_road,low_stress_coverage,low_stress_route_fraction,lts1_coverage,lts2_coverage,mean_route_lts,meshedness_bike,meshedness_road,modal_directness_gap,n_components_bike,n_components_road,n_edges_bike,n_edges_road,n_nodes_bike,n_nodes_road,orientation_entropy_bike,orientation_entropy_road,orientation_order_bike,orientation_order_road,self_loop_proportion_bike,self_loop_proportion_road,street_density_km2,three_way_proportion_bike,three_way_proportion_road
"Aachen, Germany",DE,False,0.5.0,0.0005525732571964,0.0117751909586873,9.269355220816876e-06,0.0023178165371644,0.0869584369262171,0.8609166760126653,0.6238526521196248,1.0354688095636988,1.0704425806148967,3.399716215266366e-05,0.0001524292465584,2.5551226125129377e-05,0.0001508257579167,0.0086261690729138,0.0236048749198203,0.7988186370784329,0.4986969882637884,0.8053727633304121,0.0028628714207896,0.5654583446897429,0.4250106974753958,2.708377430604272,0.022337237809861,0.2761385503527902,70.02298079861936,175.83672546830894,0.022955985610333,0.5679651321165895,0.0987812700449005,2170.0,2257.0,13.48524191304171,14.025894469002369,4.9790851750056815,3.230750398361151,0.9614532565352236,3.3909016616725687,2.5484284797947403,60.74910406016838,697.6890271853811,0.1393893840649132,0.99869698826379,435.82303249060686,698.5993102855914,0.9767665978925526,0.9645682373357554,0.9998989304373684,0.9969964652258212,0.7558403840591634,0.1682080028932344,0.4966183552573032,0.2592220288018603,1.447022320090586,0.3958020989505247,0.1375381158722516,1.164395233276091,351.0,2.0,6224.0,3973.0,3671.0,3118.0,3.558303823573115,3.554245109339223,0.0228200905425631,0.0264686827476808,0.0009640102827763,0.0012584948401711,4.341373594232851,0.023154453827295,0.6250801796023092
"Abbotsford, Canada",CA,False,0.5.0,0.0003748352881467,0.0130429050472708,1.7759546303237433e-05,0.0020882996560154,0.0706565987911798,1.0,0.3658115827957128,1.1651435479326788,1.0695690636056476,5.446818401372705e-05,0.0001269507097827,4.5958389481420215e-05,0.0001344173475601,0.0293115201090661,0.0177018253093225,0.7589204915102898,,0.3529297332498913,0.0010246490820302,0.677815699658703,0.4057864410935393,0.9268047067493382,0.0143149284253578,0.3311282616685042,119.84275770158816,294.84709343296777,0.2953559767608614,0.6871165644171779,0.0951855935317897,1023.0,1820.0,2.655715615080372,4.724733547845823,2.865453310433641,1.8648613292950544,0.5620879120879121,4.061349693251533,2.432929070194781,68.95687511980218,975.9438792631228,0.1931502503315702,0.9999999999999994,357.01157519303115,975.9438792631232,0.9285719402487234,0.9587426343809186,0.9826333157681744,0.9989877186977912,0.6716798906136984,0.0164234737364356,0.4416939196276237,0.2299859709860747,1.8368431193636985,0.5592352338682144,0.1085157255839617,1.228037171597089,126.0,1.0,2979.0,3310.0,1467.0,2721.0,3.534562507005,3.139686123580507,0.0440656199087436,0.363191242445971,0.0020140986908358,0.0015105740181268,2.5335575753677317,0.0102249488752556,0.573686144799706
"Aberdeen, United Kingdom",UK,True,0.5.0,0.0001414759400678,0.0071698245866968,6.369424735211428e-06,0.0003752212269485,0.0248757527209816,0.986186239657578,0.3511610581034143,1.0570738639142556,1.080910111465644,3.400562043717098e-05,0.0001370738765893,3.09956324153466e-05,0.000135913975457,0.0090788601722995,0.0179367285900838,0.7493859453548408,,0.6942509719842186,0.0010074128343442,0.6193129062209842,0.3986853747945898,1.6955552464164798,0.010337972166998,0.3266776191077973,74.65776691011864,104.90823413971708,0.0190641861397337,0.6715705765407555,0.0442310122583091,1696.0,5328.0,8.24971458215033,25.91655618732132,4.865494415228243,5.367495581386023,0.3183183183183183,3.7129224652087474,2.3915076456464046,24.6927097540648,992.6417114300046,0.07083858573423,1.0000000000000018,348.5771137033439,992.6417114300028,0.9614354395022058,0.963425314325266,0.9984154764749632,0.99913970176917,0.7403274722586178,0.008278061870285,0.4062922383778166,0.3340352338808012,1.6949714655879853,0.4768159203980099,0.0979710511345679,1.175071847511139,242.0,1.0,4669.0,9462.0,2515.0,7913.0,3.527745747329987,3.553562833560345,0.0501226256465447,0.0270813464075401,0.0,0.0011625449165081,4.828426180209171,0.0027833001988071,0.6290913686338936
"Ada, United States",US,False,0.5.0,0.0119047619047619,0.0170616757383686,0.0,0.0030081202795504,0.001035072557234,1.0,0.0012814847239016,1.0979016344478216,1.1063362172926028,0.0038616723291418,4.294724380681258e-05,0.003364780399431,4.327531721271949e-05,0.0,0.0032944754181449,0.498530136423265,0.499865032713227,1.4028324567976802,0.0011984722423864,0.5555555555555556,0.3659732792152883,0.0014073818048462,0.0,0.4206791687785098,213.8530503384744,771.1604700202336,2.1142165066597625,0.25,0.0344652812975164,2.0,1143.0,0.0013162139166298,0.7522162533539636,0.93522163786512,0.6849268865238405,0.0017497812773403,2.5,2.193613786112519,1.727320034000969,1668.566024895621,0.8077135356578106,0.9998650327132272,2.138530503384744,1668.7912571237853,0.9588184827841848,0.939716761980337,0.9602768565188424,0.9788516332227446,0.5225465253099753,0.0211528822055137,0.2069007937083821,0.315645731601593,2.773514835185484,0.4545454545454545,0.0489723420451662,1.0743537608331888,3.0,2.0,10.0,2164.0,8.0,1973.0,1.427608116012864,3.562948829672681,0.999646458467016,0.0186360754888348,0.0,0.0,1.098243138288281,0.0,0.5448555499239737
"Alachua, United States",US,False,0.5.0,0.0107241603308602,0.0063106957895434,0.0014201796544243,0.000310785353297,0.2679373420720941,0.999706213558711,0.3224328268858563,1.0706800648989885,1.0811507223710295,0.0001131962369506,4.899399399158175e-05,0.0001269432792523,5.281582550813272e-05,0.0108830109224898,0.0297827629496206,0.960261907771097,,0.1097568995553049,0.0002359281826256,0.7311944718657453,0.42368162463151,0.544877761286196,0.0033557046979865,0.2992467660062223,61.502933280458215,273.06906204798474,0.0467113302206916,0.8611330438215554,0.1395939086294416,8739.0,8559.0,3.484186499859695,3.412421587401205,6.394436968092064,2.019309315092736,1.0210304942166142,4.386300829056455,2.5416734894383493,1135.6733184235995,4238.577981108832,0.8309865489190589,1.000000000000003,1366.6566804250622,4238.57798110882,0.9827925695901208,0.9579522253279108,0.99999999264752,0.9999264879985832,0.8357781405690532,0.3277694235588972,0.4346564124031078,0.4011217281659455,1.3733350186856672,0.6041265610346019,0.1354870409040658,1.080203406566155,150.0,1.0,22221.0,15522.0,10132.0,12214.0,3.127093310598112,3.226670091821276,0.372305482481988,0.2984411644311864,0.0008100445524503,0.0043164540651977,1.6898954320153234,0.0013817607579944,0.561159325364336
"Albany, United States",US,False,0.5.0,0.0277329781361749,0.0183794094224865,0.0051599587203302,0.008443463637151,0.0345254666157527,0.9906768504263468,0.0943720143186535,1.2357882541917145,1.0660506888349108,0.000303518820219,0.0002401649034007,0.0002739447103393,0.0002467107879934,0.0145348837209302,0.0165479452054794,0.5811651300768503,0.4893531301340559,0.2730567692540713,0.0046852576977909,0.6588235294117647,0.4902175900530261,0.7081681782418418,0.0116279069767441,0.1610958904109589,119.89483112807729,159.2207622811849,0.2378905883888694,0.7674418604651163,0.2575342465753424,134.0,1530.0,2.3555995807691503,26.89602506400597,3.3263279163677777,3.584222138810114,0.0875816993464052,3.9069767441860463,2.938082191780822,14.73791575307833,422.32602514073767,0.3658443328249319,0.989353130134058,40.28466325903396,426.8708636758568,0.9438311524802916,0.9797453801648957,0.9993731050614384,0.9999957912358444,0.8067264366092755,0.1388179589075843,0.5065682752437557,0.3001581613655198,1.806177032409517,0.5162241887905604,0.2353909465020576,1.1567464721039895,11.0,2.0,336.0,2681.0,172.0,1825.0,3.296482271668905,3.1844786412957173,0.2442062647058761,0.3302395522809604,0.0119047619047619,0.0014919806042521,7.5040061755030845,0.0116279069767441,0.5808219178082191
"Albuquerque, United States",US,False,0.5.0,0.0013062261275647,0.0047973044175708,2.447979958146353e-06,0.0003207832935897,0.0570487547201601,1.0,0.2145766154869648,1.0614495737702387,1.0646957792203593,1.9258839613503364e-05,6.977864559135778e-05,1.2791349187767057e-05,7.01348196786522e-05,0.0139101192295933,0.0249625903690482,0.7686441737206504,0.9085072039862054,0.4782885364245151,0.003042924229364,0.6187417151014581,0.4574746218063144,1.496633763019389,0.0097829409966371,0.2180215263129428,127.83164145736046,142.477683066297,0.0484498427114345,0.6658514215836135,0.1798366596354589,2187.0,14457.0,4.219688416535615,27.8939348138342,2.8194529087881794,3.9992323258105063,0.1512761983814069,3.7101803729746257,2.744550813997512,206.22804073334405,3609.500579560938,0.2658665977683191,0.9984942517681304,775.6824003632634,3614.943774758088,0.9686392445331184,0.9703458998824536,0.995107461751322,0.999991237694096,0.8315859535592486,0.0925062656641604,0.4147801697827594,0.4168057837764894,1.509004899211763,0.4846259752179899,0.1864603900143348,1.2357037182241657,371.0,11.0,6068.0,25372.0,3271.0,18489.0,3.4035813218584154,3.208982028961422,0.1570797908417959,0.3118618843118008,0.000659195781147,0.0011035787482263,6.974822301222788,0.0027514521553041,0.6020877278381741
"Alessandria, Italy",IT,False,0.5.0,0.0031279030954639,0.0059320021741228,2.797200067148417e-05,0.0001992250251003,0.0061852805467513,0.9710410064025192,0.0470117256574676,1.177414923510469,1.1527648111723354,8.506684737939365e-05,2.592113088691372e-05,5.745656491277388e-05,2.5916059089486085e-05,0.0054663875319841,0.0235798094338136,0.6536604893419649,0.4999537236449713,0.5345925353528924,0.0002855922455743,0.5953878406708596,0.4105750602466569,0.0925409017613825,0.0069783670621074,0.3049846444601937,128.80387478455273,268.65351828433944,0.0395740347050962,0.6706210746685276,0.0705882352941176,963.0,14710.0,0.2706887688096102,4.134820134153028,2.9250716565047465,2.100530966199131,0.0654656696125084,3.567341242149337,2.4632175761871014,43.31546561646205,7002.667188208041,0.1315688896812243,0.9999537236449751,329.22270394931684,7002.991261117875,0.9450934431936192,0.938396814066128,0.9999057489713098,0.9940788529460104,0.3796679717855327,0.0010740314537782,0.1564985303200415,0.2231694414654912,2.789852033251771,0.4540370499825236,0.1158653278204371,1.1069207372216048,176.0,2.0,2556.0,26067.0,1433.0,21165.0,3.5325707504331105,3.5779481276384977,0.0458373781974068,0.0050643423518647,0.0007824726134585,0.0010357923811715,1.968464260079395,0.0013956734124214,0.6244271202456886
"Allen, United States",US,False,0.5.0,0.0346130438057087,0.0096099530818577,0.0013922728854855,0.0021191273304662,0.0182095977287381,1.0,0.0351840567773251,1.1526958879673812,1.047084741277002,0.0001389442175807,7.675161465147727e-05,0.0001481895853114,8.146227061990957e-05,0.0155945419103313,0.0286313141898972,0.7322347437837651,0.4999612913313098,0.2104256678899854,0.0009254535808059,0.6390532544378699,0.4656461871811002,0.0721136463427523,0.0,0.2194508488786418,234.68009651370545,324.3924420731288,0.6611320270508118,0.6608187134502924,0.2307692307692307,113.0,3724.0,0.1071703455068195,3.531879351038902,1.4861312794730224,1.7231945674607267,0.0303437164339419,3.789473684210526,2.7927059316705094,39.352806248541285,2161.018795692472,0.5175525336371558,0.9999612913313076,76.03635127044056,2161.102449091184,0.9379795572863804,0.9708368729226728,0.9944794384359305,0.9999858034146988,0.6966606909835937,0.0288345864661654,0.4059588236110252,0.2907018673725685,2.29164800028069,0.5014836795252225,0.1984900912236552,1.124567545577492,16.0,2.0,324.0,6662.0,171.0,4771.0,3.074950034180659,2.7020436873754607,0.4093457812332641,0.641410625935571,0.0123456790123456,0.0027018913239267,2.049611470307399,0.0,0.5497799203521274
"Altamura, Italy",IT,False,0.5.0,0.049034749034749,0.0168840566904644,0.0015873015873015,0.0076819626069131,0.0032643064942139,1.0,0.0159714575026227,1.127042270845293,1.0720831656837555,0.0017350078071611,0.0003027002833361,0.0021374414053873,0.0003380569013226,0.081081081081081,0.0388003541389995,0.2424278218416535,0.915991526085153,0.9784728170699728,0.0234414555229569,0.5714285714285714,0.476063829787234,0.0191478925489815,0.0,0.1580345285524568,136.26677308481462,238.3210450946538,0.7455100352068746,0.6216216216216216,0.148738379814077,23.0,1255.0,0.0538651155446459,2.939161739501332,2.8131093490761723,2.4515855567759166,0.0183266932270916,3.2432432432432434,2.852589641434263,1.6710429048317772,511.2043794891511,0.2043837573169424,0.9986145604113128,8.176006385088877,511.9136048633164,0.9624577656496616,0.9562833253481076,0.9993668792886397,0.9993670652756236,0.2915563448470618,0.3625780150040977,0.053711370816128,0.2378449740309338,2.259004208893359,0.4492753623188406,0.2174925174592617,1.027447584674222,8.0,12.0,60.0,2148.0,37.0,1506.0,2.8035211620202656,3.550552074333527,0.5839650493923824,0.0297826168947533,0.0,0.0121042830540037,1.198881977166902,0.0,0.6845949535192563
"Amiens, France",FR,False,0.5.0,0.0006495047755977,0.0145540041043543,4.444441959968383e-05,0.0043354020222987,0.0936816432484493,0.9762460983485358,0.4942276709480423,1.0318806896427373,1.0685463343756447,7.511036685528793e-05,0.0002852427420901,6.53335831932702e-05,0.0002814923361195,0.0058108821975699,0.0342342342342342,0.7942928576769674,,0.817088031462046,0.0029052339190576,0.6010928961748634,0.441980783444198,3.373378673338166,0.0316957210776545,0.2255206025697829,49.887480630661926,115.11918484126892,0.0400720251622771,0.6286318013734813,0.0979175897208684,1215.0,1748.0,24.0932519250527,34.66255503291533,7.142172361340906,5.078348890512701,0.6950800915331807,3.6027469624933968,2.649534780682321,32.24581767200262,344.2063626753944,0.1895515948525228,1.0000000000000009,170.11630895055717,344.2063626753941,0.9822299619609502,0.9635276990643988,1.0,0.99957247987303,0.8045972838073125,0.4158697230577741,0.474011196674719,0.3305860871325934,1.3873865971317914,0.437979370536895,0.162785540031049,1.1246176037942557,139.0,1.0,3410.0,2990.0,1893.0,2257.0,3.50378035498804,3.5519241889214674,0.071264179388106,0.0285520135196183,0.0,0.0016722408026755,6.825556057731956,0.0132065504490227,0.6765618077093487
"Ancona, Italy",IT,False,0.5.0,7.126181154285772e-05,0.0063981075075409,0.0,0.0002677063771466,0.002721417419725,0.9964391866947654,0.0727328714299524,1.1748140796881903,1.132891436500029,3.06269046612541e-05,3.0184658021206023e-05,1.4520920335677283e-05,3.065575871212715e-05,0.0109469074986316,0.024593078922172,0.5633133416106952,0.9639750546745972,0.8017836344046244,0.0052843000902335,0.5302158273381294,0.4151374802134021,0.196688818265062,0.0086206896551724,0.2908728530394513,174.30608536331107,249.4334590744188,0.0241377166894373,0.4755747126436782,0.0698751392226977,673.0,12096.0,0.3434736642353562,6.173339439213772,1.746279566195185,2.2828176389808883,0.0556382275132275,3.1767241379310347,2.490532856556656,14.420015224557927,5295.52914397206,0.0374166091097607,0.9993987547616388,385.3907547382808,5298.714971117878,0.9309155995273986,0.9404567679426404,0.9918786599165506,0.9924866613647996,0.4495824910056911,0.0007808465888338,0.2580256169061526,0.1915568740995384,2.5688264096016145,0.4059014033825117,0.1234719901503825,1.1250087118194525,309.0,28.0,2211.0,21243.0,1392.0,17059.0,3.558644671030662,3.5786274406945147,0.0225133741794113,0.0044474770993458,0.0009045680687471,0.0021654191969119,2.704263071127188,0.0079022988505747,0.6391933876546104
"Andria, Italy",IT,False,0.5.0,0.0004786903232712,0.0087611371386513,0.00010660458146,0.0012977373361879,0.0100306824429071,0.998481833845682,0.0588095947437585,1.053944642710939,1.0821340677314015,8.765923957489552e-05,4.6939276429227584e-05,5.608551368197101e-05,4.333505498087809e-05,0.0,0.0322094211323679,0.6408344317234471,0.6664728275472405,0.5423007715900869,0.00118120328172,0.5636574074074074,0.4853578602389259,0.0976321322770993,0.0404157043879907,0.1404714089419723,102.23381810220258,184.40303403477984,0.0874068522473989,0.6397228637413395,0.190783215304936,564.0,8132.0,0.3686609024141112,5.315514997219065,3.7760201873680126,3.201848362315737,0.0693556320708312,3.3741339491916857,2.911531550576049,25.47575662412888,2539.172944549298,0.1705620058531649,0.99975980498544,149.36360824731796,2539.7829877610225,0.9726238994755942,0.974331406014328,0.9998978677771152,1.0,0.2961393498183185,0.0326565402132152,0.1146159925729751,0.1815233572453434,2.745380847583077,0.3914302258251302,0.2281017074588994,1.0838653636387714,81.0,3.0,1461.0,13773.0,866.0,9461.0,3.434104928125328,3.56495422894971,0.1313783236708238,0.0168269384612975,0.001368925393566,0.001379510636753,1.660139518092174,0.0115473441108545,0.6687453757530917
"Angers, France",FR,False,0.5.0,0.0001733220719301,0.0132917978553709,2.320185224870893e-06,0.0035058355155269,0.1242096086110064,0.9924273815482848,0.6057194754260021,1.0320808717041452,1.0745810819341528,4.91421038269217e-05,0.0002624370664499,4.7754200524249736e-05,0.0002538155785026,0.0056988312566405,0.0313771213887809,0.7757160765195803,0.7498036610143335,1.4116981807610027,0.0101796795417904,0.5890596308108631,0.4513159600674186,5.347003779877115,0.0553462764416111,0.2129809560823941,39.05024045204374,112.88126339352274,0.0109487383494536,0.6006954505940307,0.1255343956471045,2128.0,2024.0,47.80625155430661,45.46985580165253,8.940755144819684,5.150917848145958,1.051383399209486,3.532309475514344,2.7057909055577145,48.80688359632199,392.8310926184856,0.205061276135541,0.999723659226895,238.01121555520652,392.9396778728527,0.9829432390262492,0.96241479195727,0.9998343203671464,0.9982127046289816,0.8395876996768592,0.5126317971804288,0.4946558469614399,0.3449318527154192,1.420216238146079,0.4320719153255038,0.1773973935032095,1.14749638809635,336.0,4.0,6095.0,3481.0,3451.0,2573.0,3.5060269470491545,3.5281186935769164,0.0692924096754552,0.0497917434684856,0.0,0.0025854639471416,8.827524946455734,0.0159374094465372,0.661095996890789
"Annecy, France",FR,False,0.5.0,0.0006848098213198,0.0164525519756601,2.706183324341727e-05,0.002795481140539,0.0592489297532695,0.9476415847544158,0.3066184854306258,1.0417840106788918,1.110001774756708,9.579132751996204e-05,0.0001975199419155,8.580476361971636e-05,0.0002009853020237,0.0064308681672025,0.0187886113349449,0.6768385477541279,0.798509912136508,1.1290690057500423,0.0122763627124021,0.5580596694569651,0.407258064516129,1.7873247647431794,0.0707395498392283,0.3211120064464142,48.03140370923886,134.41807277611446,0.0395506340391182,0.569774919614148,0.0781627719580983,951.0,1684.0,13.610853605120855,24.101658749761853,7.615210102611989,4.134678961537044,0.5647268408551069,3.344051446945337,2.441579371474617,24.13130466299009,405.8745368491301,0.1932333912290325,0.9965326060176306,124.88164964402104,407.2867605116268,0.9809973110045525,0.9467145054698252,0.999933093830979,0.9928831828553286,0.6611933877709669,0.0093658051415231,0.4358654570383622,0.2253279307326048,1.5991772993173554,0.3819645732689211,0.1115144182294817,1.2141433287668923,141.0,5.0,2600.0,3030.0,1555.0,2482.0,3.55099512019506,3.5658144402074488,0.0293853492392509,0.0160504028381454,0.0,0.0016501650165016,5.829148761963902,0.0418006430868167,0.6003223207091055
"Antwerpen, Belgium",BE,False,0.5.0,0.0078371509436326,0.009068149070612,0.0010103874823882,0.0018249697139018,0.8823172877058083,0.896749767474026,1.0530786823240748,1.0293905989421834,1.0729932144348575,0.0001023498941461,0.0001269634526526,0.0001167016318268,0.0001283689002951,0.0087562458611763,0.0275709525450993,0.9462849325922724,0.8868759690034993,0.249570809720045,0.0076797379708403,0.6059128131021194,0.4622988505747126,5.932819629874883,0.0210402745168864,0.1814891416752843,61.31962073830113,145.68808849340286,0.0110691676206054,0.5950875925591476,0.1316787314719062,6952.0,4747.0,33.42057980489067,22.820410289674346,5.633169705109589,4.0506351275088095,1.4645038971982305,3.6348202998013366,2.772836952774905,1034.000849964328,1164.8831121285205,0.8378455499247147,0.9939996742004568,1234.1186869790486,1171.9149838409326,0.9850659554981854,0.9707180694904562,0.9999999665593522,0.999651391123432,0.8305789136038592,0.659481285520803,0.5677993986958045,0.2627795149080547,1.0496323408511494,0.4227069502777401,0.1940684541770842,1.0460181824075008,308.0,9.0,20126.0,8044.0,11074.0,5802.0,3.5500733660670925,3.5571173765529607,0.0302117706994474,0.0238873561891872,4.9686972075921695e-05,0.0003729487817006,5.633785707998138,0.0326891818674372,0.6864874181316787
"Arezzo, Italy",IT,False,0.5.0,0.0004485011079122,0.0078954887710236,0.0,0.0002790985066832,0.0060452990665946,0.9946855497239347,0.2101917604050449,1.2243763489676904,1.208775838589775,2.7526538707494185e-05,2.829391944941204e-05,7.447742220328611e-06,2.7559658583861428e-05,0.0028971511347175,0.0298492998013277,0.592008737215231,0.7999088013833093,0.4046498014802445,0.0010322093946685,0.5414854196874497,0.4114325869923427,0.3149693973592841,0.0014485755673587,0.3001889809565344,302.93494341147647,285.2923251266125,0.021958808057685,0.5350072428778367,0.0669428696031399,1109.0,9628.0,0.3430694302480322,2.978424233028002,1.089215120974736,1.987622410373667,0.1151848774407976,3.245774987928537,2.468236662305568,29.283298029544248,4843.211020000859,0.028760875568791,0.9998415830413808,1018.1643448059724,4843.978388324755,0.9082623703343428,0.928650570302521,0.968656992180877,0.991723627003252,0.4516326547086522,0.0022692165734829,0.2617242083515567,0.1899084463570955,2.369972471885466,0.4114092337442591,0.117262186034677,1.1442435856116084,412.0,5.0,3361.0,16979.0,2071.0,13758.0,3.570399960361493,3.577362977125432,0.0119057591658864,0.005595547964949,0.0,0.0020613699275575,1.4984859385179037,0.0004828585224529,0.6328681494403257
"Arras, France",FR,False,0.5.0,0.0001799627608141,0.0297488275216148,4.624265138741273e-06,0.0112251263341091,0.0549448267658928,0.975449741926584,0.4919335216946365,1.0590477894318182,1.06996031592957,0.0001201066187508,0.0003932822337738,8.798024278970245e-05,0.0003906306365029,0.0088325652841781,0.0368450810403317,0.6847349397088447,,2.5110345812080825,0.0080736083962791,0.5484988452655889,0.4731040564373898,5.135357791544776,0.0264976958525345,0.1530343007915567,42.75863895150962,115.43369500523966,0.0638798011471726,0.4953917050691244,0.129287598944591,440.0,642.0,37.08383555971197,54.108687339397925,7.221275919814094,5.18325659041121,0.6853582554517134,3.283410138248848,2.8311345646438,6.805485734385516,123.86035474062216,0.1116915687644465,1.0000000000000002,60.931060505901215,123.86035474062214,0.9661878393853472,0.96659725899682,0.9988851848480224,0.9983045237532114,0.8722012736713418,0.2620448179271709,0.5292409146818974,0.3429603589894442,1.5367794666445054,0.4101675332177932,0.2091330244870946,1.171056793871248,153.0,1.0,1425.0,1073.0,868.0,758.0,3.5279913813693646,3.552995181961787,0.049904702793448,0.0275909339454792,0.0,0.0018639328984156,10.43912960811096,0.0115207373271889,0.7176781002638523
"Aschaffenburg, Germany",DE,False,0.5.0,0.001393391140767,0.0172711960627876,2.017483047726337e-05,0.0041028611120746,0.2072607719302316,0.9427362947043156,0.815925656928789,1.0377540406762389,1.0796363986186284,9.219442825175524e-05,0.0002588246534827,6.628669728777881e-05,0.0002628666353435,0.0127516778523489,0.0237166991552956,0.791880332988236,,0.757266377415549,0.0037906323095881,0.6335125448028673,0.4289741921492084,3.448475605745237,0.010738255033557,0.2683560753736192,76.1131199889242,133.37119815687214,0.0424361766167736,0.6436241610738255,0.1065627030539311,972.0,1126.0,15.572362085525558,18.039588177265205,4.515723428514807,4.268251980596241,0.8632326820603907,3.795973154362416,2.57050032488629,54.67709738187485,263.8082299542927,0.2540191868832488,0.9999999999999984,215.24790332867764,263.8082299542931,0.9761728475454956,0.9648241650846268,0.9999223222325888,0.9991144237845476,0.8098447478435533,0.315273951637588,0.425528587588963,0.3843161602545904,1.502370286810309,0.5045378151260504,0.1431825577611454,1.1267388964887588,163.0,1.0,2828.0,1978.0,1490.0,1539.0,3.5448996072189365,3.569670426621699,0.0348438998304351,0.012565734304814,0.0,0.0020222446916076,4.22645810492782,0.0087248322147651,0.6250812215724496
"Ashford, United Kingdom",UK,True,0.5.0,0.0032974127726586,0.0069475062420381,0.0004678157834518,0.000356824241346,0.0478606239398962,0.9997305776258906,0.2422126352058859,1.0690761456804865,1.0930421609394758,6.37176549527683e-05,0.0001085253156614,6.214087578679558e-05,0.0001190803507426,0.0017211703958691,0.0123038516405135,0.7896002425846804,0.4999497587615906,0.3863449474822313,0.0017995697659259,0.6379475397281256,0.3719229397074563,0.4638106580001823,0.0097532989099254,0.3956847360912982,80.78916314916508,177.6781376807389,0.0510515164567194,0.7641996557659209,0.0219329529243937,1334.0,3388.0,2.2984679456273454,5.837488305686242,4.955616922512466,3.0484711834786062,0.3937426210153483,3.823293172690763,2.2307417974322394,53.19118474439284,1111.320914248702,0.1975975526595203,0.9999497587615902,269.18949161301805,1111.3767511930218,0.9596314060436488,0.960204705549521,0.994671981465662,0.9956362350105948,0.5603648827328315,0.1361956758000792,0.4046106011686805,0.1557542815641509,2.007803701903186,0.4863544958345303,0.0578895727410578,1.1497846186612648,104.0,2.0,3332.0,6255.0,1743.0,5608.0,3.547874248370941,3.5637383979032267,0.0321820224646164,0.0179239787133912,0.0,0.0019184652278177,1.9148904333827723,0.0011474469305794,0.5822039942938659
"Asti, Italy",IT,False,0.5.0,0.0004504502626532,0.0074987482209297,2.990633425053504e-05,0.0003505924316757,0.003879226773095,0.8157555137089816,0.0322075423998144,1.147262679189312,1.1602417443662283,6.420916555225979e-05,3.6820616747582045e-05,4.9721559893091166e-05,3.6519692404534e-05,0.0034076827757125,0.020735632183908,0.6149909043952471,0.6666338718332814,0.6623063600883922,0.0007110420058071,0.5572139303482587,0.4031485839487138,0.0899800819133446,0.0241635687732342,0.3172413793103448,151.66157933018022,283.0891046134721,0.0462748364937543,0.5836431226765799,0.0515212981744421,315.0,8415.0,0.2085803318636891,5.572074579787126,2.3180722603093726,1.99447282628898,0.0374331550802139,3.3308550185873607,2.418498985801217,16.36707849077759,4219.009250294519,0.1204446686723102,0.9999642666160736,135.88877507984145,4219.160015159187,0.939409894506162,0.9273349707580862,0.9951332986224076,0.9847544578162236,0.4469744209223439,0.001563597333934,0.1537185722912706,0.2932558486310732,2.63569635187656,0.4183006535947712,0.104767701359302,1.0822414888299017,90.0,3.0,896.0,14904.0,538.0,12325.0,3.5347899403417724,3.580183781444441,0.0438632030412844,0.0030334867326274,0.0022321428571428,0.0014090177133655,2.793758083009242,0.0018587360594795,0.631237322515213
"Atlanta, United States",US,False,0.5.0,0.0045154251918719,0.0067242350235113,5.364625108505802e-05,0.0008771962291486,0.0504227864375547,0.9745748450681158,0.1377028317698234,1.1276116848077933,1.0724093830434718,4.3357729825745206e-05,9.167808217982284e-05,3.786501999209117e-05,9.1104206955978e-05,0.0199525603460304,0.028491325898389,0.8101610781887629,0.8329624907762561,0.3326386178458996,0.0023692386017265,0.6522832006702974,0.458976265724732,0.9893802369127148,0.0092088740058601,0.2022304832713754,74.65784579785516,170.96193616088163,0.0762648675779691,0.7388028463792382,0.1549256505576208,1769.0,8584.0,5.018867636593087,24.35384951527137,5.07273892214997,3.389590692870159,0.206081081081081,3.910422771033905,2.753345724907063,127.69364740421464,2530.786464481786,0.366171020519307,0.9993394973962298,348.7267977217814,2532.4591603511394,0.9676650319589316,0.9670838234527588,0.999974587409816,0.9998515313475088,0.8429263908764919,0.0890225563909774,0.4269736830236455,0.4159527078528464,1.5444513584525663,0.5024093861303164,0.1886590750639089,1.254097590424301,116.0,6.0,4671.0,14813.0,2389.0,10760.0,3.5004944330969545,3.3097952638070054,0.074144373648889,0.2336345937637646,0.0004281738385784,0.0028353473300479,7.184893906659149,0.0016743407283382,0.6428438661710038
"Atlantic City, United States",US,False,0.5.0,0.2175438596491228,0.031185138070121,0.2504504504504504,0.0136355000517116,0.0736092919123898,1.0,0.0858471651368096,1.003406235506579,1.054231099199454,0.0005127298319969,0.0003901370297068,0.000551136022971,0.0003881143558568,0.0,0.0278093076049943,0.3574458084327305,0.4994607573903327,0.1433707590211929,0.012307973225482,0.6666666666666666,0.5225635191505499,0.309190038126799,0.0,0.1328036322360953,94.25571578034231,117.921836786619,0.8258779357782743,0.9473684210526316,0.3927355278093076,72.0,764.0,1.595837176129108,16.933605591147757,5.161347324762946,4.701645772134159,0.094240837696335,3.8947368421052633,3.1282633371169126,11.961236925668834,162.4086661678916,0.8574458084327307,0.9994607573903344,13.949845935490664,162.496291091961,0.998710880543896,0.9848583035462396,0.999999985509059,0.9999988750169232,0.7454092525086929,0.1992954884162037,0.4060657190660954,0.3393435334425974,1.8170116335169075,0.5034013605442177,0.2840068298235629,1.1734446600521955,2.0,2.0,148.0,1378.0,76.0,881.0,2.2740641830131225,2.7886248996991205,0.8367505001757227,0.5926648509420107,0.0,0.0007256894049346,3.6016336431617857,0.0,0.474460839954597
"Augsburg, Germany",DE,False,0.5.0,0.0024079831022233,0.0111650583004917,7.21076654154875e-05,0.0024302530731773,0.3265300106087249,0.9933098833403322,0.9982413835921314,1.0196914918930495,1.0690386116867816,4.906636887216599e-05,0.0001718139011697,5.452532416022034e-05,0.0001711264141161,0.007430264132313,0.0369479965899403,0.9043024255884802,0.833013638074481,0.5115773470779931,0.0085350029876578,0.6660082304526749,0.4652848857045377,4.781625239811863,0.0096272525302394,0.1690537084398977,43.36079871287176,128.87029360881567,0.0181947762300518,0.7810417180942977,0.1273657289002557,6405.0,3249.0,43.64269149626998,22.13818964424374,9.127166874748038,4.621704117816724,1.971375807940905,3.99506294742039,2.790281329923274,229.54650004053275,702.6782368141251,0.3271052632918501,0.9995601417617844,701.7511663691165,702.9874516360895,0.9891003532373396,0.967786632953843,0.999999996979844,0.9996481309898784,0.8841616003245591,0.6949596722896471,0.6003487124139378,0.2838128879106213,1.166624923873106,0.5210815482437188,0.1984644913627639,1.1095900503923608,359.0,6.0,16184.0,5455.0,8102.0,3910.0,3.5270525745413663,3.49676555269441,0.0507374634039834,0.0774074142565141,0.000247157686604,0.0010999083409715,4.790049098751424,0.0095038262157491,0.7035805626598466
"Austin, United States",US,False,0.5.0,0.0012147327335366,0.0047499276576525,1.93253386247951e-05,0.0002680402060309,0.0781773241906299,0.7920253819752333,0.3835714457034609,1.1268886473976214,1.0659823262113086,1.4567049261056724e-05,5.806658991436517e-05,1.0781975906844794e-05,5.741246424128823e-05,0.0139566980074182,0.0306965348267413,0.8304123083947095,0.8886696508483902,0.2329681596600957,0.002083521772625,0.6217179995973888,0.4524512010134853,2.2868492734239063,0.0170792719744673,0.2193109655482774,76.63993613619436,159.1426624774312,0.032841796137651,0.7023203657379453,0.152507625381269,8328.0,15613.0,11.494432173724933,21.5492998953371,5.02631822188932,3.614447270666144,0.5334016524690963,3.7296644526869662,2.714435721786089,337.69549565550926,4317.962655905943,0.2038142439076887,0.9996188007735584,1656.878779328386,4319.609287624915,0.9712070809067844,0.9689223043748996,0.9998989315156482,0.9996636301664584,0.8427357544171962,0.0276569218634709,0.5091283217917391,0.333607432625457,1.4590390361456134,0.4491609507786549,0.1788562998524741,1.2608491725335649,386.0,9.0,21619.0,27143.0,11593.0,19999.0,3.509807119080953,3.4108208267938656,0.0659699416395587,0.1510189031823496,0.0007400897358804,0.0006263124930921,5.961990390681659,0.0160441645820753,0.6281814090704535
"Aveiro, Portugal",PT,False,0.5.0,0.0015552624372784,0.0148030927948003,0.0001533611655448,0.003639343154686,0.0115911189494794,0.9166866317501248,0.0906787817957399,1.0942965497947708,1.08228255801315,0.0002428429418392,0.0001692435731646,0.0002334240192184,0.000181210044276,0.0109739368998628,0.0365951916829109,0.6300222837507903,0.4996828454561108,1.0262163563485158,0.0033234303233052,0.5991735537190083,0.4480426583430875,0.2757625338686905,0.0123456790123456,0.1976608187134503,62.72343613873751,174.68442767603403,0.1713967394946228,0.6275720164609053,0.0783625730994152,311.0,2058.0,1.5716164119145408,10.399956835112942,5.699165836149793,3.41980980268108,0.1511175898931001,3.580246913580247,2.686159844054581,6.975394590461474,601.5969935917889,0.1278261432270807,0.999682845456106,54.569389440701634,601.7878533439372,0.9663310214657662,0.9584498438269924,0.9999863344425428,0.9948165020852509,0.731167291305224,0.0506868931656883,0.1852912646202874,0.5458760266849365,2.118037427690119,0.4550155118924509,0.1720975609756097,1.1599234222184482,56.0,2.0,870.0,3445.0,486.0,2565.0,3.388487743271609,3.5610535996810864,0.1696462589368286,0.0203442939038884,0.0,0.0014513788098693,3.0410921762255705,0.0123456790123456,0.7239766081871345
"Avellino, Italy",IT,False,0.5.0,0.001535332610443,0.0062572039081442,5.28680941052075e-05,0.0003298363844185,0.0020100077629016,1.0,0.0126196502426195,1.431255906159331,1.18645323506329,0.0002707820302818,2.764116267524489e-05,8.035366872432676e-05,2.8287020299026032e-05,0.042517006802721,0.0353677536231884,0.5540912564267639,0.6665847635673767,0.4208163839849735,0.0004305855877503,0.6391752577319587,0.4369859042649563,0.0315345940293576,0.0,0.2226086956521739,236.3557346544507,288.8700175833371,0.1526020119707193,0.5816326530612245,0.0655434782608695,114.0,14304.0,0.040886789637973,5.130216131417246,1.2965693993050535,2.053032082393636,0.0079697986577181,3.795918367346939,2.6216304347826087,14.004238553848582,6966.423307645032,0.1592760278025274,0.9998804914800086,87.92433329145567,6967.255954092508,0.8800833649938093,0.932566737937396,0.9796494284317024,0.98595714865907,0.2926290509895163,0.0014050099363315,0.0822369164844897,0.2103921345050265,2.75372203915114,0.5503875968992248,0.1555102595461339,1.0556477973183784,37.0,3.0,372.0,24119.0,196.0,18400.0,3.4307902735696487,3.5821067061071585,0.1341880079979529,0.0012850561733084,0.010752688172043,0.0011609104855093,2.4988484960429416,0.0,0.7118478260869565
"Avignon, France",FR,False,0.5.0,0.00069945323741,0.0122509591841355,4.8038369304556354e-05,0.0026484882593877,0.0605515166789726,0.9952822766709024,0.3335177931671848,1.0339466611264212,1.1129458242961194,7.442410422331049e-05,0.0002670240452415,6.37240693600395e-05,0.0002817818642199,0.0051916932907348,0.0301279947489333,0.7462836436362992,0.7486033577057247,0.7265387581322245,0.0092309944100071,0.5848,0.4260536398467432,2.234724851596657,0.0654952076677316,0.2569740728585494,65.90098109308377,111.3367838327276,0.0357305560035179,0.6573482428115016,0.0669510994420741,838.0,2264.0,12.957987762456776,35.00821514821258,5.798471231569563,5.224742836064023,0.3701413427561837,3.5031948881789137,2.554643912044634,26.238350491613403,432.28742789074937,0.1815540817296652,0.9976107075939644,144.52085153713273,433.3227626769758,0.9753969244667234,0.9524215861937954,0.9997153338875387,0.9994194182837692,0.7504920262656977,0.1317237818163499,0.5094949536426814,0.2409970726230163,1.5511569581122435,0.4185674269707883,0.1394317621941205,1.153438311443058,105.0,4.0,2193.0,3892.0,1252.0,3047.0,3.489801819855722,3.5181927495855603,0.0834857619044836,0.0585785136095163,0.0,0.0041109969167523,6.700466653892858,0.0119808306709265,0.6760748276993764
"Bamberg, Germany",DE,False,0.5.0,0.0083780225085987,0.0199460741599913,0.0002056913604213,0.0061781666606256,0.6169599460734021,0.7765397245928841,0.9147446742819696,1.026081968514745,1.0733577589451422,0.0001288788898905,0.0002818750560269,0.0001540252149131,0.0002775640702861,0.0111000332336324,0.0333333333333333,0.8661378289495447,,0.6097778992738383,0.0040714677799678,0.6305721889554224,0.4329926178307779,4.117041877319599,0.0104685942173479,0.2559523809523809,59.26456525895928,161.0568326597972,0.0278406953104978,0.6665004985044866,0.1045918367346938,1360.0,875.0,24.92156467267982,16.034094918084442,6.0532696570249644,3.56253430747184,1.5542857142857145,3.7796610169491527,2.5935374149659864,151.53256255862567,245.61166980619075,0.6744613698436515,1.0,224.67196689671465,245.61166980619075,0.98257692758318,0.9611553100282796,0.9999914248068384,0.9976203688886716,0.8222735985038814,0.217703616747722,0.5509452989008147,0.2713282996030667,1.4107097299085094,0.479660593960569,0.1491265445249254,1.1687186450312286,137.0,1.0,3791.0,1525.0,2006.0,1176.0,3.4840036224960724,3.524960393715005,0.0885314358486135,0.0525920010949049,0.0,0.000655737704918,4.500755230470489,0.0114656031904287,0.6394557823129252
"Bari, Italy",IT,False,0.5.0,0.0012319148435846,0.0136030150307625,0.0001170210931437,0.0023959088435664,0.0203994806495206,0.9614012686726248,0.1726888333693681,1.0622337136802074,1.089833794461703,9.838419238030976e-05,0.0001234252490572,6.659844796758742e-05,0.0001284665220791,0.0050103153551429,0.0238549473843591,0.6885132512144918,0.4999712407573724,0.715034751537841,0.0026554519798199,0.5727782698553292,0.45254866318261,1.1109891191958745,0.026525198938992,0.2096297978650919,67.04309717366223,126.05312994419288,0.0829022058216753,0.618921308576481,0.132182602770838,710.0,3479.0,6.064742348944961,29.71723750983031,5.458867457977066,4.619158718896732,0.2040816326530612,3.4305923961096374,2.7140585964115376,15.364224851020738,753.1457908910788,0.1181285451496896,0.9999712407573736,130.06360851690474,753.1674514165526,0.9691416387611108,0.9669810979750586,0.9999885915863144,0.9999858569988266,0.5554497953428968,0.0295966045767685,0.2933324897449942,0.2621173055979027,1.957042022065257,0.3996455471865308,0.1788433132598568,1.1619004971730296,93.0,2.0,1940.0,5975.0,1131.0,4403.0,3.456865051111808,3.479058621765521,0.1119626592645651,0.0928236419195738,0.0,0.0020083682008368,6.433473997821004,0.008841732979664,0.6579604814898933
"Barletta, Italy",IT,False,0.5.0,0.0004786903232712,0.0087611371386513,0.00010660458146,0.0012977373361879,0.0100306824429071,0.998481833845682,0.0588095947437585,1.053944642710939,1.0821340677314015,8.765923957489552e-05,4.6939276429227584e-05,5.608551368197101e-05,4.333505498087809e-05,0.0,0.0322094211323679,0.6408344317234471,0.6664728275472405,0.5423007715900869,0.00118120328172,0.5636574074074074,0.4853578602389259,0.0976321322770993,0.0404157043879907,0.1404714089419723,102.23381810220258,184.40303403477984,0.0874068522473989,0.6397228637413395,0.190783215304936,564.0,8132.0,0.3686609024141112,5.315514997219065,3.7760201873680126,3.201848362315737,0.0693556320708312,3.3741339491916857,2.911531550576049,25.47575662412888,2539.172944549298,0.1705620058531649,0.99975980498544,149.36360824731796,2539.7829877610225,0.9726238994755942,0.974331406014328,0.9998978677771152,1.0,0.2961393498183185,0.0326565402132152,0.1146159925729751,0.1815233572453434,2.745380847583077,0.3914302258251302,0.2281017074588994,1.0838653636387714,81.0,3.0,1461.0,13773.0,866.0,9461.0,3.434104928125328,3.56495422894971,0.1313783236708238,0.0168269384612975,0.001368925393566,0.001379510636753,1.660139518092174,0.0115473441108545,0.6687453757530917
"Basel, Switzerland",CH,False,0.5.0,0.0003294493722055,0.0176927793246234,6.486471373552252e-06,0.0081477822993265,0.0422838246678806,0.866809407188263,0.2784146646979896,1.0252331881884644,1.0558560605369849,9.742264226981986e-05,0.0003484489991948,8.97400972828086e-05,0.0003528604975932,0.0017959770114942,0.0357224902366184,0.6974240815930501,,2.018957847548998,0.003772533370233,0.5086393088552916,0.4989648033126294,3.095488452138395,0.1185344827586206,0.1178497587870434,52.22961864758293,122.21017273318476,0.1168661907434594,0.4827586206896552,0.2184700206753962,470.0,1280.0,19.713694833206667,53.68836039681816,6.368524754013617,4.828842713898343,0.3671875,3.0452586206896552,2.9896623018607857,11.20833681724815,265.0738646582781,0.1518735541956745,1.0000000000000016,73.80045114903467,265.0738646582777,0.9840968685525422,0.972350717726358,0.999977083652489,0.9998523265213392,0.7505686569457921,0.17025137787337,0.3148850238406858,0.4356836331051062,1.9037821356602425,0.3425175580767153,0.2481877804625474,1.1162704827462022,149.0,1.0,1413.0,2169.0,928.0,1451.0,3.5073285772468834,3.569331886207172,0.068149049369779,0.0128719211269068,0.0014154281670205,0.0004610419548178,11.11826654496173,0.0237068965517241,0.6636802205375603
"Basingstoke and Deane, United Kingdom",UK,True,0.5.0,0.0005128992636514,0.004747802950467,1.6274857732761692e-05,0.0002038112665315,0.0222365444379138,0.9988017460694856,0.2861827849008012,1.0533988451100516,1.079762387552444,5.6454459919546e-05,9.986551751453992e-05,4.2166688987898285e-05,0.0001044462191675,0.0086531226486079,0.0077254822059223,0.6478658534762891,,0.562736038588337,0.0007421445469458,0.622232263895165,0.3582976699952448,0.6082519869486052,0.0153498871331828,0.4342909535452323,93.34688065939,127.73214547459966,0.0318228782397297,0.6844243792325057,0.017522412387938,1540.0,5553.0,2.429121580379595,8.759033854446681,3.993610596433359,4.121128669190448,0.2773275706825139,3.7300225733634313,2.149348003259984,29.96255180937886,1347.4464026115547,0.0777004963650122,1.0000000000000022,385.6159640039401,1347.4464026115518,0.9683336290458632,0.9684934545652916,0.9985422678871836,0.9992466854306784,0.5992010681174128,0.0116040100250626,0.3551739976538515,0.2440270704635613,2.009458153188864,0.4820338983050847,0.0373974626789626,1.158239226930351,217.0,1.0,4131.0,10549.0,2215.0,9816.0,3.567621682088596,3.564804569368248,0.0144179589000502,0.0169620088476841,0.0,0.000284387145701,2.1253968409016704,0.0108352144469525,0.5481866340668297
"Bath and North East Somerset, United Kingdom",UK,True,0.5.0,0.000103212275524,0.008007616271663,9.980020099065356e-06,0.0002939015302953,0.0171586871227155,1.0,0.2256154134961433,1.0710377699598332,1.0899532684159328,4.9161007879223606e-05,8.933319813886494e-05,2.712018215540012e-05,8.921646085961618e-05,0.0049751243781094,0.0152516647081864,0.6703431786841052,,0.6142155810730084,0.0009426972945548,0.5649717514124294,0.3760407483592908,0.6816087276389845,0.026865671641791,0.3835193889541715,140.78214701788204,138.15914327789997,0.0562525702479663,0.5890547263681593,0.0224735605170387,601.0,4197.0,1.7116426879417614,11.953018903979322,2.511180709012776,3.956500545246643,0.143197522039552,3.383084577114428,2.255581668625147,18.20169339811067,1060.785902087717,0.0760528141975053,1.000000000000001,239.32964993039943,1060.7859020877158,0.9601211005228604,0.9606690851796864,0.994016946465287,0.9962560839196752,0.6016372558744955,0.0095464792634853,0.3427771297486757,0.2588601261258199,1.992997323984198,0.4199501246882793,0.0639923591212989,1.1531867104764073,147.0,1.0,1700.0,7678.0,1005.0,6808.0,3.5390752611535685,3.5776159527433125,0.0400452392722463,0.0053659115207904,0.0005882352941176,0.0010419380046887,3.0211088731782763,0.008955223880597,0.5940070505287897
"Bath, United Kingdom",UK,True,,0.0009401173239293,0.0141055286747035,9.519147084421236e-05,0.0021079250526581,0.0306142068907672,,0.1635681870007456,1.064116179340758,1.0866773510389611,0.0001914953477804,0.0002897588691312,0.000159133149891,0.0002846040320957,0.0086580086580086,0.0150877192982456,0.6962193576753,,1.192947173781763,0.0038260432628067,,,,0.0441558441558441,0.3604210526315789,65.36890575710665,95.18085256988986,0.0827205782125415,0.587012987012987,0.0332631578947368,234.0,1519.0,,,5.473522326763383,5.811759716203519,,3.397402597402597,2.312421052631579,,,0.187164799293323,1.0000000000000009,42.75126436514775,261.3666211569176,0.9607647797712446,0.9596453725885644,0.996859076772818,0.9977442355159912,0.7007736453167633,0.0355778894472361,,,,,,1.0527750031884646,51.0,1.0,654.0,2746.0,385.0,2375.0,3.464928807483411,3.573100890987377,,,0.0015290519877675,0.0014566642388929,,0.0207792207792207,0.6063157894736843
"Battipaglia, Italy",IT,False,0.5.0,0.3333333333333333,0.0286041179061552,0.4,0.0112451599344773,0.0446644286672118,1.0,0.0446644286672119,1.0026662663761745,1.0796393867102454,0.0008580952209134,0.000337687151915,0.0008983136760435,0.0003573178562879,0.0,0.0183632734530938,,0.4998542202106342,0.1376713871096513,0.0122980276981502,0.7111111111111111,0.4309723889555822,0.128419739783797,0.0,0.259880239520958,226.989795454812,151.00065304255932,1.9784006375727747,0.8823529411764706,0.0982035928143712,15.0,618.0,0.2651958556244372,10.926069251726812,2.06507080664477,3.800090558728436,0.0242718446601941,3.764705882352941,2.5796407185628745,7.263673454553982,162.60399549450045,0.9999999999999998,0.9998542202106346,7.263673454553984,162.6277033268364,0.9979542748206798,0.9668231952241946,1.0,0.999891902967472,0.587459338888295,0.0351959966638865,0.225227549810841,0.362231789077454,2.475655267399559,0.5517241379310345,0.1465465465465465,1.042458742913919,1.0,2.0,32.0,1077.0,17.0,835.0,1.201076299531572,3.519787790388873,0.9928941215717528,0.0571692837637863,0.0,0.0027855153203342,2.8752128621331674,0.0,0.6419161676646706
"Bayonne, France",FR,False,0.5.0,0.0095885391265794,0.0231217149178014,0.0002935509495307,0.0069649336944221,0.2441594834954826,0.9939495563662571,0.5268465674044825,1.044736568992866,1.0953748643679138,0.0001498515850938,0.0003372063184846,0.0001517379034136,0.0003426524007662,0.0043186180422264,0.0349434737923946,0.8144675845119089,0.8237629883284598,0.7431058313140521,0.0367033834168183,0.6198717948717949,0.4256779951939581,3.3453527767791225,0.0259117082533589,0.2713257965056526,44.53206506269024,131.832796515488,0.0428571658051269,0.6986564299424184,0.0904419321685508,758.0,709.0,29.44298400656616,27.53967765257969,8.801159689625804,4.337116473754039,1.0691114245416078,3.712092130518234,2.548818088386433,39.913402106183405,160.39613533425882,0.4634356539482415,0.981180142291532,86.12501383124292,163.47266767920513,0.9757829899318238,0.9513434369855492,0.9999291773789742,0.994625583607629,0.7787310816256879,0.2135093167701863,0.5008970125635406,0.2778340690621472,1.3807404211668106,0.4598364598364598,0.1406491499227202,1.1545290748339738,64.0,6.0,1934.0,1240.0,1042.0,973.0,3.5573347869509777,3.552174647772787,0.0236918288119845,0.0283273012320711,0.0020682523267838,0.0032258064516129,6.349766675447944,0.0287907869481765,0.6382322713257965
"Bayreuth, Germany",DE,False,0.5.0,0.0008410205208043,0.0181706995063311,4.576269545224203e-05,0.0038867893837509,0.2054867944945402,0.9611549525833204,0.8356356436335307,1.0353502434234152,1.0961867839808646,7.799387048748321e-05,0.0002471279605748,7.156334384115321e-05,0.0002508252788436,0.0175765270136831,0.0299225779451768,0.8177127314862096,,0.6510077426413611,0.003181317392003,0.6398418749117606,0.4267756128221244,3.9262007217470334,0.0126957257723233,0.2711864406779661,57.95888945475188,154.31280699160686,0.0295285463552061,0.6457892509521794,0.0991839296924042,1544.0,1161.0,23.078620085199244,17.35380694230332,5.87810499788457,3.69350949211557,1.329888027562446,3.835801946677952,2.5574387947269304,64.59173014647187,314.33518784190335,0.2459047744792667,1.0000000000000009,262.6696870089356,314.3351878419032,0.97938243553823,0.9545760669839216,0.99997613127319,0.9970586671334544,0.7937825357302405,0.28214055448098,0.519636651364747,0.2741458843654936,1.3171319812623683,0.4956576996399068,0.1398931153725243,1.1114388295708109,171.0,1.0,4532.0,2037.0,2363.0,1593.0,3.567364353886328,3.5535158850334185,0.0146504807163757,0.0271234977177682,0.0,0.0014727540500736,4.698460090422943,0.0076174354633939,0.6296296296296297
"Bedford, United Kingdom",UK,True,0.5.0,0.0028462092008825,0.0070238284401108,1.1636360562332514e-05,0.0002921413839746,0.1791834553185343,0.998960863166412,0.8155606942574789,1.0786942514365283,1.0795789856930331,3.345468846295728e-05,0.0001248597778744,2.9711486879918395e-05,0.0001288582949631,0.0115631432376801,0.0083613179539592,0.7482907258408613,,0.305550927818444,0.0010604056460537,0.6377075003029201,0.3646365804975415,1.613670196518874,0.0116236832546313,0.4199153161045408,146.13386992140855,125.90592002360412,0.0196644597493544,0.6901561932437341,0.026281208935611,1914.0,3973.0,4.015803518574659,8.335834576435277,2.488614790827668,4.212991631771478,0.4817518248175182,3.823465310570287,2.187180610308074,168.97633088371435,943.035340976792,0.2197058497058524,0.9999999999999968,769.1025573963733,943.0353409767948,0.9637564622644792,0.9638099716229972,0.9965394898133022,0.9983541133029872,0.678509634199013,0.1224828117972113,0.4508111879376445,0.2276984462613685,1.505619657670095,0.49900018178513,0.0468852698459066,1.1767947208681426,235.0,1.0,5263.0,7490.0,2753.0,6849.0,3.568807972899438,3.571037648253053,0.0133456715526614,0.0113286920890358,0.000760022800684,0.000667556742323,1.978602215483212,0.0050853614239011,0.5538034749598482
"Belfast, United Kingdom",UK,True,0.5.0,0.0003804500459296,0.0068325831824458,3.857059348763113e-05,0.0002163482103448,0.0437060430332201,0.992485477817216,0.2397304027482581,1.120276082105616,1.078042369423825,5.079070407179728e-05,0.0001521930026387,3.995118216729991e-05,0.000153333424026,0.0204416761041902,0.0143281365998515,0.7677070506612704,0.4999478250661142,0.4665877481375394,0.001761500295723,0.6394557823129252,0.3895647703906785,1.9755648062744644,0.0356738391845979,0.3508651704642796,80.43406835526318,83.2340575274895,0.0259544031202937,0.6919592298980748,0.0385471989035463,1275.0,7578.0,9.254033670714216,55.001621299350845,4.684247077758762,6.674324620494725,0.1682501979414093,3.832389580973953,2.336988178859003,49.62365676501849,1135.3365395327917,0.1823133091680327,0.9999478250661116,272.1888873142106,1135.395778732484,0.9638832162748306,0.9632610163974036,0.997781806287702,0.9998447898339776,0.8223276033347703,0.0094299022834286,0.395024602907231,0.4273030004275392,1.616021078979194,0.494754749078537,0.0843507689671421,1.2389305327492233,127.0,2.0,3384.0,13641.0,1766.0,11674.0,3.555821939444031,3.575980999034965,0.0250519976544599,0.0068495586930703,0.0,0.0010996261271167,8.240777071354662,0.0300113250283125,0.610587630632174
"Belfort, France",FR,False,0.5.0,0.0020613530359114,0.0123497295059117,1.0666662458287732e-05,0.0009178904695896,0.0621374040399807,0.9858022640416576,0.289496506003001,1.0653060590285075,1.087921549563429,5.726091971872106e-05,7.290381009997087e-05,3.3290990000415266e-05,7.664351133399074e-05,0.0031069684864624,0.030325271059216,0.7023101403027436,,0.6793554627034847,0.000777355860817,0.5596031393454761,0.4117581623004616,0.6096469313945503,0.020861074123391,0.296580483736447,98.54771465513004,173.7690286143246,0.0242330275229436,0.5867731913004882,0.0610508757297748,1346.0,4217.0,2.203433778173152,6.903328560591517,3.614278469560831,3.278109665065454,0.3191842542091534,3.3546382600976474,2.469724770642202,79.93430958978202,1286.4121188318431,0.2146395647322132,0.9999999999999986,372.4118136817365,1286.412118831845,0.968422512023426,0.9524672515415712,0.9987044483123256,0.9930519867378904,0.6960595676568041,0.0349032962796376,0.4018239521308344,0.2942356155259698,1.696931474570648,0.3952455009997778,0.1175636211931581,1.141959816195408,253.0,1.0,3779.0,7403.0,2253.0,5995.0,3.558796438698657,3.575913269048866,0.0223767884297143,0.0069109967309186,0.0005292405398253,0.0028366878292584,2.105887009870269,0.0106524633821571,0.6423686405337782
"Bell, United States",US,False,0.5.0,0.0004953703343776,0.0060362827842755,0.0001049028068238,0.0003961703497981,0.0138317784368308,0.9906596493431588,0.0609145025521992,1.234587725097088,1.0913067476173977,4.824006261818754e-05,4.0149910783925646e-05,3.824972218423632e-05,4.0814714316883664e-05,0.0367045454545454,0.0410593257635771,0.6312773013085247,,0.1684973307951247,0.0001936590771086,0.670083523158694,0.4589110436198776,0.1115743518560484,0.0056818181818181,0.2084103512014787,178.2124884127058,247.6363680787656,0.1623319320531634,0.7125,0.1695933456561922,627.0,11990.0,0.2224073161610098,4.253052186236855,1.993355215255532,2.321972334532699,0.0522935779816513,4.011363636363637,2.7531027198310007,71.42334169583368,5163.713547178407,0.2270687251361531,0.9999999999999974,314.5450420484257,5163.71354717842,0.9298896541936236,0.9624586320879592,0.9929243633988516,0.9999945107104126,0.8249780572595795,0.0118260475308875,0.4032972004124345,0.4216808568471449,1.9649704876438847,0.5344729344729344,0.1883397708890429,1.2101372606506406,53.0,1.0,1765.0,20852.0,880.0,15148.0,3.477910553783745,3.2361089419924527,0.0938187033053463,0.2912264530836111,0.0011331444759206,0.0024937655860349,1.831654978392664,0.0,0.6219302878267758
"Bendigo, Australia",AU,False,0.5.0,0.0152959981845918,0.0375455474445588,0.0041086701324836,0.0259653396158607,0.2042986909472356,1.0,0.4431455476674126,1.0593514466777347,1.050295310872095,0.0005499018918588,0.0006269377665684,0.0004024897929247,0.0006258742970177,0.0418835192069392,0.020754716981132,0.7363054165855694,0.6619934434833741,0.4998758853874895,0.0474680942133796,0.7228464419475655,0.4810126582278481,5.105923294350999,0.0074349442379182,0.1918238993710692,48.37124722629692,138.59725100500592,0.6786749298706193,0.7806691449814126,0.2389937106918239,210.0,257.0,38.284918912264686,46.85344838310488,7.498138280812342,4.066433404279525,0.8171206225680934,4.304832713754647,2.8679245283018866,12.911748048838918,62.87946700833838,0.4610193919866817,0.994922821346302,28.006952144025917,63.2003464582827,0.9698680879965552,0.98028318371916,0.9981614218683896,0.9997981250556448,0.7837327836354744,0.0667903525046382,0.380643400828881,0.4030893828065934,1.7695192073183064,0.6078799249530957,0.2234548335974643,1.089048194320568,14.0,3.0,579.0,456.0,269.0,318.0,3.4193256346685645,3.075161753750776,0.143870972712002,0.4091976623494618,0.003454231433506,0.0,11.522000663725656,0.0,0.5691823899371069
"Benton (MN), United States",US,False,0.5.0,0.0040493086459932,0.016043875056366,0.0009519923840609,0.0049090885159591,0.0033153309709577,1.0,0.0255677787037625,1.190520501397001,1.0459547916869818,0.0003416356323161,5.807205401034721e-05,0.0002518155459507,6.063478647880999e-05,0.0246628131021194,0.0291070547607301,0.4034419273539371,,0.5184791495735206,0.0006628180079405,0.6276803118908382,0.4623868312757201,0.0360561285820131,0.0,0.2254563394178589,119.79614087341145,537.0985274100053,0.5164521889931813,0.6358381502890174,0.222496299950666,110.0,1570.0,0.1028189298626361,1.46750654440308,2.851635322654364,1.040624272466644,0.0700636942675159,3.722543352601156,2.771583621114948,5.001872205100284,1508.7097634947063,0.1296683223587912,1.0000000000000009,38.57435736123848,1508.7097634947052,0.944610690167254,0.9678714764835804,0.997506037918645,0.9999915663220168,0.5820914898307893,0.0266747270185514,0.2774071653514166,0.3046843244793727,2.457104943958762,0.4956011730205278,0.1933810817485799,1.098241558213675,20.0,1.0,322.0,2809.0,173.0,2027.0,3.371713468239065,2.9682843013345592,0.1835012997856979,0.4816077041784214,0.0062111801242236,0.001067995728017,1.410217485053059,0.0,0.5520473606314751
"Bergamo, Italy",IT,False,0.5.0,0.0009351126242911,0.0154957678124886,6.509935135452437e-05,0.0037935892693511,0.0904977332405013,0.9792845488276488,0.5961773326451827,1.099510217416913,1.086163170438558,6.536634082605168e-05,0.000292905891705,5.749662806313346e-05,0.0002893751031298,0.0169822663059813,0.0141333333333333,0.6716024279194057,,0.4259899597337448,0.0031353772583665,0.6552243300210779,0.4185900455330507,4.727243725198107,0.0018034265103697,0.2908235294117647,87.38296256829274,119.6327403480536,0.0381063082599854,0.7258791704238052,0.0889411764705882,805.0,1507.0,20.013277569626364,37.46585005891544,4.2336039208106735,4.725013528358431,0.5341738553417386,3.9242560865644727,2.509176470588235,28.8634271997136,318.94088576791125,0.1517966690195539,1.000000000000001,190.145326548605,318.94088576791086,0.9562147038856704,0.9615894634188608,0.999227846510823,0.9991310504808666,0.590123826036833,0.015707993263376,0.3648867971427921,0.2252370288940409,1.6207302729182085,0.5187528242205152,0.1276796230859835,1.1857541663263989,81.0,1.0,2176.0,2666.0,1109.0,2125.0,3.532512802287099,3.5454729930816424,0.0458889011128873,0.0343310868792903,0.0009191176470588,0.0007501875468867,7.929257733137509,0.0,0.6202352941176471
"Bergen, Norway",NO,False,0.5.0,0.0002107096330076,0.006310453595182,3.087849165811353e-07,0.0002048340800958,0.0662643671336666,0.9979710844914952,0.4908587644275949,1.0639301852254868,1.1451983244155677,1.777111627295953e-05,6.756257665749477e-05,1.2750748839619098e-05,6.940904285166347e-05,0.0095730452674897,0.0102044298829391,0.7554773618229504,,0.9212491806670626,0.0006186090759947,0.6100648348255634,0.3618364908687489,1.392131325806257,0.0035493827160493,0.4297122965086515,66.92710995360909,152.50281042159938,0.0124673757614624,0.6425925925925926,0.0294870482236101,4175.0,5570.0,7.324811006421148,9.772262827728332,5.261580477818039,3.445652553290805,0.7495511669658886,3.659259259259259,2.170574383126856,107.11832351814392,1616.529790468952,0.1349968095424342,0.999999999999999,793.4878156099894,1616.5297904689537,0.9611899801707456,0.913735508108442,0.9950964126748988,0.9744736281295058,0.7866926586381825,0.0686500032127481,0.4883956003801098,0.2982970582580726,1.461623999808583,0.4714010034735623,0.0427057196989093,1.0955904413256792,731.0,1.0,11856.0,10600.0,6480.0,9767.0,3.542002072589676,3.548915600428277,0.0374332535649135,0.0312492954219489,0.0003373819163292,0.0038679245283018,2.8361138207029133,0.0016975308641975,0.5408006552677384
"Berks, United States",US,False,0.5.0,0.0005483077552038,0.0055583791457164,0.0001109297059377,0.0006005111290486,0.0201890183210808,1.0,0.0934066735893797,1.1964626558022255,1.0829601395143131,4.50196469011539e-05,4.6845935504399e-05,3.048946552190939e-05,4.749015963478993e-05,0.0192568483862218,0.0337883875991628,0.7406860497686008,,0.1536811164848812,0.0001750590473701,0.6837815810920945,0.4619353582554517,0.238179590823014,0.000813669650122,0.2065995035771645,211.98743979383207,300.96724379515706,0.0359973929150692,0.7957689178193653,0.1825083953861877,978.0,10868.0,0.436566145388755,4.851330130966247,1.8329284380757784,1.9025417268191145,0.089988958410011,4.096013018714402,2.771207475543875,115.32690611750655,5712.358287232102,0.2161410694254327,1.0000000000000038,533.5723859610753,5712.35828723208,0.933579199014628,0.9596897461841876,0.9808236188526568,0.9989153013913172,0.7785097154954872,0.0129973174141383,0.4395324497782364,0.3389772657172508,1.857008682693631,0.5584997961679576,0.1928735716111131,1.1913005757128132,82.0,1.0,2517.0,18980.0,1229.0,13698.0,3.554428633671118,3.576200430526633,0.0263038503619886,0.0066504987924715,0.0,0.0038461538461538,2.5499204893010425,0.0,0.6108921010366477
"Berlin, Germany",DE,False,0.5.0,0.0006524558484015,0.0042035974260045,3.856148877491428e-06,0.0003262995820708,0.1834203517255418,0.856092935633208,0.666547976203765,1.0158001563517804,1.04744050444087,1.148228896909767e-05,6.144252888218442e-05,6.613300926820212e-06,6.12074942515901e-05,0.0035478530564345,0.0301293370157407,0.8591494597398446,0.8568537918544976,0.453848579988336,0.0013144524937673,0.5007369840238629,0.4815032827711116,3.9852791597375448,0.0387895806701733,0.158962285507312,49.51998495412053,166.93032335028573,0.0044469859147787,0.4394266434753452,0.2050527459591615,22697.0,18575.0,25.48253599408948,20.8546550685206,6.394165872126172,3.487993581675578,1.2219111709286676,3.004295982732245,2.88875809299588,976.7887908971594,5322.772375990386,0.2751795193651145,0.9995044890538104,3549.642041496313,5325.411175520816,0.992680123548732,0.9766056363171084,1.0,0.99984507978325,0.8685872863153421,0.5332035722463934,0.5409978081083814,0.3275894782069611,1.1942688867326725,0.2679681032766443,0.2223731576445018,1.1544882402028354,1611.0,7.0,71681.0,31902.0,47719.0,22087.0,3.574932488998741,3.569969602896476,0.0078004517315984,0.0122951101557639,9.765488762712574e-05,0.0007836499279042,5.978983212033993,0.0362119910308263,0.6359396930321003
"Bern, Switzerland",CH,False,0.5.0,0.00013349220811,0.0173674205059854,3.014314594722003e-06,0.0052667743579979,0.0342459625552494,0.9601978208008608,0.2999219907079412,1.0373406922798196,1.0801187309875668,7.317641310812741e-05,0.0002802804727626,5.632584662976123e-05,0.0002957611371163,0.0041353383458646,0.0456995201181247,0.6368911578324077,0.4998047475011535,2.1072727628969865,0.0059906866541486,0.5105421686746988,0.4822616407982261,1.9407035681971936,0.0924812030075188,0.1251384274640088,49.22783688432538,127.9124696621454,0.0353077549518868,0.4488721804511278,0.1378737541528239,620.0,1580.0,12.016809940633854,30.62348339709917,6.191986317517212,4.73264245677747,0.3924050632911392,3.058646616541353,2.8903654485049834,11.433067537102202,333.7863604696351,0.1141828996080436,0.9998047475011546,100.12942022271784,333.8515458181995,0.9796329225034202,0.9661729214962596,0.9999985832027978,0.9993735650043482,0.8178017976171053,0.2206843521722414,0.4398561362559084,0.3779456613611968,1.7236503608693243,0.3446327683615819,0.223454394233435,1.1483002380529574,211.0,2.0,2034.0,2610.0,1330.0,1806.0,3.5404541480570906,3.562255757707603,0.0388151159819638,0.0192609312467894,0.0,0.0019157088122605,6.470694474974384,0.0172932330827067,0.7369878183831672
"Besançon, France",FR,False,0.5.0,0.000157868809627,0.0157563679749383,6.048384028248115e-06,0.0051842815990199,0.0677660470642228,0.9705253848752288,0.5011327337012028,1.0467805091825282,1.0865384612568036,6.290767220758948e-05,0.0002521196836579,5.0146970418821e-05,0.0002511815303067,0.0093272940781748,0.0237584650112866,0.7273061291387737,0.4999821252630052,1.2097467393319068,0.005746385692583,0.6040302267002519,0.4261770244821092,2.6728024553797805,0.0352289884247609,0.2708803611738149,48.489483403944895,153.79799351507063,0.0731080974084843,0.6285858077503774,0.0902934537246049,1270.0,1292.0,19.461781280559173,19.79891449959248,7.281414023466928,3.71216515740867,0.9829721362229102,3.620533467539004,2.554176072234763,23.585624317451977,348.0386381142815,0.1352257446120609,0.9999821252630036,174.4166718039898,348.04485932460483,0.9743755174645532,0.9592796907507268,0.9999220041254864,0.9938753924502992,0.8499121538055409,0.573590745744039,0.5518841454564591,0.2980280083490815,1.4799885990853094,0.4588057445200302,0.1393048883865498,1.151289325212634,211.0,2.0,3597.0,2263.0,1987.0,1772.0,3.5283021858139176,3.514199542019185,0.0496289259072267,0.062101918574588,0.0,0.0022094564737074,5.333521990549956,0.0105686965274282,0.6388261851015802
"Biel/Bienne, Switzerland",CH,False,0.5.0,0.0004373128155414,0.028992808673683,0.0,0.0135207737179289,0.0352636685781266,0.9512330643592898,0.2002615043237189,1.0546158658779767,1.0889672037353662,0.0001873189639697,0.0004428360741896,0.0001420358713516,0.0004512558282118,0.0,0.0316543209876543,0.5881722864245991,,3.141972096349372,0.0075809163681695,0.4864864864864865,0.467062902426944,1.2458996122090744,0.0776119402985074,0.1807407407407407,54.35499990676083,139.8835359159376,0.2182230642888771,0.3910447761194029,0.1511111111111111,133.0,553.0,6.272763633529929,26.08149089730865,5.034726371258632,4.192246751597769,0.240506329113924,2.901492537313433,2.794074074074074,4.651636671021758,131.91017436872917,0.1760881038880222,1.0000000000000002,26.416529954685764,131.91017436872914,0.97555191358811,0.9680586432474813,0.9998526280084574,0.9994250398524483,0.7901492666882285,0.1098989898989899,0.3781969919252286,0.4119522747629998,1.809515195356841,0.3518796992481203,0.2,1.111822612681441,83.0,1.0,486.0,943.0,335.0,675.0,3.306178926511876,3.314765052536256,0.2365135428036681,0.2296693297726343,0.0,0.0,6.22136349378012,0.0059701492537313,0.6681481481481482
"Bielefeld, Germany",DE,False,0.5.0,0.0011492440689153,0.0083080319199809,1.2721489903572276e-05,0.0010391388880043,0.1688588216321306,0.937663578400038,0.7605785857211735,1.025677039637673,1.0742758960564285,2.3425064865856783e-05,0.0001092248090531,1.89897480292028e-05,0.0001069152464866,0.0071912493849589,0.0293561532192339,0.8402905879367049,0.7497066790387843,0.5945095932446174,0.0030759950042698,0.6330115464698088,0.4206750366867764,3.824166400116935,0.012944248892926,0.2748166259168704,59.15019929530487,168.00933191234316,0.013289393818283,0.7206767344158056,0.0726976365118174,6484.0,4449.0,25.070403765203405,17.202070689603634,6.55578265747976,3.42127544349909,1.4574061586873457,3.797206767344158,2.5232273838630808,219.5826994487792,1299.7244843991366,0.2220136417225319,0.9994865052347228,989.0504824167926,1300.392229001536,0.9846466569091636,0.9609269751710128,0.9999682285113196,0.9983342083095788,0.8406105331160538,0.5528650810728707,0.5427400003394479,0.2978705327766058,1.3265627729741425,0.4828212845703901,0.1311863024867509,1.1259811647669542,588.0,4.0,16721.0,7740.0,8807.0,6135.0,3.5721505322948497,3.576957242345471,0.0103211991153976,0.0059637948673864,0.0001196100711679,0.0024547803617571,5.027970116317298,0.0155558078800953,0.6524857375713121
Bienne,,False,0.2.0,0.0004373128155414,0.028992808673683,0.0,0.0135207737179289,0.0352636685781266,0.9512330643592898,0.2002615043237189,1.0546158658779767,1.0889672037353662,0.0001873189639697,0.0004428360741896,0.0001420358713516,0.0004512558282118,0.0,0.0316543209876543,0.5881722864245991,,3.141972096349372,0.0075809163681695,0.4864864864864865,0.467062902426944,,0.0776119402985074,0.1807407407407407,54.35499990676083,139.8835359159376,0.2182230642888771,0.3910447761194029,0.1511111111111111,133.0,553.0,,,5.034726371258632,4.192246751597769,0.240506329113924,2.901492537313433,2.794074074074074,,,0.1760881038880222,1.0000000000000002,26.416529954685764,131.91017436872914,0.97555191358811,0.9680586432474813,0.9998526280084574,0.9994250398524483,0.653660893799788,0.130502512562814,,,,0.3518796992481203,0.2,1.0563225159242169,83.0,1.0,486.0,943.0,335.0,675.0,3.306178926511876,3.314765052536256,0.2365135428036681,0.2296693297726343,0.0,0.0,,0.0059701492537313,0.6681481481481482
"Bisceglie, Italy",IT,False,0.5.0,0.0367860783162214,0.0261554870550979,0.031982611395746,0.0118088028702814,0.042391131939463,1.0,0.0697576940047838,1.0415605467610691,1.1006049316362658,0.0004797565328776,0.0004418784455966,0.0003548718702439,0.00049018718647,0.0,0.0181347150259067,0.6605641358466738,,0.4880114575416795,0.0048632219894315,0.584070796460177,0.445021645021645,0.2089792935916943,0.0434782608695652,0.2292746113989637,72.44406828402367,200.02431475024952,0.7002846328908644,0.6782608695652174,0.1191709844559585,80.0,595.0,1.1655347389910096,8.668664621245632,5.577273800476338,2.89361708371179,0.134453781512605,3.4434782608695653,2.6632124352331608,8.716676316973512,205.6249955632568,0.6076911306236118,1.000000000000001,14.343925520236688,205.6249955632565,0.97945216277496,0.9609788752530648,0.9998518182384384,0.999102571055244,0.4239062595315827,0.2534351145038168,0.1797965279460847,0.2441097315854981,2.047649885881456,0.4,0.1669915529564652,1.0514069807656412,7.0,1.0,198.0,1028.0,115.0,772.0,2.898161022060265,3.401450807201224,0.5265456795032748,0.1588593150929169,0.0,0.0009727626459143,2.995788444173096,0.017391304347826,0.6515544041450777
"Blackburn with Darwen, United Kingdom",UK,True,0.5.0,0.0001597603765511,0.0106632405102793,9.765606427994105e-06,0.0005643340458623,0.0441535336868667,0.9911572229157648,0.3940029718146059,1.0649842229172712,1.0831164719426092,5.165945938971682e-05,0.0001939318184233,3.328318223765486e-05,0.000199363158753,0.0111976630963972,0.0119696684840508,0.7417807327059065,,0.669810956646992,0.0017711913253214,0.5892682926829268,0.3876246003385368,1.6235512650023498,0.0107108081791626,0.3643542019176537,122.7653560425238,91.31356046957836,0.0442217489188013,0.5929892891918208,0.0532054897537131,616.0,3381.0,4.49585915705786,24.676136055215306,2.769151337547296,5.988397870911889,0.1821946169772256,3.528724440116845,2.3248730964467006,24.928720604959427,564.5917443834024,0.1120639610496204,0.999999999999999,222.45082514905312,564.591744383403,0.9569033957793336,0.9634166209371536,0.9885278895822592,0.9998694823622752,0.7676932377935313,0.0448717137323899,0.3969995141929022,0.370693723600629,1.7112348691166912,0.4558321132259639,0.0813505125552525,1.2075537885249257,149.0,1.0,1812.0,6183.0,1027.0,5319.0,3.5364997584214883,3.5475346786898543,0.0423407698465941,0.0324860739875071,0.0,0.0017790716480672,4.120657409067197,0.0068159688412852,0.5824403083286332
"Blackpool, United Kingdom",UK,True,0.5.0,0.0111496712136366,0.0120509501700493,0.0007719265391245,0.0014777353634183,0.0745208786712345,0.9996206387083562,0.1744774837334949,1.039666258775908,1.0419678696517654,0.0001249565473001,0.000230471587114,8.32043120497802e-05,0.000231040412768,0.0075206210577389,0.0105322003577817,0.8399608706671533,0.6640205527712952,0.7271893268421135,0.0065626636523413,0.6068126520681265,0.4149142431021625,1.852263732856389,0.0422125181950509,0.2978533094812164,63.96082311735482,82.15878098981042,0.2280312897296511,0.7365356622998545,0.0834078711985688,516.0,3139.0,11.983178468748749,72.89766901822155,6.469477459491906,6.866733734899825,0.1643835616438356,3.630276564774381,2.488372093023256,34.06583787574483,455.4960312580593,0.4271088571237147,0.9964224160410008,79.75914642734146,457.1314574273052,0.9664376530982016,0.9785485960226652,0.9990617246245216,0.9999954872179486,0.7985580146668791,0.058727948003714,0.3511809612613818,0.4473770534054974,1.6762705297907892,0.4514243973703433,0.122496923593243,1.176620152190905,58.0,3.0,1247.0,5564.0,687.0,4472.0,3.2775017868932816,3.433291737637004,0.2591514547366575,0.1320680502001336,0.0,0.0001797268152408,10.616061701609723,0.0145560407569141,0.618515205724508
"Bologna, Italy",IT,False,0.5.0,0.0042692497143733,0.0127737115108707,5.969534282401584e-05,0.0033040476900345,0.204673067502504,0.9990383339990956,0.5476091027855003,1.0526420033383077,1.0919218550004033,5.465931808628975e-05,0.0001872274544494,4.4984217631344507e-05,0.0001898947223612,0.004971542206679,0.0284662459361254,0.8428119497643567,0.744959047263039,0.6090459630593564,0.005111404036568,0.6240653083624889,0.4547455032529659,3.047032328833029,0.0240691215799218,0.2076878944348824,47.10773721439761,164.64629617976348,0.0114688312135529,0.7150792018103271,0.138267355134825,3606.0,2762.0,25.63966497129772,19.63858975338999,8.414635029854557,3.529424487250237,1.3055756698044896,3.742851265171776,2.7269076305220885,160.16974282465665,775.28610617353,0.3737576064046454,0.9907001331476264,428.539085439375,782.5638457424159,0.975253751222262,0.9640107896051878,0.9999862417923814,0.9995934571551038,0.7667999259478333,0.3901682962427186,0.5272013311584195,0.2395985947894139,1.1802437635039271,0.4627971596171658,0.1824314626094445,1.1948052157805205,261.0,4.0,9097.0,4753.0,4861.0,3486.0,3.4729648350711826,3.4373396506887444,0.098099048047434,0.1286320058989173,0.0003297790480378,0.0008415737428992,5.564247039236232,0.0267434684221353,0.6540447504302926
"Bolzano, Italy",IT,False,0.5.0,0.0277246021566237,0.027408053847462,0.0075274994636588,0.0121543683932583,0.5508235874285363,0.9950224173680308,0.6422181278610497,1.045841933156428,1.2112563591968943,0.0002360255323977,0.0003164692674803,0.0002560487125042,0.0003266983914902,0.0023228803716608,0.0367164179104477,0.9038665237393996,,0.2893625437642821,0.0046458467782352,0.6532867946480512,0.4391217564870259,2.644796233297643,0.0139372822299651,0.2537313432835821,61.54714694925816,244.5977430179694,0.0551913882024321,0.7674216027874564,0.126865671641791,895.0,499.0,17.123698609891296,9.54717944841984,6.474486916725812,2.3182775423393687,1.7935871743486973,3.912891986062718,2.626865671641791,118.5625815317514,215.24601385581303,0.8576892546821919,1.0,138.23489204803383,215.24601385581303,0.9737461046386734,0.9406449482012548,0.9998504202931192,0.9960475192456952,0.6543041245465825,0.2110957288622263,0.4987196346585218,0.1555844898880605,1.2172806863841896,0.4967263203841117,0.1580524344569288,1.1034747654615509,40.0,1.0,2246.0,880.0,1148.0,670.0,3.5349606165571013,3.5300576525585776,0.0437112862365131,0.0480705483548465,0.0,0.0034090909090909,4.118221081840702,0.0121951219512195,0.6179104477611941
"Bonn, Germany",DE,False,0.5.0,0.000537170073607,0.0103535064265296,4.970760021520262e-06,0.0013527005418965,0.161535881808998,0.9686696871855748,0.8312984196131386,1.0366376733209557,1.0735132830144116,2.79603906258794e-05,0.0001376205876167,2.2609073055295767e-05,0.0001356863608469,0.010122266062643,0.0211397849462365,0.8314751806889877,0.4998447582230267,0.7759852739433987,0.0024434671661826,0.5640013643229548,0.4308663224325875,4.825037965504638,0.0382873008914218,0.2617204301075269,58.78404176941479,136.23652705449473,0.0119911212064575,0.5293000146134736,0.1047311827956989,3748.0,3433.0,26.57785172560684,24.344120857526217,5.50831970973458,4.194211390752493,1.0917564812117682,3.3830191436504458,2.5840860215053763,132.2185818943181,818.3819877433083,0.194317561537254,0.9998447582230268,680.4252834809762,818.5090545434043,0.9793607044844836,0.965599540585096,0.999973856926756,0.9981556210142948,0.8687589812070743,0.5819258160616793,0.4981326038308208,0.3706263773762533,1.2477808808735351,0.3844748190921716,0.1463152232383001,1.1195711906284953,528.0,2.0,11575.0,6008.0,6843.0,4650.0,3.552351083907935,3.543129703672706,0.0281689867033572,0.036425970375543,0.0,0.0009986684420772,5.804218860117726,0.0184129767645769,0.6335483870967742
"Bordeaux, France",FR,False,0.5.0,0.0005283800665973,0.0129968363520177,1.1428567625292602e-05,0.0049693086610208,0.0567033283026444,0.9818573075820668,0.3268952900651728,1.0463300680477945,1.0401153954368338,6.060234957105808e-05,0.0002551254882465,5.422190598964704e-05,0.0002569794276744,0.0057480635955972,0.0370717395419269,0.8176073938509227,,1.2084219889812389,0.0018900835244457,0.5552835577315381,0.5014204545454546,3.4596187898005057,0.0949857317570322,0.0885860306643952,42.35925242696938,99.92014120583931,0.0424081323130907,0.5642070933550755,0.1788756388415673,1450.0,3210.0,29.004713673095747,64.21043509699128,8.38378891876936,6.067168113470757,0.4517133956386293,3.3289849164288627,3.006814310051108,30.000435202604656,529.0771476849186,0.1734602180757621,0.9999999999999988,172.95282765931594,529.0771476849192,0.9817515029755022,0.9778294970904076,0.9999999985989928,0.9997325945757688,0.805090869460004,0.1858270676691729,0.4978471868497235,0.3072436826102803,1.5358858589495326,0.3752295449908182,0.2520244352891035,1.1374547257384386,209.0,1.0,4083.0,5295.0,2453.0,3522.0,3.529658103989477,3.560116978461969,0.0484253511525888,0.021187944748197,0.0,0.0009442870632672,10.583262882468464,0.0269058295964125,0.7325383304940375
"Boston, United States",US,False,0.5.0,0.0007161696316213,0.0082798665786497,2.4934380817962436e-05,0.0014697527291781,0.0479880104017175,0.8848779048124255,0.2939523898373951,1.060643126320212,1.0438123492901936,3.319446583250948e-05,0.0001358854535316,2.821261464984665e-05,0.0001362805149603,0.0150819672131147,0.0251682793437105,0.8154530310450347,0.8745531066896317,0.5142734475088159,0.0054476363576624,0.617319046577739,0.4737358861070201,1.7545645038717528,0.0229508196721311,0.1670172486327303,50.971420835300826,108.69924516835758,0.0328258439208795,0.6655737704918033,0.1710138830458561,3105.0,7920.0,12.620369514224553,32.19108745657277,7.192878623940871,5.393159994085813,0.3920454545454545,3.702295081967213,2.841817416912074,70.4716794603508,1467.6335689389757,0.1632509619270757,0.9993917487347306,431.6769630541627,1468.526802224511,0.9758302516915128,0.9805584406620116,0.9999370546573224,0.9999016157322806,0.7734011469724482,0.0293447162681109,0.4152836733211917,0.3581174736512567,1.5648747681834578,0.4500820120284308,0.2109305139129977,1.2421082920623203,222.0,8.0,8469.0,13510.0,4575.0,9508.0,3.5613135881883653,3.554049687923338,0.0201100477909639,0.0266441851606973,0.0,0.0005921539600296,5.968873071051815,0.0131147540983606,0.6619688683214136
"Boulder, United States",US,False,0.5.0,0.0103451261732536,0.0155093014344065,0.0007394066760264,0.0033251422113215,0.576255802603243,0.9847967930788444,0.8461975184660202,1.0500376767829784,1.0927591572986983,0.0001407695065457,0.000196572343579,0.00016418913314,0.0001973401819204,0.0217870688894769,0.0289025221540558,0.9072005049158784,,0.3036168628827855,0.0021059002945561,0.6802577001147295,0.4559967253376995,5.558348559972245,0.0111140513363323,0.2351738241308793,52.13054149339031,142.0874594653772,0.0396329717108836,0.744906059804181,0.2032719836400818,2883.0,1870.0,39.88012197139909,25.867439502780545,7.174814882713694,3.938033550820012,1.541711229946524,4.079386080973802,2.733742331288344,273.6386922462044,474.8562895332908,0.6809944369109883,1.0000000000000002,401.8222138310525,474.8562895332906,0.9746155412420924,0.9613267264362364,0.998872552172732,0.999950167456088,0.8677927246849898,0.6275991486253322,0.5532298209275386,0.3145629037574513,1.189527099163685,0.5363431748973918,0.1838280450358239,1.0973272210556948,122.0,1.0,7708.0,3342.0,3779.0,2445.0,3.396858486733092,3.2707462680148303,0.1626886814498683,0.2644347224490034,0.0005189413596263,0.0023937761819269,6.5686183647151,0.0179941783540619,0.5615541922290389
"Boulogne-sur-Mer, France",FR,False,0.5.0,0.0120218172625879,0.0323730813208135,0.0008215620279331,0.0154206945936269,0.190763037241241,0.9236792658766144,0.4107984444923836,1.0411519382165753,1.074412225142205,0.0003475616233184,0.0006094599162911,0.000285980984495,0.0006051934495377,0.0017094017094017,0.0265536723163841,0.7683268155069591,,0.9158137424366334,0.0117567144011786,0.6065292096219931,0.4557823129251701,4.469834905015849,0.0307692307692307,0.1813559322033898,49.49235519903039,105.79325584388336,0.1440606854052091,0.6666666666666666,0.0847457627118644,262.0,483.0,33.5158279030735,61.78681250833779,7.498225016199936,5.678493055769298,0.5424430641821946,3.620512820512821,2.7254237288135594,16.22588001475277,85.05777769848225,0.4643713718949535,1.0000000000000004,34.94160277051546,85.05777769848223,0.9765681783080676,0.9596580713122896,0.9999532136046306,0.998471706331214,0.8010549159941829,0.419501133786848,0.4283002361596978,0.372754679834485,1.6052664925636455,0.4490322580645161,0.1829787234042553,1.0578917617589845,32.0,1.0,706.0,804.0,390.0,590.0,3.396489687996835,3.53667827041534,0.1629958301059041,0.0421817517777312,0.0,0.0012437810945273,10.88084671435196,0.0051282051282051,0.7338983050847457
"Bourges, France",FR,False,0.5.0,0.0037488362746742,0.015754325533745,0.0003996035725294,0.0034738217982545,0.1107039221206405,0.994105038494202,0.3641948639340375,1.0448738874032035,1.07219366853248,0.0001165012406862,0.0002464477892777,9.714768294900026e-05,0.0002430421114831,0.0039447731755424,0.0312683069712946,0.7872866082855421,0.9155262139944602,0.4505483750818168,0.0322794893426801,0.6014492753623188,0.4297859865142187,1.9729717397185047,0.0364891518737672,0.2565905096660808,74.14598416295415,126.79164150355253,0.0661171127868466,0.6863905325443787,0.086115992970123,708.0,1690.0,10.317291830820698,24.62743388995336,5.229315566523383,4.546028082427451,0.4189349112426035,3.601577909270217,2.5764499121265376,41.15452544322647,370.992990240916,0.3039689273067045,0.9979553562242232,135.39056708155428,371.753092888416,0.9759355792203768,0.9600023371475804,0.9999436387919604,0.9995745313180772,0.8067226317726395,0.266152379924835,0.433591899817473,0.3731307319551663,1.4235095132774611,0.4315373208106772,0.1469100505828018,1.166326905015469,61.0,12.0,1826.0,2932.0,1014.0,2276.0,3.510450152157798,3.55960154563944,0.065404177993961,0.0216520599379075,0.0,0.0034106412005457,5.417351904435004,0.0118343195266272,0.656414762741652
"Bournemouth, United Kingdom",UK,True,0.5.0,0.0008071235808552,0.0127125400704651,5.251127913288988e-05,0.0024127151673209,0.0419761271535147,0.9479853201156384,0.244518212311024,1.0306490599059743,1.0564326857259672,8.104857084867858e-05,0.0002105723050492,6.724034985543419e-05,0.0002077982418469,0.0092150170648464,0.0149035441902198,0.7112919411097145,,0.7964354708612761,0.0020076595624338,0.5868491068034968,0.4197863362958973,2.567208297272838,0.0398179749715585,0.2794078061911171,78.88126093750276,106.5210468401699,0.0540991000731051,0.6200227531285551,0.0748317631224764,557.0,2677.0,11.74073167230793,56.42717897085876,4.573345951234338,5.374504648635539,0.2080687336570788,3.5130830489192264,2.517362045760431,20.907990547275304,498.09241502463294,0.171668714394663,0.999999999999997,121.79266688750424,498.0924150246345,0.9727463020637012,0.9703431617634772,0.9972903864702922,0.9996731007393718,0.8115963121472451,0.0974118192620931,0.312237038292778,0.4993592738544672,1.777536054179223,0.4346833998859098,0.1295622895622895,1.1264337712519823,97.0,1.0,1544.0,4676.0,879.0,3715.0,3.492344566771304,3.549934684379956,0.0812686342307752,0.0303360787341833,0.0,0.0012831479897348,10.499047383870868,0.0136518771331058,0.6457604306864064
"Bracknell Forest, United Kingdom",UK,True,0.5.0,0.0142687393675637,0.00749289381204,0.000776548461636,0.0003652300706135,0.3397450169952018,0.9996901675682018,0.6018558601641099,1.0577715190958676,1.0762686434948872,8.330056366046705e-05,0.000170587905614,8.714027658416338e-05,0.0001797461654818,0.0042357274401473,0.0043195230273164,0.8689635892191676,0.4995342516015488,0.4392119562479695,0.0041628707042831,0.647622558053815,0.3512263404540198,2.642390264297777,0.0165745856353591,0.455740098558131,54.85756807974495,83.25033679068078,0.0422953736487392,0.7786372007366482,0.0175214455192553,2130.0,2982.0,19.4646678420118,27.25053497881651,7.366310762269094,6.2068402200862485,0.7142857142857143,3.882872928176796,2.10658879357547,163.2263123837291,480.2139305326604,0.564495653332282,0.9995342516015492,289.15424134833563,480.4376936190188,0.9705566026784967,0.9662481723723662,0.9985947735741124,0.9983828116157666,0.755706874240329,0.196240889911776,0.4069522147498451,0.3487546594904839,1.4779696572580212,0.4945622119815668,0.0268419611065461,1.161119751876363,127.0,2.0,5271.0,5771.0,2715.0,5479.0,3.5439539368408663,3.5620096366744822,0.0356893713289052,0.0194827797244648,0.0,0.0003465603881476,4.390403814589873,0.0058931860036832,0.5267384559226136
"Braga, Portugal",PT,False,0.5.0,0.0034877491832788,0.0085433307703414,0.000181817676734,0.0013582553858356,0.012512289463812,1.0,0.077977504963184,1.102685640498356,1.1032994231552435,0.0001746817885553,0.0001302158720154,0.0001697032625048,0.0001323876298032,0.0054901960784313,0.0277180964243084,0.6612584136812063,0.7479033802440369,1.0248046669690358,0.0035126026815328,0.5031446540880503,0.4205471629548876,0.4845377135808987,0.0188235294117647,0.2721469718200218,69.37297642317245,140.56989829775517,0.1019615165973857,0.38,0.064300171259536,392.0,4675.0,2.1390126593239853,25.509908628417428,4.414543180789693,4.105354384041506,0.0838502673796791,3.011764705882353,2.522497275416472,14.248454036198494,1134.2491700663113,0.1604602438834067,0.9960416690753306,88.79740982166072,1138.7567461101148,0.952070431697076,0.9468155559154652,0.9979609493641894,0.988936106856842,0.7243988797694642,0.0576315159758693,0.1477780525356822,0.5766208272337817,1.966424595464359,0.3073746312684365,0.1309866832801183,1.1371595960500458,91.0,4.0,1280.0,8101.0,850.0,6423.0,3.4425042558981542,3.570204152543366,0.1242382095972128,0.0120829190108684,0.0015625,0.0018516232563881,6.213814019949299,0.0811764705882353,0.6635528569204422
"Brantford, Canada",CA,False,0.5.0,0.0053929033217894,0.015174179551954,0.0012160383801702,0.0044194737208425,0.0946414532818253,0.966827590306176,0.2600547573633474,1.0862917622021095,1.070273240964642,7.982894931284571e-05,0.0002030856524413,6.654111409529047e-05,0.0002022076496248,0.0,0.031478884213807,0.7111723270100474,,0.1743288275415071,0.0018889600394893,0.6252408477842004,0.4846357822492591,1.3436001927650807,0.0,0.1617578307620383,212.1276767868711,170.386811584563,0.1362463606832004,0.764367816091954,0.2281439925198691,269.0,1793.0,2.625308260492341,17.49880189986159,1.9539356086943924,3.386905350804336,0.1500278862242052,3.729885057471265,2.9050958391771857,50.10241154037969,529.3918235932376,0.3639289442015194,1.0000000000000009,137.67086223467933,529.3918235932372,0.9603794926421522,0.9699222872064636,0.9984051815904884,0.9999998796219176,0.807168406160904,0.1590977443609022,0.363159925427913,0.444008480732991,1.8097664331825811,0.4703328509406657,0.2267727591855839,1.184541111035612,24.0,1.0,649.0,3107.0,348.0,2139.0,3.4463294577679235,3.449026279618594,0.1209767899869276,0.1186737994436933,0.0,0.0,5.166604935005315,0.0086206896551724,0.6100981767180925
"Brazos, United States",US,False,0.5.0,0.0009615932274473,0.0069986845559254,0.0001012889631473,0.0007085498149163,0.0101593829890925,0.9997585208017729,0.068466649645987,1.0746612356401142,1.075746631569965,0.0001097616257788,7.585970760107088e-05,5.929887334463484e-05,7.852030931862403e-05,0.0147842056932966,0.0278676268051784,0.6832733280605081,0.6664946822563225,0.4093357972969259,0.0011062835771482,0.6439742410303588,0.4349195103711575,0.1210746080850147,0.0183654729109274,0.2721048282375162,88.41268325287508,245.41014462994008,0.0694478613147615,0.7502295684113865,0.152756463227482,825.0,6166.0,0.5379887008833707,4.020894945026502,4.443447799604788,2.273781512232068,0.1337982484592929,3.8567493112947657,2.608900956203518,27.550032918180865,2711.1226719529086,0.1483844038173699,0.9997568292052756,185.66663483103767,2711.782098160838,0.9673313492913004,0.9668312404078172,0.9995889205709104,0.9997904222626638,0.7287463987995236,0.0071661565975239,0.3798559767013771,0.3488904220981464,1.867558512283281,0.500230096640589,0.1524473047174824,1.1971318080083866,76.0,3.0,2100.0,11050.0,1089.0,8471.0,3.4408936253410425,3.377344714825468,0.1256096418327321,0.178863058898087,0.0028571428571428,0.0021719457013574,1.7683734885676734,0.0073461891643709,0.5751387085350018
"Bremen, Germany",DE,False,0.5.0,0.0055172373079813,0.0120933963281154,0.0002876658623701,0.0008316716890292,0.8381667075157866,0.7569229527549239,1.1805432361056336,1.0279766113681137,1.0775251635590877,7.110678123667604e-05,8.245227966767665e-05,8.476705330790052e-05,8.1618412388298e-05,0.0113711001642036,0.0305940689389562,0.9156681914073316,0.7995730304637163,0.4300996618923385,0.0033625910377372,0.5837345575336842,0.4333044399499181,5.38458652366519,0.0130989699955217,0.2518775274407857,56.11915279892303,165.25323286430665,0.0129652703629544,0.5768584863412449,0.1016753321779318,10827.0,5180.0,33.21105304100548,15.88928186500493,6.167800052064039,3.48364431509576,2.09015444015444,3.502015226153157,2.5990756787983824,1246.3108033497467,1486.0325558156717,0.7099839140840991,0.9993839507943024,1755.4070995503123,1486.9485893130309,0.9868152788406742,0.965218187096488,0.9999999808563854,0.9991865262819112,0.7977325328202364,0.2779436027254064,0.56271855271475,0.2350139801054863,1.1845988264537173,0.3966912073454077,0.150184208625298,1.1034435599528167,755.0,5.0,31280.0,8998.0,17864.0,6924.0,3.54789028043234,3.5607825014981183,0.0321676661367563,0.0205885198612386,0.0005115089514066,0.0022227161591464,4.561109122464519,0.0292207792207792,0.6464471403812825
"Bremerhaven, Germany",DE,False,0.5.0,0.0224040474975332,0.0210102921425929,0.0024638869041543,0.0048637809461466,0.4890374080570253,0.6028710391807889,0.7096153907174306,1.026129593692347,1.0720074333353138,0.0001063457515349,0.0001968950581992,0.0001218577538532,0.0001981346200286,0.0089997251992305,0.0421118906278107,0.8951171848216244,,0.2678495313202578,0.0023465450595222,0.6266501650165016,0.4745182784080677,3.521430459479455,0.0094806265457543,0.1624392876416621,66.36133275507443,161.72996117256915,0.0291560595481714,0.7197032151690025,0.1672962763086886,1787.0,1552.0,20.808920014707216,18.07243640896788,5.909223610732109,3.641837932378594,1.1514175257731958,3.7568013190436935,2.8440366972477062,208.40742267978592,426.15844768972056,0.6891584010918956,1.000000000000002,302.4085933648742,426.1584476897197,0.9900601267711912,0.9692719025073524,1.0,0.9999831312379874,0.7752883509340146,0.082084582084582,0.4570714253286357,0.318216925605379,1.5165903099585782,0.4563647617082731,0.2115644420426911,1.1515640437840364,81.0,1.0,4557.0,2635.0,2426.0,1853.0,3.4802546608706817,3.4751229558044816,0.0917864219418953,0.0962325169420456,0.0,0.0015180265654648,4.962449385320182,0.0169002473206924,0.6702644360496492
"Brescia, Italy",IT,False,0.5.0,0.0013144386984804,0.0102717346227906,0.0001216806448,0.0014684988117259,0.0857125072344367,0.987198742886187,0.4399542326742038,1.0634237007316585,1.0707597844427938,5.59851943011895e-05,0.0001927052377801,5.5395074852573766e-05,0.0001878976984842,0.0052608014327289,0.0216705401788858,0.7927203060244745,0.7496818065807493,0.3953337810969728,0.0059462827457336,0.6036066308243727,0.4268301275276545,3.268087562586117,0.0271994627266621,0.2833298119585886,54.91787850426768,111.04146074456932,0.0160653156875955,0.6689053055742109,0.1236002535389816,2054.0,3392.0,22.68152169617325,37.45653436875349,6.940304157035746,5.042447768382167,0.6055424528301887,3.619207521826729,2.5598985844073527,57.65787528077664,672.3354327028824,0.194821417476642,0.9994741457066356,295.9524472594985,672.689169190601,0.975269905328186,0.9695244214219152,1.0,0.9999806843677852,0.702132384386674,0.243231269698619,0.3601684229419341,0.3419639614447399,1.2690567875439198,0.4248025541925727,0.1404714089419723,1.17222028866939,117.0,4.0,5389.0,6058.0,2978.0,4733.0,3.429381124956617,3.3977886935475468,0.1353811014190417,0.1619137219637426,0.0,0.0004952129415648,7.428244394244096,0.0208193418401611,0.5930699345024297
"Brest, France",FR,False,0.5.0,0.0017926477026852,0.0105084423237077,5.867503224099338e-05,0.0024586368530309,0.058785641188017,0.953136587192004,0.2340681224269778,1.0342509618823048,1.0835814336531258,7.095681296943876e-05,0.0002530719780193,7.234812927812352e-05,0.0002566041853401,0.0027287993282955,0.0256281407035175,0.7462479333940144,,1.2734292582737847,0.0019609815495244,0.5105086170659942,0.4364839953075247,2.407733104784384,0.0579345088161209,0.2542713567839196,49.1406898762612,97.89762029728216,0.0480596487208712,0.4609571788413098,0.1228643216080402,792.0,2968.0,15.975878968049194,59.86920300147728,6.635236661531826,5.820193238988713,0.2668463611859838,3.05919395465995,2.6175879396984927,29.977661545194792,509.94870412854175,0.2511475743834208,0.999999999999998,119.36273570943844,509.9487041285427,0.9797892951962714,0.9575187158529744,0.9999088779571168,0.9992613350485394,0.7780943442859245,0.437482427601719,0.3327090987200482,0.4453852455658764,1.4345246091342108,0.3131504257332071,0.1546197360150848,1.1720964018500684,152.0,1.0,2429.0,5209.0,1588.0,3980.0,3.483120764146413,3.5542598656549105,0.0892984899980636,0.026455429878028,0.0,0.0021117296985985,10.286463102362534,0.0377833753148614,0.6228643216080402
"Brevard, United States",US,False,0.5.0,0.0589153561517113,0.0349186681305762,0.0226641998149861,0.0113949504729276,0.1175377608752582,1.0,0.1531276296043537,1.0929576540247796,1.1786226316218942,0.000485585156782,0.0003751083192174,0.0003471556361124,0.0003793819173515,0.0208333333333333,0.0200716845878136,0.5968565428881889,,0.2659790861676825,0.0101821867472973,0.6521739130434783,0.4168466522678186,1.053354459893299,0.0,0.3010752688172043,167.09751539045857,169.62129644807888,0.7646975926115089,0.75,0.0924731182795698,36.0,325.0,2.521532309877652,22.76383335306214,2.3938117755091435,3.3092106928716363,0.1107692307692307,3.75,2.490322580645161,11.543469373752778,98.2107306434376,0.7675803588088487,0.9999999999999992,15.03877638514127,98.21073064343769,0.9551929636480928,0.9358269601238453,0.9909743422068796,0.9964626260346562,0.8238587640306612,0.0666666666666666,0.3703628571704933,0.4534959068601678,1.6603664760070558,0.5054945054945055,0.1243243243243243,1.18233445369407,4.0,1.0,90.0,579.0,48.0,465.0,2.704055526773121,3.535227820985265,0.6403131892721747,0.043473426618648,0.0,0.006908462867012,6.878931402614425,0.0,0.6064516129032258
"Brighton and Hove, United Kingdom",UK,True,0.5.0,0.0005135428627136,0.0116433617103504,2.824476266816872e-05,0.0017722638935072,0.0433606255124448,0.997204564763251,0.3519502608276997,1.0429729899032938,1.05561013624481,6.609873756527451e-05,0.0001842222817134,4.8554985967531737e-05,0.0001858063087799,0.0078299776286353,0.0186333111947457,0.7999960590943616,,0.6981685497483555,0.0016491315650042,0.5477150537634409,0.4225913621262459,2.4981030878842523,0.0986577181208053,0.2667699800752712,87.28650885017477,105.93636590252022,0.0553966982530683,0.5604026845637584,0.0668585344255036,869.0,3312.0,10.171948333431828,38.76811608783223,4.071868924371281,5.461923743294016,0.2623792270531401,3.2818791946308723,2.534425503652867,26.29300562343765,606.3797584260259,0.1232010040579921,1.0000000000000002,213.4155141386773,606.3797584260258,0.9711496072545988,0.9710509017202784,0.9995737700002576,0.9995383976145712,0.812378928128291,0.0380378088186652,0.3443835558520552,0.4679953722762359,1.7960277038832602,0.3710924369747899,0.1337911175102447,1.1141106829682568,149.0,1.0,2445.0,5724.0,1490.0,4517.0,3.509584823492889,3.530206569882596,0.0661654854549785,0.0479382914859818,0.0,0.0008735150244584,7.097886735498742,0.0228187919463087,0.6663714854992252
"Brindisi, Italy",IT,False,0.5.0,0.0004525507202442,0.006243660145878,4.481642073655788e-05,0.0004276525731826,0.0023666081378246,0.995795664196272,0.0240633108444264,1.0653366238209494,1.072351454659501,9.979869976661088e-05,3.490189429248364e-05,4.866917831611294e-05,3.465124057969172e-05,0.0047169811320754,0.0272966781214203,0.5979167673951726,,0.5596114016641995,0.0001923729015761,0.5616113744075829,0.4678417124901807,0.0680235626358437,0.0094339622641509,0.1821305841924398,175.9308030004855,181.83920450128696,0.1506012261627692,0.5424528301886793,0.1683357879234168,230.0,16660.0,0.1250765011936073,9.05988917341521,1.838723176896656,3.204932540258736,0.0138055222088835,3.35377358490566,2.8067746686303385,12.302190789006426,5198.237339078269,0.0983492318710898,0.9999999999999956,125.0868009333452,5198.237339078291,0.9621387345808216,0.9713334985929406,0.9958229518115363,1.0,0.3196090247064147,0.002808528859838,0.1250888295915608,0.1945201951148539,2.7360313670528527,0.4234875444839858,0.2017429728734503,1.103404558864332,70.0,1.0,711.0,28587.0,424.0,20370.0,3.434686788393289,3.5676203104147564,0.130884637141968,0.0144191984175352,0.0,0.001154370867877,2.826857994547305,0.0,0.6495336278841434
"Bristol, United Kingdom",UK,True,0.5.0,0.0009180625510544,0.0067351866670017,9.082650470891196e-06,0.0003756573938261,0.0459610178372414,0.9929487606589024,0.3207326189193063,1.045464507235873,1.0638951055887322,4.745562722694813e-05,0.0001506668344635,3.8397508604116754e-05,0.0001496339041921,0.0162316711318526,0.0174944449660438,0.8342626028540161,,0.8002684175669802,0.0008790143335776,0.6287328490718321,0.403825085297524,1.5461965060167189,0.0320629159104658,0.3117078208618909,58.54903330570488,88.18214686104672,0.0168465091461103,0.6721113127646703,0.0450661909679842,2251.0,7331.0,9.538783877553774,31.06567063809273,6.169192492956412,6.44405407945757,0.307052243895785,3.770114942528736,2.422495540324852,52.28699474123272,1137.6378766543698,0.1433001045921209,1.000000000000005,364.8775755611528,1137.6378766543637,0.9686649095999744,0.9697041828279124,0.9980157428836928,0.9997050276065872,0.8077374594785897,0.0404277024218838,0.3755405792162651,0.4321968802623245,1.4404828311698274,0.4870591796579385,0.1056956378832699,1.1852326023475308,292.0,1.0,6232.0,12901.0,3306.0,10651.0,3.562999481674233,3.572268987702454,0.0185904011513474,0.0102139313236473,0.0,0.0013177273079606,4.820827115204422,0.0087719298245614,0.6432259881701249
"Broome, United States",US,False,0.5.0,0.000923526082164,0.0087993270241949,0.0003236769703835,0.0009705552058251,0.0052512467106651,0.9952261499489196,0.0441747060808913,1.1705688852152931,1.0817331613927277,0.0001415685259243,5.376899694951698e-05,6.988876467149053e-05,5.586208412168889e-05,0.0353233830845771,0.0278579771081523,0.4901338930991255,0.6666315050014333,0.1882386356519845,0.0008909342574636,0.6706706706706707,0.4419832702462732,0.0802881945067777,0.0238805970149253,0.2312543798177996,222.01098425608365,356.0215500171064,0.1875380353261262,0.755223880597015,0.1135248773651016,253.0,5484.0,0.136559823886,2.9600556292127447,1.700870529284003,1.6286278226436193,0.0461342086068563,4.0,2.651156271899089,17.682270044080646,3367.1006331830977,0.1188745138688463,0.999955100810164,148.74735945157605,3367.251820061792,0.9270453134134125,0.962190297625042,0.977498275907674,0.999426977216502,0.7216311241141068,0.0134271099744245,0.2932421747421638,0.428388949371943,2.260934728736432,0.5458646616541354,0.1630564318261479,1.1247589867194572,28.0,3.0,670.0,9458.0,335.0,7135.0,3.432090643876779,3.490288947815843,0.1330862848325935,0.0830612220202083,0.0029850746268656,0.0025375343624444,1.817515081136172,0.0,0.6550805886475123
"Brown, United States",US,False,0.5.0,0.3333333333333333,0.0153190896493508,0.3333333333333333,0.0015403722070846,0.0036912587736582,1.0,0.0036912587736582,3.120600230611604,1.1079141385169378,0.000953238671395,3.082944831901768e-05,0.0009548836741917,3.081830312832869e-05,0.0,0.005299211580716,,0.749871827965048,0.1098826694557823,0.0016224214708066,1.3333333333333333,0.3699392057948519,0.0036758893958816,0.0,0.4133385032958511,1137.577023010903,862.0456667810688,3.025539045344632,0.5,0.0430399379604497,2.0,1513.0,0.0008078330788873,0.6111257241782867,0.2197653389115647,0.6136809213325967,0.0013218770654329,4.0,2.217913920124079,9.100616184087224,2464.962449659343,1.0,0.9998020007648382,9.100616184087224,2465.450606993857,0.6136807332746634,0.938235378190349,0.6211671740905718,0.9847810031737376,0.8411105768711881,0.1027568922305764,0.2022266067958046,0.6388839700753834,2.1664577980710966,1.6666666666666667,0.0553075878129245,1.108854572515447,1.0,4.0,8.0,2860.0,4.0,2579.0,0.8358363496471625,3.471822860533754,0.9372376065118544,0.0990859466544519,0.0,0.0,0.9958362773462772,0.0,0.5436215587436991
"Brugge, Belgium",BE,False,0.5.0,0.0050719457821991,0.0123516897943898,2.657058951633392e-05,0.0022969166795109,0.3811720192114509,0.9296473403555632,0.7829868204997263,1.0348470132628609,1.08356107313223,5.548040191578475e-05,0.0001659076568851,4.678380423887699e-05,0.000169155212202,0.0116861686168616,0.0222787081339712,0.8695774905933693,0.666336024447499,0.6091981681376332,0.004514140095183,0.5658862374305869,0.4269898264512268,3.697065153035511,0.0346534653465346,0.2607655502392344,69.00359741028065,155.23905620042754,0.0227251093761295,0.5227272727272727,0.0801435406698564,2450.0,2472.0,17.406943314987522,17.563250561081286,4.708313917782969,3.71965143843084,0.9911003236245954,3.393789378937894,2.560406698564593,253.31869049757103,664.3527696105306,0.4868179249405184,0.9996604915482694,520.3561280709264,664.5783995940303,0.978041995556204,0.9643112149897266,0.999967017654946,0.9985614951887531,0.790415819662381,0.4856070730955073,0.5114022317976964,0.2790135878646845,1.1372296182539132,0.3843296183721715,0.1406553942840042,1.0970129960478283,317.0,3.0,7541.0,4281.0,4444.0,3344.0,3.4985142170701224,3.535721396172545,0.0758779234403748,0.04303397885508,0.000265216814746,0.0016351319785096,4.721746338815678,0.0285778577857785,0.6590909090909091
"Bruxelles, Belgium",BE,False,0.5.0,0.0011993687086351,0.026404606336297,5.146123485913895e-05,0.0078330714269304,0.2893369842949495,0.9883573295163288,0.8199654511343158,1.0274460375790522,1.0734976721159089,7.882725909091778e-05,0.0002332777735487,6.887043887536705e-05,0.000240508446071,0.0071934835501957,0.0489275801160736,0.8651381894020418,,0.7578117903266897,0.0038594999163361,0.6002963903884831,0.4975991913065453,6.424222811194954,0.0529990479212948,0.1112793338380015,37.46320000094161,131.590109408274,0.043493007682217,0.5906061567756268,0.1892505677517032,1971.0,1174.0,59.599511665268,35.49965839422863,9.277310799589475,4.531052901778695,1.678875638841567,3.5994922246905743,2.98107494322483,74.9674803904687,259.1009254248916,0.3528648480185223,1.0000000000000009,212.4538072053399,259.1009254248915,0.9839023079663106,0.9663252549495116,0.9999998279720612,0.9985343093909448,0.7858820526556872,0.4663541291020555,0.5200425595789742,0.265839493076713,1.2562531328292852,0.4257582976020327,0.2461130072051573,1.118271516185894,161.0,1.0,5671.0,1969.0,3151.0,1321.0,3.493690603032972,3.550266951314583,0.0800938845335716,0.0300382362562302,0.0003526714865103,0.0020314880650076,7.834748162020576,0.0349095525230085,0.6994700984102953
"Burnley, United Kingdom",UK,True,0.5.0,0.0006701756580227,0.0139960029183731,7.47658356263376e-05,0.0015515741472188,0.0366157195926118,0.988634041516158,0.2936105229964452,1.086274248805888,1.0751616351681688,9.06200131870322e-05,0.0002496342767063,6.858285674459106e-05,0.0002557204253416,0.0055762081784386,0.013877587921526,0.6781315239307455,,0.5856600608700441,0.0026053932843967,0.599502487562189,0.4081411126187245,1.018153455599043,0.0055762081784386,0.3178736099810144,116.90182558931318,85.06631494027114,0.1002513819598976,0.637546468401487,0.0829943043124491,344.0,2515.0,3.107945216435248,22.72233203294956,3.052531226352957,6.5525641102577525,0.136779324055666,3.58364312267658,2.447518307567128,14.053816677849545,383.8192130105047,0.1247084716819061,1.000000000000003,112.6933598680979,383.8192130105034,0.9604453230431484,0.970711007719052,0.996314149287254,0.9999993653298734,0.746680609351863,0.0416635777300022,0.3808397490563963,0.3658408602954667,1.6337065651297342,0.4593837535014005,0.1120911928348487,1.187687535571,66.0,1.0,964.0,4512.0,538.0,3687.0,3.506205950089052,3.556142259537961,0.069135213882586,0.0247640838309596,0.0,0.000886524822695,3.467700834453301,0.0018587360594795,0.5991320857065365
"Béziers, France",FR,False,0.5.0,0.0012040387091511,0.0121188600582742,0.0003133903133903,0.0032439821506723,0.0133329644198835,0.9785627229334302,0.1217962162793788,1.0582265718075037,1.108484643813321,0.0001481982318649,0.0003314073944944,0.000106513041835,0.0003387754169242,0.0,0.0373627580149319,0.5835911908286928,0.4999266928625314,0.6619722174216643,0.0040312855682014,0.551440329218107,0.4529773676115139,0.63171863337737,0.0306748466257668,0.2042160737812911,112.7341355235545,120.32977290435171,0.1092268082871,0.5736196319018405,0.1205533596837944,194.0,2416.0,2.028173894938495,25.258083145213423,3.210565254495072,4.869792966387354,0.0802980132450331,3.2883435582822087,2.7160737812911724,6.614745690582272,496.0832845729889,0.1094694468118786,0.999926692862532,60.42549664062521,496.1196536846422,0.9724311990776696,0.9548214397159568,0.9950151457214864,0.9997009930660358,0.6247579451153324,0.0376924923688994,0.2862680721134302,0.3384898730019022,2.0170851398044176,0.3863987635239567,0.1794956321081259,1.119960852032436,40.0,2.0,536.0,4123.0,326.0,3036.0,3.45638567866847,3.576490195565665,0.1123738032582302,0.006387604411611,0.0,0.0050933786078098,5.186685208088237,0.0214723926380368,0.6752305665349143
"Caddo, United States",US,False,0.5.0,0.2257575757575757,0.010711394683053,0.0909090909090909,0.0011249998786232,0.0024628260737229,1.0,0.0024628260737229,1.539250791791792,1.0443630825424683,0.0007582460949193,2.43060986256207e-05,0.0007819176708694,2.4061762026376345e-05,0.0833333333333333,0.0030957356241776,,0.8331035309362798,0.1028783161428128,0.0015202283965033,0.8,0.3874564459930313,0.0029112897516459,0.0,0.4093336429068958,405.0092208821358,788.7240957634694,2.443712249109172,0.5,0.1416299048061295,6.0,2544.0,0.0017970515247189,0.76194984648085,0.6172698968568768,0.6445768401174404,0.0023584905660377,4.0,2.3236591595077782,9.72022130117126,3945.3753542995696,1.0,0.999645274745143,9.72022130117126,3946.775375200401,0.7942749857053247,0.9630087337789386,0.8285303005661523,0.9997716158966552,0.7173704136938568,0.0852882205513784,0.2571128619113755,0.4602575517824814,2.114115250400872,0.6842105263157895,0.0816587292368451,1.0800474317815256,1.0,6.0,24.0,5004.0,12.0,4307.0,2.1803145501893058,2.631862833343948,0.8694087154635426,0.6786440708408124,0.0,0.0,1.1820931176212046,0.0,0.4490364522869747
"Caen, France",FR,False,0.5.0,0.0077053255077111,0.0164791817462717,5.66037561134458e-05,0.0054822975362597,0.2598851023830292,0.997713482597024,0.5176085238118479,1.037350260833083,1.0720338699990295,9.144802876590456e-05,0.0003080577944356,9.144686287542036e-05,0.0002958690750998,0.0021594032194738,0.0415976440272409,0.8368409555383589,,0.9897357232987236,0.0034614570723007,0.5696136214800261,0.4641606780910263,5.811799466726014,0.0628190027483313,0.1684152401987852,34.38373585973408,114.6866540425306,0.0310089937192074,0.6038476639183353,0.1170623964660408,1609.0,1506.0,62.53514991977931,58.53196754455416,10.760032289105718,5.212954350884856,1.0683930942895086,3.414998036906164,2.781888459414688,75.07968377325369,288.89568153313445,0.5020881427321668,0.9999999999999994,149.53486725398352,288.8956815331346,0.98488474803963,0.9643744492803578,0.9999943541020538,0.998887681039376,0.7739804872321272,0.1986728285341865,0.5185921708138831,0.2553883164182439,1.396140206868535,0.3831794065631754,0.1960188001105889,1.1889920796315132,148.0,1.0,4349.0,2519.0,2547.0,1811.0,3.5342534478086614,3.537662584529379,0.0443406498766413,0.0413046899721368,0.0,0.000396982929734,11.22817573390391,0.027875932469572,0.7145223633351739
"Cagliari, Italy",IT,False,0.5.0,0.0020213403484764,0.0145849190250363,0.0009099729854074,0.0035680109627471,0.0401591463963539,0.9759984384185652,0.2313696622639789,1.0565222572280313,1.0663440328614175,0.0001366890293969,0.0002627174839282,0.0001240029874299,0.0002754597620799,0.0,0.0289287047405748,0.7206512021190208,0.6664789983242791,0.5772398199452992,0.0074197656770035,0.477926285945727,0.4598431079566679,1.114906986274508,0.0412121212121212,0.1963419186263531,79.2785083134829,109.48427755971434,0.063388477254337,0.3806060606060606,0.1444568868980963,340.0,2153.0,4.05209927267352,25.659322747253203,3.634472940396329,5.32491850086288,0.1579191825359963,2.860606060606061,2.756998880179171,16.237364417378238,404.2322316382836,0.1735713576421041,0.9997694792827616,93.54863980990984,404.325437028025,0.9768131925050904,0.969106530569564,0.9999963621784198,0.9999683294549908,0.7146216475896916,0.1082624544349939,0.371233031151106,0.3433886164385855,1.536058497816594,0.2486322188449848,0.1899869232206239,1.1630829352065852,54.0,3.0,1180.0,3693.0,825.0,2679.0,3.509551547464964,3.531993678962096,0.0661947551761374,0.0463504025288622,0.0,0.0013539128080151,4.818725909719599,0.0315151515151515,0.6592011944755506
"Cairns, Australia",AU,False,0.5.0,0.0051446790670723,0.0095649341788245,0.0001035802642162,0.0003101255859616,0.2510293746610355,0.9949434639920428,0.5203806320061424,1.1039241906689672,1.0986870451336408,3.2111099422680624e-05,5.608563355738036e-05,3.312229650358576e-05,5.9710292358288846e-05,0.0108835883588358,0.0185472205001033,0.8858985338629031,0.7995570932964164,0.2043922959620453,0.0032827713626517,0.65015758667267,0.3868733850129199,0.2355505505660831,0.0438793879387938,0.3622132672039677,91.4812412758473,203.460236682113,0.024235762316837,0.7454995499549955,0.0446373217606943,3393.0,4115.0,1.0083643682048746,1.2229352711945356,4.280883087649505,2.7017208314623637,0.8245443499392466,3.8991899189918993,2.320520768753875,382.3436769264705,1522.2315598920757,0.4823956911948875,0.9994276344276716,792.593474413941,1523.1033318022978,0.956347194607189,0.95685036738194,0.996611345388288,0.9963556169374244,0.660962555050694,0.2436466165413534,0.2904412562279218,0.3705212988227723,1.1891796286778349,0.4933018124507486,0.0805488797581207,1.092808362456436,162.0,5.0,8664.0,7486.0,4444.0,6452.0,3.493765300807584,3.519450994033151,0.0800286702600245,0.0574669335068037,0.000230840258541,0.0013358268768367,0.4526504948080058,0.018001800180018,0.5931494110353379
"Calais, France",FR,False,0.5.0,0.0025145958122152,0.0175221978885174,0.0008246045154354,0.0061026762806145,0.0869923796146816,0.9800279903121918,0.3424778880575755,1.0505357489642138,1.0904869503630137,0.0001859676310442,0.0003419173723402,0.0001927167667578,0.0003424176608348,0.0115167318557149,0.031331592689295,0.7863101493448297,0.9132991849768282,0.3621943536552868,0.0437800790492616,0.6427015250544662,0.4788671023965141,2.721704146229398,0.0325945241199478,0.1546997389033942,63.64220542092003,124.7030330410995,0.2354421352243634,0.6792698826597132,0.1736292428198433,535.0,1295.0,15.51163066574094,37.54684432174676,5.699234682517013,4.724600197399483,0.4131274131274131,3.8461538461538463,2.8694516971279374,23.84437346953092,272.5480973037192,0.2540087481503535,0.9943481037235562,93.87225299585704,274.0972666243367,0.9748781723103208,0.9632701267939816,0.999812818500224,0.9999821063099792,0.8249460426347399,0.1437293395399042,0.5302705095341418,0.2946755331005981,1.5952515757176795,0.4852844996729888,0.2216410591696632,1.1165425645334683,34.0,12.0,1475.0,2198.0,767.0,1532.0,3.282348637579496,3.3837431770095856,0.2553492450790131,0.1735769486447463,0.0,0.002729754322111,7.947094516571648,0.0182529335071707,0.6716710182767625
"Calgary, Canada",CA,False,0.5.0,0.0008031987112693,0.0033862867970936,0.0,0.0001618896421522,0.223342043476591,0.9972011360667472,0.6706076889287539,1.072753854090733,1.1527415680730626,5.941997708568969e-06,5.576337537935465e-05,3.864163008634103e-06,5.430035223967605e-05,0.0172713372254656,0.0368085349808363,0.8323291827935664,0.9642464131745896,0.4698856996045523,0.0052427767808961,0.6457447104290044,0.4503418289996853,4.350151053191022,0.0095496246872393,0.224472284194268,79.85646679355779,175.6731328765785,0.0315161386876765,0.6706005004170141,0.1505491676677535,16341.0,18066.0,19.16363137816529,21.186595953609583,4.405279527962128,3.2660691490920333,0.9045167718365992,3.874145120934112,2.7018191178994337,1235.3986315843297,5518.828086357499,0.3330442629331664,0.9977235775487022,3709.412739027553,5531.419934884828,0.9658698042706532,0.9355639179042056,0.9970000400688562,0.9994113685084268,0.8343549428398259,0.1962781954887218,0.5390472706277475,0.2953076722120783,1.21199849200974,0.5049317068084662,0.1760957713844371,1.19764388221083,1743.0,29.0,46451.0,31487.0,23980.0,23308.0,3.460459010371687,3.312757264853269,0.108877191188477,0.2312725227083697,0.0003013928656003,0.011210975958332,6.486879176914995,0.0108423686405337,0.624549510897546
"Cambridge, United Kingdom",UK,True,0.5.0,0.002848406714718,0.0120963906779792,8.433733410850732e-05,0.000670016600177,0.4045621231272231,0.9524515678587318,0.9216271570654172,1.0264763630750575,1.0795707285283205,5.263844358282769e-05,0.000228261694102,5.600758285917643e-05,0.0002255192141896,0.008456214264219,0.0188531905399375,0.8838495646792375,,0.8323364121844827,0.003143868201982,0.6052393857271906,0.3811118553248493,7.198895154302636,0.0367138128197412,0.3775100401606425,48.61537276226741,93.16915401543886,0.0489402039559842,0.6433945230213662,0.0401606425702811,2217.0,1860.0,54.44281961200471,45.6759785648754,7.562663220545074,5.847594855686567,1.1919354838709677,3.629250677099007,2.285140562248996,128.6829145293592,318.0794918087094,0.4389650630688905,1.0000000000000036,293.1506977564725,318.07949180870827,0.9817765670535976,0.9585093595647586,0.9999981593665044,0.9997993563497928,0.8658963992612198,0.6066685087961684,0.4857282394208329,0.3801681598403867,1.3278308386030029,0.4443607890377955,0.0715123094958968,1.1273324909255058,244.0,1.0,6030.0,3414.0,3323.0,2988.0,3.520564686249896,3.544129746455285,0.0564825090731676,0.0355322177271867,0.0,0.002929115407147,7.811070994505924,0.0237736984652422,0.5823293172690763
"Cameron, United States",US,False,0.5.0,0.0072460115739743,0.0069043975086775,0.0008319303838366,0.0004580301501236,0.0142508125106858,1.0,0.0515213424065709,1.1315723691342716,1.0653510943114228,9.129190582485428e-05,3.733583010057991e-05,5.850270542955191e-05,3.884813737822959e-05,0.0055821371610845,0.0362281885905704,0.6935897657739802,0.6666409160487343,0.1371652109557688,0.0006625252312426,0.6598721023181455,0.4597709770977097,0.060240047755654,0.0011961722488038,0.2148642567871606,141.30545548309016,246.2412003621911,0.1501638391503842,0.7787081339712919,0.187415629218539,651.0,10469.0,0.1680971280253692,2.703239375265116,2.790454760381423,2.3119922152931345,0.0621835896456204,3.949760765550239,2.7582120893955304,64.52952358036133,4527.976184151612,0.2766001785867351,0.9999661561554342,233.29530700258184,4528.129433460333,0.9718266015319188,0.9681642607059768,0.9999891014226612,0.9999999958845393,0.7381674037213823,0.0105565611432477,0.3124655214306163,0.425701882290766,1.9322237824241395,0.5080983803239352,0.1897010838990361,1.247165312272541,32.0,3.0,1651.0,18389.0,836.0,13334.0,3.2402560843169974,3.293680526622016,0.288044858838542,0.2464217414173989,0.0,0.0026102561313828,1.169225119956719,0.0,0.5977201139943003
"Campobasso, Italy",IT,False,0.5.0,0.0006534552461555,0.0073433622122603,5.037719927960606e-05,0.0007294462926866,0.0029395474366516,0.9729043568492192,0.0187694192692039,1.1613570107567464,1.2228554326058676,9.309382404324773e-05,2.2914240782373807e-05,5.319936550770439e-05,2.2667829873008743e-05,0.0058333333333333,0.035664115735402,0.6976742055965861,0.9284725484367298,0.8048342687369572,0.0026770608310134,0.518425460636516,0.4259550522526301,0.033742373546658,0.035,0.2548485166159975,158.57327017013765,429.1142973791795,0.1423995958614153,0.485,0.0626900094349512,196.0,7107.0,0.0673769067546742,2.4431003893136216,1.9968040085119445,1.35899080900088,0.0275784437878148,3.095,2.5551944648285985,15.372704137449317,5228.540542017053,0.1566136594047293,0.9997943634571064,98.1568542353152,5229.6159421600605,0.921114123084118,0.9112754625696056,0.9848710009714112,0.9736372834247364,0.3396098025069579,0.0053573711801559,0.2010573530516117,0.1385524494553462,2.7366337634028364,0.3748427672955974,0.1395690242751533,1.0830439281905977,79.0,14.0,619.0,12187.0,400.0,9539.0,3.4438567310630828,3.5812102588733943,0.1230857634286398,0.0021003466941202,0.0,0.0022975301550832,1.797731355600389,0.005,0.6823566411573541
"Cardiff, United Kingdom",UK,True,0.5.0,0.0004688478113558,0.0060207462063475,1.0354645260995448e-05,0.0002087464728565,0.0658801245927842,0.99744568443993,0.3601399569075406,1.0663368962791593,1.0732379072070573,3.993764436053273e-05,0.0001367880163192,3.8829423759057565e-05,0.0001372984756981,0.0066821865838937,0.0095680300500834,0.7981290044788085,0.4999530115120805,0.7071067725105663,0.0018863511302295,0.6274154589371981,0.3790092534613511,2.554003665900602,0.0263838592860838,0.3841819699499165,52.50071037065387,97.31509803055256,0.0233230575519047,0.6828763579927574,0.0409015025041736,2689.0,5902.0,17.98595701700712,39.47680115819116,7.042259671410788,5.56662218530732,0.4556082683835988,3.7625452664252457,2.273580968280468,69.84926988091375,1060.1981735928605,0.1829292288433793,0.9999530115120836,381.8376665257656,1060.24799304287,0.9705903541718878,0.964719020381876,0.9995196463304622,0.997702643230872,0.7914056089006548,0.093991259555925,0.3766164426230094,0.4147891662776453,1.564321398884332,0.4758638540183771,0.0685174555132286,1.168892840425556,270.0,2.0,7273.0,10895.0,3866.0,9584.0,3.562800347055951,3.576071881218518,0.0187699603249619,0.0067671162538297,0.0,0.0009178522257916,7.09169759398926,0.0126745990688049,0.5749165275459098
"Carpi, Italy",IT,False,0.5.0,0.0075208990262771,0.0152997453920512,0.0001340963051887,0.0048661552441324,0.1668866172234639,0.9890311090120238,0.4072812418367249,1.0614514656540646,1.0747750704134953,0.0001597600752112,0.0002483949940169,0.0001641372076249,0.0002615438964767,0.0073409461663947,0.0189363143631436,0.7711411724584014,0.9397868958498954,0.4975851320830817,0.0395996613648609,0.613562091503268,0.4442183791115632,1.3303987367352217,0.0089722675367047,0.2393292682926829,77.60517200074219,163.85366426588374,0.0843790791979704,0.6370309951060359,0.1417682926829268,786.0,1495.0,5.980706805485821,11.375517397202676,4.4954242967506,3.48244080826277,0.525752508361204,3.67536704730832,2.66260162601626,71.64385742238659,428.2991573903281,0.4097576811317207,0.997676564441898,174.84445251767215,429.2966003766154,0.9644182863757428,0.974871716803634,1.0,0.9999999974993534,0.5047689124954564,0.2447856593617839,0.2386505658247489,0.2661183466707074,1.4662151571317446,0.4552513281569268,0.170185703383363,1.0918280332936172,87.0,17.0,2253.0,2620.0,1226.0,1968.0,3.139367595530288,3.067684223788612,0.3634225918018425,0.4144176841616799,0.0008877052818464,0.0007633587786259,3.266535749929199,0.0040783034257748,0.6178861788617886
"Caserta, Italy",IT,False,0.5.0,0.0102580227305098,0.0250666720031436,0.0041904170664258,0.008521474468596,0.1392367362051111,1.0,0.2909217925766328,1.0492253605788853,1.095235660622968,0.0002267593370392,0.0002648018294922,0.0002290012443894,0.0002779822770334,0.0026455026455026,0.0147936507936507,0.7775113672594716,,0.4250455236746516,0.0047559617566962,0.5806737588652482,0.4185750636132315,1.147142719757005,0.0132275132275132,0.2866666666666667,93.38918839887288,159.77387084389338,0.254657102777772,0.5608465608465608,0.0752380952380952,227.0,749.0,4.257017242963478,14.046281563786982,3.710974379774843,3.562215355765513,0.3030707610146863,3.4656084656084656,2.506666666666667,29.276252276223456,210.26241403056355,0.4786053838453311,0.9999999999999994,61.16991840126173,210.2624140305637,0.9702713425861332,0.9627804500016232,0.9999899977935048,0.9987494453770228,0.6467113653330766,0.1698717948717948,0.2712512748177467,0.3754600905153298,1.7629060735722035,0.403462050599201,0.1274463007159904,1.0566974454847848,26.0,1.0,655.0,1316.0,378.0,1050.0,2.8277785672468188,3.3522591269759023,0.5696013700706855,0.1994240050579376,0.0,0.0,3.9431309342521375,0.0396825396825396,0.638095238095238
"Cass, United States",US,False,0.5.0,,0.0122660302505981,,0.001276914008494,0.0,,0.0,,1.0871441076743518,,3.0928383531940506e-05,,3.0517266470401943e-05,,0.00314447320487,,,,0.0003829403083988,,0.3677697841726619,0.0,,0.4173137762438884,,681.109297625859,,,0.0391141788898475,0.0,2026.0,0.0,0.8150995758421898,,0.7758370648160873,0.0,,2.2053494391717,0.0,2611.3730470975443,,1.0000000000000004,0.0,2611.373047097544,,0.948019491218624,,0.9875418506821982,0.7704516571687523,0.0216791979949874,0.1215601395194974,0.6488915176492548,2.234475286814611,,0.0515182040581378,1.1141215502325794,0.0,1.0,0.0,3834.0,0.0,3477.0,,3.5142882202083467,,0.0620237451322192,,0.0,1.050606645140639,,0.543572044866264
"Catania, Italy",IT,False,0.5.0,0.0053555456791539,0.0098115146498948,0.0016773953061604,0.0021885117881274,0.0144191124498395,1.0,0.0729363051227855,1.1045002400118176,1.070056818617754,0.0008709676572444,0.0001686126658478,0.0001589408301975,0.0001795092652513,0.0300444444444444,0.0198998266230013,0.683164286888708,0.8330008541065304,0.4513875639570747,0.0075975094830932,0.7363717605004468,0.45358771760776,0.3173284829945168,0.0,0.2280870737815449,69.90311780333637,111.84428256940114,0.1189001992937592,0.728,0.1708726642265459,283.0,4007.0,1.5590919634001603,22.07519963725952,4.913180023071236,5.073870083125774,0.0706264037933616,4.394666666666667,2.72047774995184,11.38724142320036,789.3787685823697,0.1976945833157501,0.9995521133428374,57.600169069949175,789.7324792225414,0.949754175279076,0.9736647073832748,0.99863133794894,0.9999999261706184,0.6910832188044868,0.0214047528041016,0.3859520258812036,0.3051311929232831,2.0588017501698825,0.6375838926174496,0.1807844270983906,1.1793537978117112,26.0,6.0,824.0,7061.0,375.0,5191.0,3.4680696246588987,3.506471373404998,0.102325701294533,0.0689021016274311,0.0024271844660194,0.0005664919983005,4.350761701738334,0.0266666666666666,0.6010402619919091
"Catanzaro, Italy",IT,False,0.5.0,0.0024491478788547,0.0057055250735775,0.0001360405400809,0.0001567056195081,0.0023246038386932,1.0,0.0149310789067392,1.1527842844066685,1.2544926373199858,0.000218541948291,2.6665721474195663e-05,0.000165096869532,2.6298957736221863e-05,0.0191256830601092,0.0193939056733248,0.5832865541062198,0.933050148494984,0.4624050632570053,0.0027990026296078,0.6005509641873278,0.3915011221783243,0.0334525533232244,0.0,0.3501919545985645,183.5239102343789,253.8992642854856,0.4249394965100957,0.5983606557377049,0.0475713570355533,146.0,11678.0,0.0610383779780528,4.882234096080149,1.8246253847438587,2.179116847237392,0.0125021407775304,3.5737704918032787,2.348745340232571,12.457672319258998,5355.665580363315,0.1556889393735675,0.9993681361824904,80.01642486218918,5359.051771273744,0.9519290262014762,0.9181695650794124,0.9983616327165612,0.9855826768170745,0.3101875895004534,0.0015241342788132,0.112636602450042,0.1975509870504114,2.816536664934553,0.474120082815735,0.0876158148076013,1.102726733075558,37.0,15.0,436.0,21107.0,244.0,17973.0,3.212909626687775,3.575221994839352,0.3088930359243798,0.0075379445965033,0.0045871559633027,0.0011370635334249,2.240464572732607,0.0,0.6021810493518055
"Cayenne, France",FR,False,0.5.0,0.0055745075583854,0.0205783628847392,0.0009137477502422,0.0057680864150537,0.0447771316929861,1.0,0.2055463860002363,1.036389350972709,1.1001012710205489,0.0002026553823557,0.000365636968532,0.0002088780902323,0.0003674384611217,0.0,0.0204451345755693,0.6667956918785509,,0.8397143048401833,0.0053937575197687,0.5663082437275986,0.4349403836184551,1.4829776677869022,0.0642398286937901,0.266304347826087,48.23822683553465,110.48838484688996,0.0997769639214145,0.6295503211991434,0.1366459627329192,307.0,945.0,11.946881604673523,36.77460298506997,8.056009112060508,5.0971008561814815,0.3248677248677248,3.3832976445396143,2.6055900621118013,8.301658264924342,185.3995097730813,0.2178444124672408,0.9999999999999996,38.10819920007237,185.39950977308132,0.9803857204874398,0.959873075061469,1.0,0.9999256923847116,0.8830918638547213,0.2903634826711749,0.4987617911366211,0.3843300727181,1.424810028207918,0.3821313240043057,0.1520809023726176,1.1277725578794906,32.0,1.0,790.0,1678.0,467.0,1288.0,3.3822936769905945,3.462187425185666,0.1747759436583652,0.1073914155957506,0.0,0.0059594755661501,7.214807794213405,0.0278372591006423,0.5970496894409938
"Centre, United States",US,False,0.5.0,,0.0446256486983687,,0.0122929223067549,0.0,,0.0,,1.072543873497902,,0.0003510981841861,,0.00034227685101,,0.0457142857142857,,,,0.0100265329409911,,0.4233716475095785,0.0,,0.2914285714285714,,225.6456396472349,,,0.1085714285714285,0.0,248.0,0.0,8.147499180452268,,2.486580169365814,0.0,,2.525714285714286,0.0,99.73537272407796,,1.000000000000001,0.0,99.73537272407782,,0.9634196954573686,,0.999525224358969,0.7004885420434007,0.0321212121212121,0.2461157141926949,0.4543728278507057,2.3803856289318346,,0.1338129496402877,1.1951197302603032,0.0,1.0,0.0,442.0,0.0,350.0,,3.382313413507133,,0.1747596238844757,,0.0,3.2765881755303448,,0.6
"Cerignola, Italy",IT,False,0.5.0,0.0128844839371155,0.0170751039599723,0.0077922077922077,0.0076893936173649,0.0065982374045249,0.9846108290168468,0.0122186268555128,1.108244080077864,1.1434661763429987,0.0008540510638285,0.0003923844888147,0.0008576093928903,0.000437038456057,0.0,0.0291717325227963,0.5221594607555107,,0.9334967068941796,0.0016294354189128,0.503030303030303,0.4985800496982606,0.0127689439606385,0.0701754385964912,0.1271276595744681,90.34563140365825,218.4797089062992,1.0455053125727565,0.4210526315789473,0.2388297872340425,24.0,1641.0,0.0408677730437911,2.7943339818692228,3.200560137922902,2.6739035224360084,0.0146252285191956,2.912280701754386,2.988297872340425,4.049400993705671,613.7095023177931,0.5400146417883233,0.999999999999998,7.498687406503635,613.7095023177943,0.9593217715036932,0.9795734360980536,1.0,1.0,0.2536619431672525,0.0975042301184433,0.10356141122576,0.1501005319414924,2.6871262345094817,0.3027522935779816,0.2476697736351531,1.0575303985826738,7.0,1.0,83.0,2809.0,57.0,1880.0,2.843921670846705,3.386344875311848,0.5599073691088423,0.1714226969824875,0.0,0.001067995728017,1.0450391939809027,0.0,0.6340425531914894
"Chambéry, France",FR,False,0.5.0,0.0087540911624136,0.0214543021713815,7.291642038065965e-05,0.0058886648078964,0.1537075354298983,0.992646942821911,0.3253215746309946,1.0416821371259777,1.1316169850324027,0.0001527675204594,0.000293479828904,0.0001413512462113,0.0002918479529013,0.012753999135322,0.0223604465709728,0.7552966415455031,0.6664245660674613,1.4718912706316032,0.016140606264522,0.5613350671868227,0.4062000639181847,2.85391308259434,0.0687418936446173,0.3244019138755981,46.69221843837539,146.23652578002407,0.1049844151493454,0.5940337224383917,0.0765550239234449,466.0,706.0,21.99441331561756,33.32200815627897,7.706756540610416,3.798422674250865,0.660056657223796,3.3592736705577173,2.4325358851674643,28.569100734664914,185.821117284562,0.4724787638331259,0.9997551632412316,60.46642287769613,185.86662426641053,0.9707093721576926,0.940720416167812,0.9998357487806964,0.9942577238123712,0.6658205205558573,0.0370141038871689,0.4274614698935707,0.2383590506622864,1.7494980919557246,0.3988288874430709,0.1098321342925659,1.1209981853672566,89.0,3.0,1295.0,1271.0,771.0,1045.0,3.3971831055646584,3.531646454406217,0.1624182807588979,0.0466590233713463,0.0015444015444015,0.003147128245476,8.772590892047269,0.0103761348897535,0.5990430622009569
"Champaign, United States",US,False,0.5.0,0.0005588970754996,0.0168818406047792,0.0001616723171726,0.0062047536677557,0.0376508857731528,0.9550553886542438,0.3365156037187994,1.069233530381998,1.0865039127731593,0.0001093650759033,0.0002249543171472,8.722381463375882e-05,0.0002277479557541,0.0331478905887807,0.0277060746859404,0.7279669481690361,,0.451456387687309,0.0021703159836471,0.6792014856081708,0.4971576227390181,2.6058046145582616,0.0048678720445062,0.1610738255033557,52.99170778960511,159.6543310334273,0.1266176742248599,0.7635605006954103,0.3009808982963345,1111.0,1625.0,18.67126186656449,27.309451424993064,7.165257810294291,3.5267634734266804,0.6836923076923077,4.069541029207232,2.9798657718120807,17.348112466960227,460.76239936247066,0.1118845169646719,0.9999999999999988,155.05373699238453,460.7623993624712,0.9678313044992456,0.9715290581599806,0.9998657775932178,0.9999743991064972,0.8235982869318432,0.116887499555966,0.5107344795509066,0.3128638073809365,1.617202047627479,0.5426680599094392,0.2455414835874903,1.1736622792946338,70.0,1.0,2926.0,2886.0,1438.0,1937.0,3.173992511353307,2.855993162015191,0.3380282058082319,0.5525878401894377,0.0020505809979494,0.0024255024255024,7.7434882239093294,0.0090403337969401,0.5379452762003097
"Charleroi, Belgium",BE,False,0.5.0,0.0002910173502437,0.0106232298514926,4.9122673093490654e-05,0.0033034443586102,0.0389479588739858,0.8806035399709831,0.2355397485092601,1.047013541708189,1.0616139510463818,5.47808663475789e-05,0.0001785893575031,4.816519047163485e-05,0.0001775043079028,0.0071872571872571,0.0394439020862711,0.7038654375491267,0.7987575731587355,0.5170818491800485,0.0064783685486474,0.5572429906542056,0.4562336456486874,1.768128913204549,0.0512820512820512,0.1878005568210579,127.03661894811646,142.79357113708087,0.0533094381397089,0.5664335664335665,0.1047835990888382,509.0,3208.0,4.950660535388463,31.201805496122176,2.7999432046026027,4.156521260812196,0.1586658354114713,3.335664335664336,2.736016198430777,30.060005525710224,770.174496951006,0.165356204719114,0.9978948476035516,181.78940171475463,771.7992519959222,0.9678423266034928,0.9652531170391812,0.998164637663009,0.9980848102060338,0.7893275207116056,0.1070515484691628,0.3313509495858251,0.4579765711257805,1.6680124445116662,0.3898305084745763,0.1847537039382044,1.1639274859540432,94.0,5.0,1431.0,5405.0,858.0,3951.0,3.525593846452081,3.5746893280346383,0.0520306913265482,0.0080209091870908,0.0,0.0009250693802035,7.506711391156281,0.0268065268065268,0.7071627436092128
"Charleston, United States",US,False,0.5.0,0.0007658107534352,0.0188332078561449,9.263547938860583e-05,0.0022390260631001,0.0413145004121722,1.0,0.1017317979176776,1.0846230583752312,1.1031627673054911,0.0003092969132742,9.12301382264264e-05,0.0001201907300633,9.370333535976929e-05,0.0,0.040761774209341,0.7259407326311396,0.7975952842615459,0.7580606028545765,0.0082041348998887,0.5800524934383202,0.4538180155464106,0.1878348897759109,0.0,0.2268677176148046,140.27221732476468,153.51354642471654,0.5073085233079958,0.546875,0.1723783413296778,140.0,2256.0,0.4241411099849147,6.834731029471198,2.258052859566824,3.701705666829824,0.0620567375886524,3.453125,2.721041809458533,25.17907184384078,606.1716966667869,0.4061119655587369,0.994622874389758,62.000320057545984,609.4487793061246,0.9281663708788204,0.9586100453239368,0.9940092659477712,0.9999966599680568,0.8746494438377087,0.1600210740031611,0.4451857429333302,0.4294637009043785,1.804643741982129,0.4595660749506903,0.1812725090036014,1.0964835382397466,47.0,5.0,442.0,3970.0,256.0,2918.0,3.0148964263551616,3.537365905527879,0.4506096005288219,0.041569084651567,0.004524886877828,0.0037783375314861,1.8463734409560788,0.0,0.6007539410555175
"Charlotte, United States",US,False,0.5.0,0.0001280391007396,0.0034823875770298,6.656311747991742e-06,7.825669823332873e-05,0.014228245755236,0.9965583119525828,0.1258476862555274,1.1629912573811734,1.0679061521000517,2.289905025965131e-05,5.391116392207128e-05,1.6717462437483786e-05,5.405777736493391e-05,0.0160384331116038,0.0227186040403348,0.7625868615258466,0.9284074213854964,0.3804196045301938,0.0025009290242878,0.6360544217687075,0.4046778817053254,0.8637646646369767,0.0228381374722838,0.3393059029086299,81.89784346292429,157.98159278187867,0.0213858930404456,0.7199556541019956,0.1056562403645208,3319.0,19285.0,4.069403758410476,23.645209846624294,4.711241296401916,3.4450297309565308,0.1721026704692766,3.8146341463414632,2.427900921580047,79.64857804392317,5595.441648782053,0.1130592558241102,0.999557315939155,704.4852494680748,5597.919758633089,0.9584723810333918,0.9650987203907776,0.9967303565233204,0.9965603095734809,0.8728049150847814,0.0834085213032581,0.47271856272015,0.4000863523646313,1.641648855497989,0.4836383804769828,0.1072242303804841,1.2801531050821524,268.0,14.0,8602.0,35434.0,4510.0,29189.0,3.5603452760505028,3.5802015135856053,0.0209823418033132,0.0030173706766144,0.0009300162752848,0.0016368459671501,6.863572071425658,0.0159645232815964,0.5550378567268491
"Chartres, France",FR,False,0.5.0,0.0060410658864606,0.0216518891285246,0.0002336172895383,0.0081352581913329,0.2269407146599446,0.9838651706790316,0.5863474313708784,1.0598724537496276,1.0833685739189076,0.0001856550721723,0.0004078524004377,0.0001715850737743,0.0004075747331047,0.0094562647754137,0.0315698478561549,0.7741784508890595,,0.5224678239087952,0.00680772592273,0.6448553816974869,0.4407484407484408,5.082398251208281,0.0198581560283687,0.2302904564315352,63.33066608115892,115.4810770785707,0.0770231075106208,0.675177304964539,0.0975103734439834,482.0,742.0,28.44217256203308,43.784423321635984,5.59621091386754,5.051332634665734,0.6495956873315364,3.858156028368794,2.6390041493775933,33.33575958195078,146.89193004394164,0.3870413726028576,0.999999999999998,86.12970587037613,146.89193004394195,0.9666683113169016,0.955868119686205,0.9996337465919682,0.9985580895990134,0.7693260297369295,0.1822272215973003,0.4757128134937259,0.2936132162432036,1.3992930825425614,0.498220640569395,0.1606864274570983,1.1740007936920724,45.0,1.0,1360.0,1272.0,705.0,964.0,3.503902018144609,3.551488329624682,0.0711574526584221,0.0289430055738895,0.0014705882352941,0.0039308176100628,8.667895481908483,0.0085106382978723,0.6721991701244814
"Chatham, United States",US,False,0.5.0,0.0345738295318127,0.0332918090026787,0.0057142857142857,0.0074723359763004,0.0556243754109341,1.0,0.1159546425023746,1.0502852289279272,1.0550029072565643,0.0006940380556568,0.00035915002239,0.0006156548000137,0.0003627557351933,0.0196078431372549,0.022530329289428,0.527138046807287,,0.5099445032701556,0.0098550720954569,0.6258503401360545,0.4266666666666667,0.6518154452726176,0.0,0.3206239168110918,127.89115459843934,137.86765221131648,1.2998051913580522,0.7058823529411765,0.1923743500866551,36.0,392.0,1.9943382207801612,21.716127292939536,3.059667019620933,3.863188261419137,0.0918367346938775,3.607843137254902,2.551126516464471,5.644238304109011,101.4705920275289,0.4797080497212092,0.9999999999999996,11.76598622305642,101.47059202752892,0.9849843688838164,0.9770819145908932,0.9992919941138854,0.9999936155409512,0.9054460299948432,0.282209853638425,0.2408169236265294,0.6646291063683137,1.7052002029906017,0.4845360824742268,0.1392515230635335,1.0470862411348922,6.0,1.0,92.0,736.0,51.0,577.0,2.5507482542759385,2.6235308566931588,0.7191362449217866,0.6829289813241487,0.0,0.0013586956521739,5.621296665713658,0.0,0.487001733102253
"Cheltenham, United Kingdom",UK,True,0.5.0,0.004251205990352,0.0111350470775304,0.000125152998776,0.0011095698709955,0.0641202055755095,0.93568288596161,0.2573632341176399,1.0491645810974537,1.0823904221424063,0.0001051385379977,0.0002750151566711,0.0001064129806212,0.0002691322650915,0.0120211898940505,0.0131651884700665,0.7713802622369783,,0.9344678188260456,0.0027329279549082,0.608251633986928,0.3832501386577925,2.020978535113703,0.0195599022004889,0.3702882483370288,63.2446254098012,88.2556502752088,0.0816971869685177,0.6723716381418093,0.0376940133037694,554.0,2272.0,11.88921397267597,48.75865369299604,5.882899677609424,6.209212313551593,0.2438380281690141,3.640586797066015,2.2982261640798227,23.46209143945826,365.9079260410158,0.2491428342332704,1.0000000000000002,94.17124723519396,365.9079260410157,0.967727319113466,0.9623969679071844,0.9981541577683712,0.999101466957114,0.8241239743619552,0.1137398710593245,0.3802002954316327,0.4439236789303224,1.6523282310551868,0.4653586756591048,0.0747469144362779,1.1462839425480298,88.0,1.0,1489.0,4146.0,818.0,3608.0,3.5444249007293167,3.530806379193815,0.0352683549146973,0.04740549414632,0.0,0.0026531596719729,7.852631095667381,0.0048899755501222,0.5920177383592018
"Chemnitz, Germany",DE,False,0.5.0,0.0006695780831629,0.0111708813054021,1.6711926681044509e-06,0.0018391903677973,0.1066713400881231,0.9668346144961766,0.647089422226412,1.0460889857755484,1.0904876573302165,3.5023420655949554e-05,0.000130025338704,2.651235738791859e-05,0.0001293886787946,0.0127487821851078,0.0293340427418639,0.7645883528002124,,0.922413158974684,0.0011326068275046,0.6186299081035923,0.4241859639783515,2.585703958206593,0.0171189979123173,0.2859803139132748,64.29523920463255,184.6724372965744,0.0157470840043736,0.5812108559498956,0.1154562383612663,2833.0,2683.0,12.821541708334337,12.142674339379113,4.958627095588767,3.038784118195064,1.0559075661572863,3.710229645093946,2.543761638733706,94.18214467516276,882.9189227149243,0.1648479119332592,1.0000000000000029,571.3274955723649,882.9189227149219,0.972453145069376,0.955651716388018,0.9999464155742326,0.9978060877989092,0.8458671160571852,0.3847073186403649,0.572679149524114,0.2731879665330712,1.376395440481291,0.4828198433420365,0.1361639824304538,1.1525762141855245,527.0,1.0,8886.0,4781.0,4790.0,3759.0,3.568965737781216,3.570138507173747,0.0132030240762558,0.0121423090163567,0.0004501462975467,0.0025099351600083,3.995898973761733,0.0102296450939457,0.5982974195264698
"Cherbourg-en-Cotentin, France",FR,False,0.5.0,0.0056866400537042,0.0167685304989919,0.0009659839194846,0.0030933842784061,0.0697177153980321,0.987546338089372,0.2225417780124598,1.0343966361633263,1.1113805829116783,0.0001174364861191,0.0002046142280869,0.0001230014685897,0.0002049589576866,0.0022598870056497,0.0377510040160642,0.808389132627594,,0.5772508984286246,0.0022537270402736,0.5979614949037373,0.435109555296253,1.3850238491400828,0.0384180790960452,0.2401865526622619,62.33831525044894,132.2137832056776,0.0613641674476033,0.6711864406779661,0.0858919549164399,608.0,1955.0,8.528066786785969,27.42166211869501,6.157342916571996,4.4060363637349145,0.3109974424552429,3.5796610169491525,2.608628060629615,30.93440960337772,443.7094564382558,0.3132792234369976,1.000000000000004,98.74389135671112,443.709456438254,0.9745664596267102,0.9462384984465748,0.9985646412485428,0.995650299198565,0.7380542079624847,0.285388841738509,0.3993899757705081,0.3386642321919765,1.4540281406654112,0.428328611898017,0.1524995137132853,1.1367143660444137,57.0,1.0,1584.0,3356.0,885.0,2573.0,3.5264774436220034,3.5689049647288367,0.0512474480394575,0.0132579749314801,0.0,0.0068533969010727,6.223657694792648,0.015819209039548,0.6739214924212981
"Cheshire West and Chester, United Kingdom",UK,True,0.5.0,0.0005019062258329,0.0047146137794682,4.131011379245251e-06,0.0001179732192582,0.0440147011796778,0.9376088101572204,0.2936728445239215,1.0632674181122828,1.0745277233201964,2.6977954307478007e-05,5.044304030715657e-05,2.0338215927044552e-05,5.035101549812514e-05,0.0111536949685534,0.0108378548399779,0.7488779660211184,,0.5216297112275182,0.0004255235585677,0.6027531956735497,0.3687625339153002,0.7333372273217837,0.0200471698113207,0.4062278839348903,112.5847858492538,125.29569997419698,0.0258883732779599,0.6388561320754716,0.0244751120547298,2240.0,10068.0,2.380189691414895,10.698102595163018,3.2456959809712247,4.284171187659744,0.22248708780294,3.61438679245283,2.2123142250530785,103.43657899418926,2350.04614871605,0.1498766467530592,1.0000000000000049,690.1447372559257,2350.0461487160387,0.9629779873592448,0.96659903137079,0.9967927794900776,0.9992439861697144,0.6380717868097685,0.0044961650357048,0.4087622007660841,0.2293095860436844,1.9289784546579776,0.456999557456852,0.0531158757778629,1.187679502702335,360.0,1.0,6130.0,18756.0,3392.0,16956.0,3.550502273500695,3.5786983932820307,0.0298272669172564,0.0043830360057789,0.0006525285481239,0.001066325442525,2.4971230435371385,0.0215212264150943,0.5692970040103799
"Chesterfield, United Kingdom",UK,True,0.5.0,0.0014770776959957,0.0107309917736353,0.0001180254801921,0.0006895232344481,0.0915868039108266,0.9418333667763984,0.3473345475362281,1.0460958617038163,1.0691476527440518,9.193307443810564e-05,0.0001976100071413,7.29249647411317e-05,0.0001985641668268,0.0114081996434937,0.0121158091356766,0.7686184269263143,0.4997849563322571,0.4786758217074622,0.0049630044760983,0.639871382636656,0.3772511043153245,2.119211055426355,0.0213903743315508,0.3848700967906266,78.15157329569436,90.74120780260183,0.0231374147889433,0.6919786096256685,0.0308201732042791,662.0,2415.0,10.0230267430294,36.564364931142,4.729602895079702,5.992827904888716,0.2741200828157349,3.8310160427807487,2.262353540499236,36.90780629028484,402.8950451877254,0.2636846940809244,0.9997849563322572,139.9694677725886,402.9817038513549,0.9698586980318132,0.9653469886359556,0.997121206122766,0.9987209721649696,0.7614633290991328,0.0112644471278247,0.3567475973672316,0.4047157317319012,1.611342476859562,0.4949061662198391,0.065885051612081,1.1931792340085097,67.0,2.0,1791.0,4441.0,935.0,3926.0,3.557130957637196,3.5585466250865303,0.0238751426559675,0.0226016071277512,0.0011166945840312,0.0009006980409817,6.101354070473842,0.0160427807486631,0.5843097300050942
"Chicago, United States",US,False,0.5.0,0.000485588574787,0.0050118189948819,6.971555780355437e-06,0.0009074287961648,0.0262138739472623,0.855582960595299,0.1033856297342813,1.039176437782547,1.0152122222823634,2.0187033490032126e-05,5.988998190399689e-05,1.63993175784814e-05,5.98900787034759e-05,0.0110894308943089,0.0131141089540802,0.8156648935334423,0.7499778525289145,0.5787591045897343,0.0006503845053528,0.5556020261164553,0.5560954884622534,1.047895480089465,0.0373519163763066,0.086546120758324,53.18192781872988,146.83907980634982,0.488909297745415,0.5339372822299652,0.5053369444001912,3879.0,22935.0,6.392750635923504,37.79781795176735,6.100561322564075,3.729142157566673,0.1691301504251144,3.332682926829268,3.336307153098614,161.22077774926225,6149.935856466863,0.2535543287266945,0.9999557474899272,635.8431290007344,6150.208018609156,0.9828315433125508,0.9932069513051984,0.9999992738213506,0.9999999681010696,0.847668300619579,0.389873417721519,0.55383797974501,0.2938303208745692,1.2541306231115246,0.3589403973509933,0.3341897193841986,1.1626068189104108,368.0,4.0,11956.0,41884.0,7175.0,25108.0,3.270440233701989,2.273938114106113,0.2646736141232296,0.8367968617983227,0.0,0.0002626301212873,10.135794334113308,0.0066898954703832,0.4081169348414848
"Christchurch, New Zealand",NZ,False,0.5.0,0.0017397885246263,0.0069426963765654,3.1907468341808755e-06,0.0008512521840419,0.1903428746401529,0.9874988410326088,0.5007372692867209,1.0470264719539193,1.0686185331545666,2.3521786418139587e-05,0.0001077044356305,1.93721938401614e-05,0.0001080248286738,0.0092546439371282,0.0162765420597026,0.8695108156779363,0.4998464044134605,0.4948257683464933,0.0011186352325712,0.625253431714694,0.421316249271986,3.035370489828746,0.0668926328382015,0.277861884243624,47.59008149041431,164.76757063274707,0.0186457606890745,0.6248629249327086,0.0822173052288342,6870.0,6201.0,23.292549445576785,21.02432301485031,7.673708868037041,3.4683285385870875,1.107885824866957,3.750772604924733,2.527308722487481,340.31267583561174,1787.6182964759278,0.3801252399512589,0.9998464044134644,895.2646129976739,1787.8929089359383,0.9825608563478904,0.964324858807706,0.9999449340243948,0.9991142636194428,0.7809162117212879,0.0946238200646261,0.4697261220420801,0.3111900896792077,1.2897874291434832,0.4598893154509647,0.1319820606907799,1.2060353009913567,443.0,2.0,18812.0,10851.0,10031.0,8587.0,3.561333721157009,3.550317372186212,0.0200919070915692,0.0299930352332992,0.0002657877950244,0.0014745184775596,6.061802617872847,0.0600139567341242,0.6399208105275417
"Cincinnati, United States",US,False,0.5.0,0.0006561931439576,0.009726085547873,0.000120777639217,0.0010906278476359,0.0319045967028942,0.9228813540816142,0.1297477333689978,1.1574169492372457,1.0597468275740458,7.749561347297099e-05,9.8792045513311e-05,4.518281149934716e-05,9.584347998537052e-05,0.0183673469387755,0.0167929097748235,0.7197891764846878,0.7998314571388025,0.4526627090925264,0.0034959500288943,0.6339468302658486,0.4441008195453843,0.8985243950506403,0.0071428571428571,0.2507342711392796,99.76808209608772,165.9965637208596,0.1912621457312476,0.7387755102040816,0.1635492348121811,725.0,4847.0,3.5104542019735243,23.469202092366444,3.906910286810496,3.3889739580101983,0.1495770579740045,3.795918367346939,2.663781109908796,45.630796263104,1429.922437685655,0.2458971411250688,0.9997874774687736,185.56863269872315,1430.2263930189265,0.9628233640840776,0.974251610674596,0.999559942756552,0.9999680248591932,0.8123154712615474,0.0192893401015228,0.4700327127359527,0.3422827585255943,1.8994832351954336,0.4930946291560102,0.1663960411350808,1.212792647191795,84.0,5.0,1860.0,8616.0,980.0,6469.0,3.470371575817417,3.2667213943140574,0.1003393726986583,0.2675734554701487,0.0010752688172043,0.0011606313834726,6.925164484340313,0.0010204081632653,0.5857164940485392
"Clermont-Ferrand, France",FR,False,0.5.0,0.0017353962826812,0.0131783463530084,7.402227432476755e-05,0.0045353097426935,0.0609593876834387,0.975339975390404,0.2960957384338867,1.028480954781579,1.070231316446414,7.657776686564963e-05,0.0002932987122405,7.128857074102817e-05,0.0002936278162161,0.0045993031358885,0.0287562604340567,0.771538269403605,0.4999181538811525,0.8318442056955193,0.0050266433540278,0.5710630379157944,0.4590643274853801,2.733664710509673,0.0536585365853658,0.1999165275459098,47.98799262118008,120.67935376679266,0.0424422908918357,0.5909407665505226,0.1452420701168614,877.0,1917.0,20.349828799309392,44.48189487830799,7.444156820356842,4.818037654835697,0.4574856546687532,3.421602787456446,2.7520868113522536,24.25451076993236,397.8472644493143,0.2058772882239571,0.9999181538811536,117.81052188499709,397.8798293691154,0.9801026473476824,0.9678345034977412,0.9999395171878452,0.9989548816218462,0.7397368776488235,0.3515851180521839,0.4381629741187194,0.301573903530104,1.5177078824694243,0.3902268760907504,0.1886358888656778,1.1327315626396754,98.0,2.0,2455.0,3297.0,1435.0,2396.0,3.488570278529831,3.4804818147959327,0.0845586316370984,0.0915893642715607,0.0,0.0009099181073703,9.232367628688634,0.0202090592334494,0.6548414023372288
"Coimbra, Portugal",PT,False,0.5.0,0.0145267409385797,0.0089863821757572,0.0003464158791433,0.0012032226623812,0.0720318498431251,1.0,0.1200826618471179,1.0495771164127403,1.1250030323483449,0.0002051735240476,0.0001009905530576,0.0002121944166829,0.00010194014045,0.0090780141843971,0.0290893015030946,0.8474081577955399,0.7485181806665773,0.4419220690446467,0.0033693446590391,0.7087240693378801,0.4150240080869345,0.4466759050794593,0.0042553191489361,0.2881773399014778,57.16081470158677,180.7237756003333,0.0783215385364841,0.7319148936170212,0.0629026146267525,873.0,3757.0,2.735343742287882,11.771691225401574,6.1237772424758194,3.1646569710025454,0.2323662496672877,4.245106382978723,2.489200454717696,85.5143740191498,1185.1159999956153,0.599852207930166,0.9982660662317744,142.5590718657574,1187.1744819185897,0.9708890954019774,0.9407871396255268,0.9999999942236568,0.9875387693439904,0.6339290920436526,0.0255433337974507,0.1897201249537821,0.4442089670898704,1.9712107332345885,0.5893390191897655,0.1227371813098284,1.1401838986338078,63.0,4.0,2494.0,6569.0,1175.0,5278.0,3.496223603676808,3.5590428239639977,0.0778811794991691,0.0221550297344149,0.0016038492381716,0.0019789922362612,3.719736872989545,0.011063829787234,0.6489200454717696
"Colchester, United Kingdom",UK,True,0.5.0,0.0017176186773209,0.0080073964530613,1.9600975251321075e-05,0.0003412386766107,0.1364522780600293,0.9979257448992944,0.4478879359211788,1.0602294103239152,1.085009574604874,6.191234343432213e-05,0.0001250269358472,4.000811933217468e-05,0.0001312735360715,0.0094988344988344,0.014256480218281,0.8200769641814245,,0.6167247679586253,0.0011138047715824,0.6447399113599254,0.3731945866029796,1.160392527298305,0.0048951048951048,0.3905184174624829,72.74317559552719,136.80076363081574,0.0071916182504499,0.6909090909090909,0.0187585266030013,1981.0,3574.0,5.716485527610079,10.313336333002738,4.926337763411438,3.980738253635807,0.5542809177392277,3.865734265734266,2.2384038199181444,122.51004982332664,897.8234117090398,0.3046571856850433,0.9999999999999956,402.1242746920743,897.8234117090436,0.9643173023913776,0.9588933121879106,0.9976908317973588,0.9974608757700252,0.6632919913466394,0.1033890542706663,0.4095337863152721,0.2537582050313673,1.630297644844288,0.510236220472441,0.0597116778981489,1.1609321317523804,248.0,1.0,5528.0,6563.0,2860.0,5864.0,3.559361439495926,3.565581723554338,0.021868223006193,0.0162605126092045,0.0005426917510853,0.0019808014627456,2.5908099643534848,0.0017482517482517,0.5907230559345157
"Collier, United States",US,False,0.5.0,0.0003686228411647,0.0069863908124566,4.078462197290047e-05,0.0001899280575539,0.0454230932220262,1.0,0.1387194816063514,1.164101722825249,1.0800571314424725,3.524170412767429e-05,3.588415041097727e-05,3.2104823911666515e-05,3.9491140723337895e-05,0.0163127116035703,0.0269812346152616,0.7573713434143388,0.9319816563409048,0.208540953392139,0.0038743785198551,0.6265803268578477,0.4060111910471622,0.0900362338856035,0.0,0.345641124004987,264.3035305040384,304.89751732282963,0.4092757601454393,0.7276084949215144,0.126114894025127,788.0,6822.0,0.132104274453759,1.1436743151314013,1.4672345649375498,1.762067350830124,0.1155086484901788,3.752539242843952,2.4355998849141653,175.85953330028954,3845.278062411572,0.3274456672994554,0.9932041818585096,537.064773984206,3871.5886749652905,0.9604360170170934,0.9541573606773484,0.9959744359906012,0.9998487638410868,0.8589507735976467,0.0071409679978841,0.4289085785611159,0.4300421950365308,2.1237684467627678,0.4909763998149005,0.1096455465489951,1.182721199296301,112.0,15.0,2032.0,12698.0,1083.0,10427.0,3.396360054691697,3.041906548969573,0.1631037799323924,0.4322353708496936,0.0009842519685039,0.00779650338636,0.6490525544285279,0.0,0.5281480771075093
"Colmar, France",FR,False,0.5.0,0.000936366212867,0.0200942996262049,0.0001204816855375,0.0106001639451767,0.0634808627616674,0.8132594032492076,0.3625956042878722,1.023260107779964,1.065408054476622,0.000219206103351,0.0003963199021419,0.0001269644839344,0.0003939427755363,0.008008008008008,0.037251356238698,0.7216295458447195,,0.9647813325126602,0.0046029667140537,0.5305917753259779,0.4761473429951691,1.184189822743794,0.1181181181181181,0.1528028933092224,49.63725697726231,137.7623277327552,0.0931405461807058,0.4474474474474474,0.1509945750452079,497.0,937.0,7.471245590288687,14.085628004226358,6.309162134984107,4.312979811068383,0.5304162219850587,3.1771771771771773,2.851717902350814,13.791293030177204,217.25119083455567,0.1750734482464069,1.000000000000003,78.77432682291528,217.25119083455496,0.9824659542550436,0.967165737102064,0.9999997864183704,0.999487270159148,0.7216534898693758,0.0727367870225013,0.4418727458574759,0.2797807440119,1.5925370590920878,0.3331660812844957,0.2138649750792931,1.127834175893804,76.0,1.0,1587.0,1577.0,999.0,1106.0,3.358341454546873,3.4226987102695308,0.1944626771799137,0.1410277468477979,0.0,0.0006341154090044,3.265869218325221,0.05005005005005,0.6962025316455697
"Columbus, United States",US,False,0.5.0,0.0003525992595752,0.0068726857280631,1.5533975902452896e-05,0.0002212375020855,0.0190922215874356,0.9930455265093828,0.1197391653284111,1.0749621563488625,1.0989377046986584,3.0155354949902517e-05,4.981151685109113e-05,1.867552098196968e-05,4.873491068608767e-05,0.0111973105766744,0.0395072401123838,0.7701068171285521,0.8332738066487713,0.3912563078837707,0.001527675121809,0.6451863354037267,0.4587160920782449,0.8078631639537887,0.0027152831652443,0.2090447374108493,94.32008782607193,154.22062395384043,0.0766285708231839,0.7688130333591932,0.1694942727469202,1985.0,14639.0,3.4099015990525188,25.147380105052807,4.22089006059394,3.727272684693861,0.1355966937632352,3.8681148176881295,2.751999135508969,74.98539963716813,3927.1771185897537,0.1594484272131926,0.9999084638345744,470.27995790079456,3927.536630232454,0.970844932329128,0.956169411034153,0.9988881678848948,0.9999712981761784,0.8746168579851854,0.027469451839716,0.5181400184007982,0.356476839584387,1.495134811701471,0.5032032615026208,0.1881872956688552,1.188134147402097,184.0,6.0,4986.0,25467.0,2578.0,18508.0,3.361684077755905,3.106166905395773,0.1917295885560539,0.3873059954079293,0.0004011231448054,0.0047512467114304,6.746858154038784,0.0011636927851047,0.6214609898422304
"Comanche, United States",US,False,0.5.0,,0.0360004052691052,,0.0284621976138685,0.0,,0.0,,1.0467970434292022,,0.0005902317981466,,0.0005946204244787,,0.0188405797101449,,,,0.0121473650390668,,0.517566409597258,0.0,,0.1329923273657289,,136.29533102431796,,,0.3529411764705882,0.0,339.0,0.0,27.191133937113666,,4.117956748243673,0.0,,3.089514066496164,0.0,82.32237993868799,,0.9999999999999992,0.0,82.32237993868804,,0.9820365465262076,,1.0,0.8335435574085804,0.7054545454545454,0.1388120313675028,0.6947315260410776,1.978955309447388,,0.2754182754182754,1.0176951233001734,0.0,1.0,0.0,604.0,0.0,391.0,,2.681383466526165,,0.6525835297515794,,0.0,6.603064480633702,,0.5140664961636828
"Como, Italy",IT,False,0.5.0,9.109201142269324e-06,0.0065318739329541,0.0,0.0001864455897956,0.0143370665003211,0.9914720543592508,0.3253096848707572,1.172257960634018,1.1660794718065712,1.0115268701116716e-05,4.380913485356138e-05,5.942307422464755e-06,4.593110527431852e-05,0.0100123066104078,0.0160097380013911,0.6293199860104861,0.7997028307766458,0.6498619671238044,0.0014599888931943,0.5634124890061566,0.3992657004830918,0.8705473176105725,0.0076476793248945,0.3352654764664966,173.91238503439547,165.74792310465952,0.0178232923804936,0.5147679324894515,0.0636447948063992,1962.0,11468.0,1.5331121990141423,8.96112675754036,1.7610900269294256,3.348630525430455,0.1710847575863271,3.378691983122363,2.395316485045212,49.09991633207957,3423.3619004383577,0.0440720555430655,0.9996140704049092,1114.082738530337,3424.6835871884755,0.920312238953054,0.940917022045798,0.9744951090414872,0.9946812178147456,0.5710482245562121,0.0020616942429145,0.2821152299929695,0.2889329945632425,2.284834008844224,0.4404274970312706,0.0989883764746804,1.1346185417613364,724.0,5.0,6406.0,20662.0,3792.0,17252.0,3.565718701816009,3.580123994190663,0.0161368435951024,0.0030878240909312,0.0009366219169528,0.0008711644564901,2.676057179042897,0.0026371308016877,0.6010897287271041
"Cork, Ireland",IE,False,0.5.0,0.0002802199443492,0.0068308376091566,2.4464813534209665e-05,0.0002244416956169,0.0301958559407041,0.8505779508726647,0.19218899619972,1.0614875023599928,1.099667840506791,6.136160165058658e-05,0.0001370621140483,4.536563182505606e-05,0.0001373021259084,0.0052910052910052,0.0092102310971505,0.7487077192711147,,0.7847367088317897,0.0009606226773977,0.5709046454767727,0.3674446439257929,1.0725794891002318,0.0561660561660561,0.4146286739959614,71.4015357098364,105.9641140477402,0.0500560311103666,0.6147741147741148,0.0324209109266322,1062.0,5218.0,5.693486835208231,27.974213094271704,5.308219011333508,5.01252913066169,0.2035262552702184,3.421245421245421,2.204173210679829,31.433628053109143,1040.9914564050011,0.1571154256371942,1.000000000000001,200.0671030589616,1040.9914564049998,0.976706293339265,0.9518720807126452,0.9998367831363236,0.998212048601368,0.7844454320362342,0.0121052631578947,0.4724521276268411,0.311993304409393,1.964810262179569,0.4038520330174258,0.0511137294507097,1.1647796408110846,157.0,1.0,2802.0,9824.0,1638.0,8914.0,3.4189552107542966,3.521134506535073,0.1441829224379999,0.0559786299066158,0.0007137758743754,0.0022394136807817,5.580857959139463,0.0335775335775335,0.5529504150774063
"Cosenza, Italy",IT,False,0.5.0,0.0091106990244295,0.0249037917548338,0.0016125131016689,0.0081306934963008,0.0513295398417781,1.0,0.1426425467960603,1.069558483669876,1.2000853941345364,0.0003261761346281,0.0003331190943586,0.0002847599580319,0.0003570180295535,0.0,0.0360410830999066,0.684146809412101,0.4997433905943966,0.4922591071984907,0.0087771365917934,0.643312101910828,0.45288926843154,0.8699072594420053,0.0,0.2037510656436487,107.27131251786156,143.22108484539663,0.269571995184199,0.6981132075471698,0.1159420289855072,111.0,934.0,2.970774660468951,24.99732912502703,3.415047556189529,4.098922788367541,0.1188436830835117,3.811320754716981,2.712702472293265,11.696192557780378,227.80627375199975,0.3598473316321625,0.9997433905943964,32.50320769291205,227.86474598902603,0.9665997965604278,0.9400153180651328,0.999998772541765,0.999882811968228,0.540525157100088,0.3016423779782558,0.1911949939109964,0.3493301631890915,1.873178317767948,0.5111821086261981,0.1794105083297736,1.0805854072362695,16.0,2.0,303.0,1591.0,159.0,1173.0,3.105851654268127,3.497469207946541,0.3875305873687142,0.0767921058416578,0.0033003300330033,0.0012570710245128,6.098511832417951,0.0,0.680306905370844
"Cottbus, Germany",DE,False,0.5.0,0.0150584814356234,0.0161452736457024,0.0023721443664931,0.0031753812205186,0.5749985341613058,0.9943329280217932,0.8510145246594915,1.0213755026853533,1.0843785351959827,0.0001662729870802,0.0001780415856114,0.0001883365032712,0.0001767992912618,0.0059840425531914,0.0517405063291139,0.8950028769352019,,0.3374316305306844,0.0021920551042835,0.580339985218034,0.447553678282295,2.3457445975794684,0.0115248226950354,0.2246835443037974,49.44304555002982,179.39162855391774,0.0136759260612587,0.6008421985815603,0.1308016877637131,2811.0,1470.0,16.984629014530253,8.882036517737273,7.240613079555374,3.2223210032968463,1.912244897959184,3.480496453900709,2.682489451476793,262.3102553570308,456.1929114126127,0.6756624211453671,0.9999999999999996,388.2267936588342,456.1929114126128,0.9894212654073368,0.9555420299951743,1.0,0.9998243719460445,0.8261060467984551,0.7167322759895194,0.5470363320912496,0.2790697147072055,1.1136286125641208,0.3848541966958643,0.171111697913916,1.0727763547379916,131.0,1.0,7852.0,2543.0,4512.0,1896.0,3.528983172503473,3.523010707886716,0.0490245462953522,0.0543185969796948,0.0,0.0043255996854109,2.756409590680076,0.0221631205673758,0.6445147679324894
"Coventry, United Kingdom",UK,True,0.5.0,0.0005005054772842,0.0060595593645882,3.938113601794521e-05,0.0002333994568262,0.0300334368796068,0.9946238984465376,0.2602975892282904,1.047010874298391,1.0611187361332044,4.601693938836067e-05,0.000159339695169,3.64095428286799e-05,0.0001531161670973,0.0055399500624219,0.0110359309379374,0.7714161037392069,,0.629340788711888,0.0011143938102362,0.633864417369572,0.3819136522753792,2.367586006130847,0.0107677902621722,0.3734251049930004,57.55981798985522,91.38902600614924,0.0190035760876239,0.7265917602996255,0.0368642090527298,1564.0,5371.0,15.852985354467265,54.44142221153688,6.695843493506074,5.985409154779138,0.2911934462856079,3.799625468164794,2.290947270181988,26.95046993597229,897.3488463543757,0.115381156501094,0.999999999999996,233.5777414028325,897.3488463543794,0.9651688097988924,0.9696946103922756,0.9992607680889648,0.9993279479697784,0.7756227123058201,0.0270525560131484,0.4161407498964167,0.3594819624094034,1.5353182734473527,0.4848839934380126,0.0728163836863294,1.1928792863193045,147.0,1.0,4058.0,9819.0,2136.0,8572.0,3.548790129178453,3.5623086708100624,0.0313617023782845,0.0192132331783697,0.0004928536224741,0.0005092168245238,9.09568933446552,0.0056179775280898,0.5897106859542697
"Crawley, United Kingdom",UK,True,0.5.0,0.0049333773171056,0.0088391805185757,0.0003153080889629,0.0004742707553301,0.1526539185824148,0.9937917608673849,0.3675003174760814,1.0418593873294073,1.0809562598914162,0.000112728066984,0.0002272987711321,0.0001141962463223,0.000224024796298,0.0084853090172239,0.0033965244865718,0.7790986984474852,0.4996531550125147,0.4925749352314702,0.005746712542169,0.6387620497209539,0.3567251461988304,2.842654935825204,0.0326747720364741,0.4355450236966824,50.79401171241306,77.09903942215905,0.0254943050677315,0.7773556231003039,0.0101895734597156,1043.0,2382.0,23.1814294515587,52.94167301401038,8.154851705498785,6.844334637723357,0.4378673383711167,3.8267477203647418,2.139336492890996,53.12738977711124,347.90435320267505,0.4153844536266292,0.9996531550125146,127.89932149185609,348.02506395162595,0.971804096919728,0.9653756324377406,0.9998096101717998,0.9979005722660852,0.818588463341725,0.0528208800827564,0.4896547984518991,0.3289336648898259,1.5245591597206505,0.4815378759040731,0.0350918790752815,1.1535049665680206,63.0,2.0,2518.0,4514.0,1316.0,4220.0,3.497308575101574,3.5484129385177665,0.0769325886339816,0.0316995799926533,0.0,0.0011076650420912,7.735108789423607,0.0151975683890577,0.5542654028436019
"Cremona, Italy",IT,False,0.5.0,0.0002477119914143,0.007888618468306,1.901592369058879e-06,0.0002843778546812,0.0181263394873045,0.9683727499291443,0.257382650997932,1.0624712079702523,1.0868213177726649,1.5526121195510486e-05,2.91008596193416e-05,9.837050283325109e-06,3.0637847589818005e-05,0.0041567695961995,0.0281903422409751,0.6950390606624277,0.4999933562889953,0.4887497858809933,0.0005615880159139,0.5946609632446135,0.4199840577671496,0.5175460163509537,0.0121140142517814,0.2779184247538678,122.10262987737347,198.80147131418747,0.0177713741375099,0.6600950118764846,0.0733473980309423,2815.0,10268.0,1.5894099791526282,5.7975352276871,3.0710505519084736,2.883192873702148,0.2741527074405921,3.566270783847981,2.519549929676512,64.5538685785719,3561.305896677967,0.0704256460838544,0.9999933562889904,916.6244424894428,3561.3295571223543,0.9645290149854208,0.9579770785172022,0.9994057188725584,0.9995293603722346,0.4472206342097367,0.0190601503759398,0.2198732806431422,0.2273473535665945,1.7618256568938993,0.4450386215092097,0.1299806576402321,1.2171138161989044,448.0,2.0,7507.0,17914.0,4210.0,14220.0,3.5055242381059584,3.506743468331786,0.0697338045498804,0.0686630996292142,0.0002664180098574,0.0013397342860332,2.0108038142598508,0.0085510688836104,0.6487341772151899
"Cuyahoga, United States",US,False,0.5.0,0.0004340691063785,0.0047817965206536,1.3946474697719765e-05,0.0003347342572657,0.036004876574518,0.994270715650222,0.1578769247113388,1.1376106357727305,1.0562510170884314,1.3505465888974413e-05,4.9930318538624505e-05,1.180862801554473e-05,4.985035832256253e-05,0.0243988196144911,0.0247254245692326,0.8269289944702847,0.6666063653899661,0.2092292432941313,0.0003963896338914,0.6859493750392563,0.4609119309729247,0.3686224695568359,0.0011301563382934,0.2000743770918557,109.40954632337132,203.56413387207536,0.1497757306135223,0.8073083443209644,0.1629602082558572,4289.0,21510.0,1.3231839558892309,6.635972695541468,3.589536897954117,2.842113675002024,0.199395629939563,4.11414579016764,2.765265898103384,272.49610102851744,7567.784552609523,0.2280566120751914,0.9999304493928686,1194.861655397538,7568.31093322989,0.955626772259394,0.9731109839725682,0.9956705456672452,0.9999963337596964,0.8322084401360168,0.0144360902255639,0.4678159717519706,0.3643924683840464,1.6249490766317498,0.55234146801093,0.1913900511390051,1.2941491713955564,250.0,3.0,10921.0,37179.0,5309.0,26890.0,3.520247109530124,3.181030630689822,0.0567632765966837,0.3328056152554303,0.0018313341269114,0.0018289894833104,2.334872371189285,0.0005650781691467,0.6369654146522871
"Dacorum, United Kingdom",UK,True,0.5.0,0.0003853267047399,0.0118457891080413,1.8757275702918496e-05,0.0006062094548516,0.0416998683154378,1.0,0.3470030075107637,1.039466838228745,1.079162539358294,5.146059681767513e-05,0.000128213372592,3.870445517440823e-05,0.0001324472402489,0.0064252336448598,0.0079464285714285,0.6658463658175433,,0.5043661585687811,0.0014831913043221,0.5835284933645589,0.3739764775941641,1.1006604799204855,0.0058411214953271,0.3886160714285714,156.49298539430828,134.20021099585944,0.0486640155800422,0.6144859813084113,0.0196428571428571,534.0,2739.0,2.5122251661859827,12.885739195100014,2.2824705819977043,4.062460982538463,0.1949616648411829,3.492990654205608,2.242857142857143,28.114962779190893,674.2218600431971,0.1201714896207184,0.999999999999999,233.9570131644909,674.2218600431979,0.9740134785673884,0.957901931796522,0.9962628829034508,0.9972753759355006,0.6401890817433378,0.0032057398007861,0.3525817374536403,0.2876073442896973,1.9705752268925016,0.4434680726420621,0.060859854829704,1.1612136262310413,118.0,1.0,1495.0,5024.0,856.0,4480.0,3.521706267832536,3.564451392243175,0.0554728991480891,0.0172807205870494,0.0013377926421404,0.001592356687898,3.171904727328174,0.0093457943925233,0.5917410714285715
"Dallas, United States",US,False,0.5.0,0.0003894339841802,0.0043053244434007,4.374158815612382e-06,0.0005291312461123,0.0324285326829771,0.9913394766712916,0.1335187980600453,1.1126796805040304,1.0506507083041472,1.7735533589715163e-05,5.774989431657501e-05,1.6297457176374943e-05,5.802615378320983e-05,0.0160556116156519,0.0301851884760206,0.8179577425250693,0.9679744416001774,0.4095808678500036,0.005116888438243,0.6628532974427994,0.494436381228834,0.8343628600202566,0.006895391860074,0.1435087282829539,70.64297291073774,174.83367634579136,0.1696815321847874,0.7623612512613521,0.2518970021146909,4545.0,20651.0,4.541532301999959,20.635243909483204,5.4431141648487325,3.3021519730674216,0.2200861943731538,3.975782038345106,2.9663722685242773,202.80157724360689,6243.282114943949,0.242876157920427,0.9983180647076996,834.9999398049201,6253.800602888957,0.9679666872081536,0.9754530941163632,0.9999195456657312,0.999968813210276,0.8364636260096229,0.0375563909774436,0.5316758394441795,0.3047877865654433,1.3373215193152588,0.5229242029107428,0.242281614796077,1.2734132154226407,342.0,32.0,11820.0,35770.0,5946.0,24117.0,3.542859646761249,3.2810017429203566,0.0366672530828796,0.256406820170702,0.0006768189509306,0.0011462119094213,6.249029141537298,0.0020181634712411,0.6043869469668699
"Dane, United States",US,False,0.5.0,,0.1695344129554655,,0.092442645074224,0.0,,0.0,,1.140078001661861,,0.0008494125494923,,0.0008773366109237,,0.0208333333333333,,,,0.1086245669888312,,0.4210526315789473,0.0,,0.375,,191.79209557148724,,,0.15,0.0,25.0,0.0,8.226056615313512,,2.71561417472078,0.0,,2.4,0.0,9.206020587431391,,1.0000000000000004,0.0,9.206020587431388,,0.9256772419521658,,0.9998233164561444,0.8364919674408011,0.2975757575757575,0.182188302390964,0.6543036650498372,2.1307648073965986,,0.12,1.0,0.0,1.0,0.0,48.0,0.0,40.0,,2.929170678936509,,0.506924607135684,,0.0,3.0291698621580943,,0.475
"Darlington, United Kingdom",UK,True,0.5.0,0.0009485037535212,0.0110171672686002,7.30867365750778e-05,0.0006419661741828,0.0841099904618865,0.911970156095771,0.4041696471199187,1.0557289899166686,1.078904361577076,7.033086369958161e-05,0.0002013795187688,6.120990168342986e-05,0.0002066795318196,0.027301315037164,0.0096937113066145,0.7315534400592312,,0.410067250515564,0.0018622105161383,0.6663802978235968,0.3798696006519967,1.09889801997826,0.0094339622641509,0.3795210166177908,93.26926128214204,115.21051613352851,0.0464185478663489,0.6878216123499142,0.0369012707722385,819.0,2539.0,4.146735858684562,12.855387478876803,3.773540204182549,4.728152500475203,0.322567940133911,3.991423670668954,2.2781036168132944,45.1667465804596,536.9962156983755,0.2081056582582283,0.9999999999999982,217.0375710035445,536.9962156983764,0.962444733923107,0.962508293179344,0.9968008009243974,0.999833805789528,0.7365594899309702,0.1127443609022556,0.4066680893511818,0.3298914005797884,1.475412186240772,0.5371723248818221,0.0696906712312018,1.1317921709823109,89.0,1.0,2327.0,4661.0,1166.0,4092.0,3.491641165283443,3.517167718937104,0.0818822274768145,0.0594835791568559,0.0008594757198109,0.0021454623471358,2.7189028859760285,0.0145797598627787,0.5835777126099707
"Darmstadt, Germany",DE,False,0.5.0,0.0067135152370441,0.0183348097170089,1.145523868116212e-05,0.0044722200247352,0.5471610388511822,0.9703529609422508,1.1179641167590475,1.0291041548109188,1.0795249723987823,6.436346725483145e-05,0.0001948079588496,6.633099922177773e-05,0.0001940942850973,0.0088615645537417,0.0266468548786527,0.8265879404491057,,0.8219811305413844,0.0024182773910481,0.6024743725698126,0.4589324078664683,3.78995513330283,0.0186559253762984,0.2030708271421495,54.247561243753466,148.9079911034627,0.0194693228487029,0.6243375026499894,0.1535413571074789,3001.0,1609.0,24.60244759769822,13.190715822957824,6.491487823038669,3.891008322196495,1.865133623368552,3.613313546745813,2.7508667657256067,226.2606601197326,413.5174912943154,0.4894262979006782,0.9999999999999986,462.29771691926703,413.517491294316,0.9839363920031629,0.9735054159365274,0.999999270039191,0.9998459624496896,0.8093368897414017,0.4830033069580003,0.554707071772176,0.2546298179692257,1.2436792944940445,0.4438434616608336,0.1881973716836102,1.1309356059580318,380.0,1.0,8522.0,2777.0,4717.0,2019.0,3.4734670220211608,3.4409962219632764,0.0976648852075722,0.1255223141103387,0.0,0.0021606049693914,3.390050786504512,0.0118719525121899,0.6433878157503715
"Dauphin, United States",US,False,0.5.0,,0.1163372859025032,,0.0863636363636363,0.0,,0.0,,1.1480961608617315,,0.0013106030630434,,0.0013117117770685,,0.0181159420289855,,,,0.1091104473742568,,0.4545454545454545,0.0,,0.2608695652173913,,152.75042003538647,,,0.1304347826086956,0.0,34.0,0.0,30.828774236995507,,3.7097552107247336,0.0,,2.608695652173913,0.0,9.165025202123186,,0.9999999999999998,0.0,9.165025202123187,,0.9565305152843564,,0.9999994677950764,0.820341158261034,0.3814109742441209,0.1614601956776266,0.6588809625834073,2.150789204324617,,0.1724137931034483,1.0240813596542906,0.0,1.0,0.0,60.0,0.0,46.0,,2.789404332555931,,0.5922119211615622,,0.0,8.310190965665585,,0.6086956521739131
"Davidson, United States",US,False,0.5.0,0.0003385579937304,0.005048224103688,3.7637198490714295e-05,0.0002041232894044,0.0137517589169378,0.8362208358407048,0.0761454681643741,1.2239878673128517,1.0654177593073892,3.515156319569003e-05,5.125447862079504e-05,2.757811333997933e-05,5.0672704103327473e-05,0.0133089770354906,0.0245692807456162,0.7139614921857402,0.6666060026861478,0.3550000263597347,0.0006051860419147,0.5905607802159526,0.4263577758500451,0.2931133826486542,0.0250521920668058,0.2904740037757028,111.31370118094628,197.76403595028123,0.0316052031057773,0.6743215031315241,0.1382723608347364,1300.0,13906.0,1.0094913144527036,10.798450937522531,3.4440301064750387,2.8052390329556776,0.0934848266935135,3.5396659707724427,2.5578856064084903,68.16957744148108,4956.850429048994,0.1805985208108788,0.9999388971732588,377.4647607045888,4957.15332512975,0.959138302767174,0.968687649361152,0.9999999668207992,0.9990123625127284,0.8592505745067431,0.01149859573557,0.5044701856672666,0.3547803888394766,1.783733582783757,0.4204337601254246,0.1395657387798841,1.2631823608270087,134.0,3.0,3391.0,25066.0,1916.0,19599.0,3.540164474734236,3.507141368495713,0.0390736027483401,0.0683135379505412,0.0020642878207018,0.0020745232585973,3.84938709702217,0.0041753653444676,0.5712536353895606
"Davis, California, USA",US,False,,0.0147308349288271,0.0156482704050567,0.0008618834358016,0.0033491816975113,0.7913369428423863,,1.070924927463594,1.0503568098061629,1.115307497272817,0.0001309620090494,0.0002467541193201,0.0001397879305838,0.000249580921508,0.0123619233268356,0.027231638418079,0.9260445271152568,0.4997332646611863,0.204794296624768,0.0075627350778564,,,,0.0102339181286549,0.3166101694915254,66.62220936373346,141.95093367274742,0.0171946535463593,0.706140350877193,0.159322033898305,1462.0,1008.0,,,5.162228649403635,3.811618479239658,,4.143274853801169,2.5261016949152544,,,0.738928493070573,0.9997332646611864,283.21101200523094,264.4545894323285,0.9716693012106732,0.9517600845040236,0.9967080694434006,0.9994090210983008,0.689359737127981,0.0257383100902379,,,,,,1.0644568554536722,58.0,2.0,4251.0,1863.0,2052.0,1475.0,3.3210454334769133,3.319604312191704,,,0.0014114326040931,0.0042941492216854,,0.0063352826510721,0.5240677966101694
"Delaware, United States",US,False,0.5.0,0.0244497453856434,0.0241969967193713,0.0037316652286453,0.0066719437115215,0.1303904021012182,1.0,0.2574818265634071,1.0850565251261413,1.115244905844947,0.000198057448508,0.0002273381706046,0.0002117571811982,0.0002297832745109,0.0059912854030501,0.0405326309628328,0.7119743151862679,0.6661955557120756,0.2347305512660547,0.0113322845794161,0.6600877192982456,0.4482556435063031,1.2450666220125235,0.0,0.2230026338893766,113.22800950429394,173.1395550930688,0.1279259365425475,0.7418300653594772,0.1308165057067603,227.0,885.0,4.146370288899243,16.165364342184276,3.330239696087151,3.343023950927752,0.2564971751412429,3.934640522875817,2.684811237928007,34.51830066235503,264.5822290692697,0.5064062339526262,0.999440371489742,68.16326172158495,264.7303797373022,0.9628368524791208,0.9535450413781044,0.9943914689768852,0.9999216810099932,0.8849140221207414,0.2217023394723743,0.4573604839413129,0.4275535381794284,1.5322782901099754,0.514003294892916,0.1728992520897492,1.147034318564276,16.0,3.0,602.0,1529.0,306.0,1139.0,3.2493208479650724,3.090118160644479,0.281065769270407,0.3986871785630559,0.0,0.0032701111837802,4.835551458642133,0.0,0.646180860403863
"Delft, Netherlands",NL,False,,0.0065421346518126,0.015480422865112,0.000385476667343,0.0030806251713531,0.5696010973843832,,1.113198969886213,1.024154915935097,1.0980218859300916,0.0001353014426199,0.0003192884614979,0.0001602582555869,0.0003134277473617,0.0064406779661016,0.0228246692752002,0.9104749065671718,0.4925174296623702,0.6357107017835526,0.0084751197409711,,,,0.0338983050847457,0.2778088317495807,49.41649928740943,104.09566229551947,0.0551250360820654,0.6220338983050847,0.087199552822806,1891.0,1292.0,,,7.198376868698791,5.474927352667373,,3.6040677966101695,2.534376746785914,,,0.5116795045566793,0.992517429662371,262.69811021186854,235.98486642394263,0.986350797254266,0.957956942902988,0.9999801052470824,0.9997915019703192,0.6771760138076314,0.0752246078879244,,,,,,1.0646525277949683,167.0,2.0,5316.0,2267.0,2950.0,1789.0,3.227474710678586,3.2625466370903693,,,0.0,0.0026466696074106,,0.0189830508474576,0.6349916154276132
"Denver, United States",US,False,0.5.0,0.0005613618405499,0.0065476208232612,2.700385707399189e-05,0.001438248732389,0.0499388217151291,0.9622797635209828,0.3284951039366302,1.0440151929421386,1.033935361183801,2.4959331074891284e-05,7.899684007808773e-05,2.251514282062411e-05,8.205846331368609e-05,0.0148009284056418,0.0243612078977932,0.8923887512665762,0.749926173147869,0.3271564192864826,0.0012041376129641,0.6311653987642416,0.5419873191036252,2.7201036880937157,0.0130690948044991,0.0860917537746806,61.74859311439904,148.32467659749915,0.2003775144239441,0.6811997857525441,0.4213850174216028,6432.0,12590.0,16.033145180470473,31.38328635294205,5.8943139743715856,3.790023136804608,0.5108816521048452,3.786181039100161,3.251451800232288,165.8907459661477,3321.4958370193417,0.1520230320533568,0.9998845171646936,1091.2211375176598,3321.8794570775917,0.9796474646269122,0.9844985863109796,0.9998412106672108,0.999999384111438,0.8189653377725812,0.1618424398142572,0.5099534352447542,0.3090119025278268,1.2500349490440972,0.4657915885346906,0.3130649435510219,1.186655608103612,357.0,4.0,17672.0,22396.0,9335.0,13776.0,3.413119050331844,2.965740307114967,0.1490902983102537,0.4832736144366965,0.0002263467632412,0.000401857474549,8.280499938953273,0.0078200321371183,0.4925232288037166
"Derby, United Kingdom",UK,True,0.5.0,1.714481872184399e-05,0.0041003661011638,0.0,6.337537233031245e-05,0.0192079828040188,0.9881860612713406,0.3102148465029224,1.053033019160146,1.0822969783609175,7.703680476983249e-06,2.8561503427372692e-05,4.17115343327439e-06,2.940534642587852e-05,0.0075468700349539,0.0119085340092944,0.6824629344400288,0.6666532156577123,0.4726837583032875,0.0005491892117096,0.5919686374231828,0.3730063164121089,0.6642446834997253,0.0187480139815697,0.3929657794676806,151.65375536874438,154.68647565252863,0.0100426006026681,0.6379091197966317,0.0234157160963244,4073.0,19156.0,1.5965431509099557,7.508809378549254,2.403546751022834,3.50675617983674,0.2126226769680518,3.5506831903400062,2.237896070975919,104.9254923137868,5462.499763768551,0.0619183221581815,0.9999819797427488,1694.5790624903495,5462.598201193396,0.9637176687250664,0.963696598891894,0.9936443361738896,0.9972248298203398,0.6098681334347278,0.000407093606086,0.3937163257427122,0.2161518076920155,2.0399584620642366,0.451482158467774,0.0595262615859938,1.2119000244466358,801.0,3.0,11174.0,35314.0,6294.0,31560.0,3.573403223385835,3.576091613796722,0.0091865251323954,0.0067492156829467,0.0005369608018614,0.0011326952483434,2.1412407916249347,0.0092151255163647,0.5835551330798479
"Dijon, France",FR,False,0.5.0,0.0152649038720448,0.0157939692093992,0.0004855230847605,0.005742207075249,0.2024247244071317,0.9869344939538024,0.3735643930293318,1.0308652957489903,1.0669231078078194,0.0001195148313868,0.0003021172803659,0.0001163316581737,0.0003037206583079,0.0049101352603298,0.034087694483734,0.8621760079072607,0.4994149417625246,0.6208667659296674,0.0054572639192141,0.5818957521795586,0.4734937863772219,3.280763215091902,0.0583657587548638,0.1626591230551626,43.64213553207418,121.75548719626688,0.0744346448578931,0.6331295163979989,0.1532296086751532,1203.0,1776.0,28.828364318865383,42.55958024131749,8.787090816628117,4.846050360262145,0.6773648648648649,3.4874930516953864,2.8382838283828384,74.18542603168872,366.26960196803,0.5418737122283428,0.9994149417625252,136.90537916411668,366.4840164607633,0.9799156791093606,0.9682011800983434,0.99989588557474,0.9995949156555864,0.7902252732325106,0.4469868270926252,0.4177046527267856,0.372520620505725,1.2776981705482084,0.3960478708600056,0.2102902997403823,1.1662023594569693,85.0,2.0,3137.0,3010.0,1799.0,2121.0,3.4776716757520383,3.554485324679284,0.094025676691983,0.0262529305100827,0.0003187759005419,0.0026578073089701,8.782323145113835,0.0355753196220122,0.6841112682696842
"Doncaster, United Kingdom",UK,True,0.5.0,0.0002907950236613,0.0062079701135756,1.8565374468490148e-05,0.000171188904451,0.0272407705908451,0.9691066702830572,0.2121252493593204,1.0545643846192656,1.0750182064612162,3.26954283042332e-05,8.915712162839646e-05,2.276093800426897e-05,9.168950679979764e-05,0.0054713804713804,0.0127645615836613,0.6591135282423448,,0.4491433383522649,0.0006309578983182,0.5781337830241708,0.3827741640990528,0.5911782296794156,0.0252525252525252,0.3702721204860517,163.43975136360342,118.12564666349412,0.0568113608728076,0.6220538720538721,0.036453876433339,744.0,7358.0,1.308276027468276,12.938568561977922,2.21299764062308,4.642588215825491,0.1011144332699103,3.462962962962963,2.2962519253807976,43.17367397009145,1584.8918012841032,0.128418331495756,1.0000000000000018,336.19556855493227,1584.8918012841004,0.9697867687789028,0.9667624248143696,0.9964700897993458,0.9995464703152276,0.6769194618190194,0.0097857709600634,0.3360345055549839,0.3408849562640355,1.9348237698155475,0.4301982285955293,0.0741216245132023,1.1933354645267378,151.0,1.0,2057.0,13417.0,1188.0,11686.0,3.5356921227727187,3.573953370132183,0.0430600448324216,0.0086880027448392,0.0,0.0010434523365879,2.786930039987907,0.0042087542087542,0.5931884306007188
"Douai, France",FR,False,0.5.0,0.000528064516129,0.0276750869187309,3.875956102427669e-05,0.0117597511951325,0.1225504745988313,0.912343222370846,0.658835891651302,1.037958619750131,1.0658524283384665,0.00012968886817,0.0004474820302692,0.0001100137592138,0.0004482288308863,0.0036465036465036,0.0384420087931141,0.7082150969779963,,1.1807783793518063,0.0085487821582728,0.4929032258064516,0.4519774011299435,4.565441249431232,0.1261261261261261,0.2054616384915474,67.24939510345992,112.47665968514151,0.1720191039958462,0.398970398970399,0.1027308192457737,348.0,610.0,20.61526882633181,36.13595972431726,4.515504132026688,5.21475711654642,0.5704918032786885,2.9498069498069497,2.7048114434330297,14.33543074673354,116.97572607254732,0.186010622905913,1.000000000000001,77.06780678856506,116.97572607254718,0.975532751404086,0.961712953919946,0.9993959926391116,0.99722513398303,0.7995280714240188,0.2071912761567934,0.4504596674552347,0.3490684039687839,1.5548055322128795,0.2969657843770174,0.177429876060013,1.1112533045832516,91.0,1.0,1146.0,1040.0,777.0,769.0,3.3508439487008244,3.53348561616875,0.2005761620056352,0.0450237674809561,0.0,0.0038461538461538,6.929557583738252,0.0489060489060489,0.6905071521456437
"Dresden, Germany",DE,False,0.5.0,0.0001878474880725,0.0082332047905867,2.362948894357877e-06,0.0010774030129269,0.0371674580843072,0.887828990770349,0.5048308744035388,1.0299609929077842,1.0613720357914815,1.810907266853192e-05,0.0001061732477437,1.608930061632027e-05,0.0001070394892343,0.0074361526824028,0.0298633798633798,0.7907154972307922,0.4998930587430585,0.9678086668727608,0.0013762808325428,0.563221106517031,0.4523172905525847,2.2347647568197933,0.0272823904570686,0.2267597267597267,51.29106338573021,159.07956050519354,0.0055563326713802,0.5408054800992087,0.1632016632016632,4812.0,5207.0,14.658468248938638,15.86172987785193,6.559289161960176,3.583147147525217,0.9241405799884772,3.378528404393528,2.713097713097713,54.01144476543604,1453.0363790588513,0.0736235835976174,0.999893058743056,733.6160796060992,1453.191785214943,0.9843356117426412,0.9684100967822256,0.999999940923702,0.9995872634758566,0.8260632038380016,0.2694617739373038,0.5129214207330499,0.3131417831049514,1.410499353787107,0.3866737550948077,0.178489192601946,1.177290107544175,710.0,2.0,14303.0,9135.0,8467.0,6734.0,3.567811976048921,3.571959555957624,0.0142459915948673,0.0104941262990831,0.0002796616094525,0.0013136288998357,4.426759277471259,0.027518601629857,0.61003861003861
"Dublin, Ireland",IE,False,0.5.0,0.0006277437532688,0.0065740396087122,7.766987951226448e-06,0.000353283532009,0.0311300807894042,0.8250207360047087,0.1693940107760948,1.029654246295714,1.063369275922761,4.699755053721111e-05,0.0001437785998202,3.434234083613708e-05,0.0001402187154105,0.0063356607189035,0.0173228600982673,0.7607632628587655,,1.1609561830743569,0.000786636096745,0.4975414078674948,0.4038150662786938,1.8153180741749653,0.1237393328161365,0.3186578743211792,56.00513335445251,101.780291512529,0.0414492785731719,0.4266873545384018,0.0586695112490302,1274.0,7025.0,10.739844167576464,59.22088326312768,5.9162327089469215,5.526118579634228,0.1813523131672597,2.982932505818464,2.4224204809930177,39.57367443245129,1271.2358409914848,0.1837732080773036,0.9999999999999982,215.3397377478699,1271.235840991487,0.97894374822247,0.9650562699636264,0.9999373657301424,0.9996795134738664,0.8145900162339962,0.0038732706352923,0.4120883302869543,0.4025016859470419,1.7286025442563342,0.2945059211803533,0.1056792278966002,1.2085772445310914,250.0,1.0,3845.0,12490.0,2578.0,10312.0,3.4983282326873404,3.547379569660712,0.0760406571697487,0.0326249430983306,0.000520156046814,0.0028823058446757,10.716542254699046,0.0674941815360744,0.6225756400310318
"Dundee City, United Kingdom",UK,True,0.5.0,0.0002321699095353,0.0084249381699533,1.9307199380892266e-05,0.0005365766067179,0.0422667216188866,0.9951618539163936,0.3962831822383776,1.0545038544235334,1.060969172693753,4.029347543865127e-05,0.0001862726007554,3.51528419068759e-05,0.000187396640072,0.0103363567649281,0.010070313431057,0.7651102843543083,,0.7060051294617364,0.0016753171220342,0.6275066212637155,0.3938960419647115,3.800719486803917,0.0039682539682539,0.347872720772256,71.31208644705382,90.3301930947723,0.0445108857445088,0.691609977324263,0.0572041473006793,1224.0,3648.0,19.66702277170289,58.6154404176243,5.174552565635721,6.111556861180834,0.3355263157894737,3.7607709750566896,2.362531283518055,25.22908711609484,596.9019159702526,0.1066578737461075,0.9999999999999952,236.5421907448775,596.9019159702553,0.966570504013594,0.9694981471563988,0.9998234750716628,0.999935874058002,0.7821658447494139,0.0224304479792445,0.3716655129500994,0.4105003317993144,1.558569762378281,0.4882202668180528,0.0907627649110256,1.1645663278198066,167.0,1.0,3317.0,6608.0,1764.0,5594.0,3.436183614085273,3.4694802844956016,0.1296139924189633,0.1011087187089866,0.0012059089538739,0.0010593220338983,9.59091795250008,0.0022675736961451,0.5949231319270647
"Dunkerque, France",FR,False,0.5.0,0.0137229013295105,0.0199233039802627,0.0006430351267539,0.0051518351195121,0.4437762933841348,0.9780992751994612,0.6338041703250816,1.048964588461484,1.0650888001001433,0.0001546792421443,0.0002677993327942,0.000167780291464,0.0002720177313574,0.0065636424061149,0.0320212765957446,0.8944280311382071,0.6658863189073951,0.6237763567690214,0.0101372322120613,0.601962741184298,0.4840255591054313,4.470805253206728,0.0383848454636091,0.1335106382978723,51.82846769371212,108.5217333477065,0.0540247492839879,0.6036889332003988,0.1675531914893617,1247.0,1627.0,29.723178786310783,38.78076334027878,6.648283050350169,5.497758936341259,0.7664413030116779,3.608175473579262,2.901063829787234,131.33060901656995,295.62273306916416,0.7001788788428444,0.9989320974287792,187.5672245835441,295.93876683919564,0.9710974635972128,0.9680086939738208,0.9999943564528848,0.99989036464644,0.800751141065924,0.4868388683886839,0.4972294069446238,0.3035217341213003,1.2371914746650237,0.4317444472173696,0.2263648468708388,1.113071482912969,117.0,3.0,3619.0,2727.0,2006.0,1880.0,3.4813714616742075,3.41772091980407,0.0908173833813275,0.145221961053527,0.0005526388505111,0.0025669233590025,7.053922114323779,0.0179461615154536,0.6978723404255319
"Durham, United States",US,False,0.5.0,0.0077874437807346,0.0075894264254834,0.0004387012366702,0.0006194286094711,0.0526367309424232,0.9920902020120648,0.1134479322816461,1.104033446557536,1.072670650251624,6.915570127218232e-05,0.0001027033626657,6.204945927647246e-05,9.989715708191984e-05,0.0073212747631352,0.0260718641523595,0.8129998815429027,0.8993134789510129,0.3314420425094858,0.006596739367352,0.6420552677029361,0.4250656906906906,0.576534789821823,0.0,0.301998311286237,115.65283697317648,167.33639732814808,0.1064609343467536,0.7674418604651163,0.1519842386715451,594.0,4959.0,1.99133673298062,16.624644543520024,3.453974969309378,3.271323052269878,0.1197822141560798,3.842377260981912,2.5496763298620886,79.79204272178454,1514.0886989510389,0.4639725897493407,0.9988048526033152,171.9757685791134,1515.9004233956937,0.9532333399605264,0.9652452244786116,0.9945756567844452,0.9983524460394746,0.8363042946929637,0.0264022604937798,0.4180225551473733,0.4182817395455902,1.6647775961797908,0.4990278677900194,0.1381713239952136,1.2180179762627357,57.0,10.0,1487.0,9059.0,774.0,7106.0,3.5142741463964096,3.48633818808617,0.0620361519892249,0.0865015385136896,0.0013449899125756,0.0016558118997681,5.081932990991109,0.0,0.5458767238952997
"Düsseldorf, Germany",DE,False,0.5.0,0.0011263743462443,0.009212038275917,5.176668836267113e-06,0.0011100856351843,0.2633662595770545,0.9298691456546552,1.2501338347052573,1.0436985538398351,1.0747931208440744,2.6157366462476786e-05,0.0001159690941567,2.708578573478284e-05,0.000120760603891,0.0086803883806772,0.0311316092900675,0.8880179798069505,0.7991254605431903,0.7927711072543353,0.0042137329266811,0.5898238433449701,0.4382929642445213,6.823149566379068,0.0254573904670197,0.2418053039038049,50.459358202521415,148.69628116977222,0.0106521545506158,0.5669234472797304,0.1108548838741558,9759.0,4601.0,44.888046063229545,21.16301874545744,6.578786765046818,3.8774770391319495,2.121060638991524,3.538517091959557,2.6288914511612584,312.5094354099133,1185.4215617569428,0.2106704516474015,0.9990099733545929,1483.4042124377245,1186.5963237347823,0.9788952829351322,0.9636779305922376,0.9999618577743896,0.9981876696817464,0.8527952022534507,0.5883980798992734,0.5852024900415577,0.267592712211893,1.1406526767225855,0.4200800553766515,0.1576995962758507,1.1547792555062593,1176.0,5.0,29398.0,7980.0,16616.0,6071.0,3.5666360433758424,3.5697905444412523,0.0153084335517087,0.0124570844799609,0.000340159194503,0.0015037593984962,5.457935284175197,0.0204020221473278,0.6470103772030967
"East Staffordshire, United Kingdom",UK,True,0.5.0,0.0023511777066349,0.0101538506869851,6.377181498472628e-05,0.00045055188041,0.0497002410226862,0.9816497171505856,0.2200291018432572,1.0446220180693222,1.0824098335652426,7.341179522209814e-05,8.386275737756478e-05,7.400836806102415e-05,9.293198577881088e-05,0.0058558558558558,0.0138075941767972,0.6727040093974341,,0.4584841317165842,0.0012302420940364,0.6079494128274616,0.3739489489489489,0.4585584873095105,0.004054054054054,0.3932913102206213,132.87536891310307,163.18974939116328,0.1086012530196848,0.6743243243243243,0.0290409725348941,500.0,2695.0,1.2819621335083613,6.909775899610068,2.7956349494913675,3.3155024434281266,0.1855287569573283,3.637837837837838,2.242683475911752,40.39874855819665,812.8481417173831,0.2258803067700171,0.9999999999999984,178.85024655703674,812.8481417173844,0.9638752581606068,0.9639351057719814,0.99531785008289,0.9968569048638236,0.5940396841767966,0.0067293233082706,0.4064598678718655,0.1875798163049311,2.3700011543659905,0.4664406779661016,0.0608176596463565,1.129811041958618,82.0,1.0,1346.0,4981.0,740.0,4442.0,3.4357273480458144,3.560423313045522,0.1300014117679977,0.020912057370908,0.0,0.0006022886970487,2.08408107594865,0.0013513513513513,0.5776677172444845
"Eastbourne, United Kingdom",UK,True,0.5.0,0.009337760317074,0.0136546027988242,0.0026962301104428,0.0017364808373876,0.1919036776800012,1.0,0.4254867116179228,1.0457003999636891,1.0725358279586523,0.0001139105520196,0.0002486644718578,0.0001097144695466,0.0002510208754274,0.0033955857385398,0.0144922023583111,0.8416921055598747,,0.2459723568541494,0.0034885989755594,0.6439522998296422,0.3969039461997208,2.678200040574242,0.0288624787775891,0.3400532521871434,107.552843715333,91.63939359865576,0.1088567604288988,0.7724957555178268,0.0589577786230505,466.0,1735.0,10.232788002194235,38.098470351517165,3.8207706098011216,6.052719222595576,0.2685878962536023,3.850594227504245,2.379612019779384,55.00880984729084,286.6480231765952,0.4510215535293291,0.9999999999999998,121.96492477318762,286.64802317659525,0.9699149700356332,0.965552035229392,0.9972110841011994,0.9995885547639004,0.8150008080161485,0.1107126150007796,0.3401002132552023,0.474900594760946,1.6073795324886682,0.4901960784313725,0.095183704549781,1.141593502179533,30.0,1.0,1134.0,3128.0,589.0,2629.0,3.4167100262414523,3.5572349756226367,0.1460724713670802,0.0237815962564538,0.0,0.0025575447570332,6.2944387390861785,0.0186757215619694,0.600988969189806
"Ector, United States",US,False,0.5.0,,0.126797385620915,,0.073109243697479,0.0,,0.0,,1.1165592959742885,,0.0016911276898461,,0.0016962494199003,,0.0648148148148148,,,,0.1060898033997896,,0.5294117647058824,0.0,,0.1111111111111111,,174.55512146377717,,,0.2222222222222222,0.0,32.0,0.0,10.511573343554703,,3.394873708793268,0.0,,3.0,0.0,9.425976559043969,,1.0,0.0,9.425976559043969,,0.9389720087400752,,0.9999999999914166,0.793635707671184,0.6242424242424243,0.2547440408078695,0.5388916668633145,2.019867730278929,,0.2835820895522388,1.0073880168598266,0.0,1.0,0.0,54.0,0.0,36.0,,2.719680201553312,,0.6317330191263113,,0.0,3.0963076229693143,,0.6666666666666666
"Edinburgh, United Kingdom",UK,True,0.5.0,0.0004984043419448,0.0053790888190675,9.015777203868686e-07,0.0001937053835644,0.1046152839263775,0.9477187227664968,0.552977487629355,1.045784683760255,1.080972558096008,1.2849716682268426e-05,0.0001189155532837,1.1053393728079791e-05,0.0001203405015895,0.0120406528487033,0.0166599086313626,0.7942885876384742,0.666568518772549,0.7282701671761066,0.001980575446035,0.6186899038461539,0.3943818098250736,3.068838832429698,0.0123160108140582,0.3427134863352526,67.80000378447312,103.83980912126404,0.0135780164394828,0.6557524782216881,0.0502797826615846,4389.0,8105.0,16.080603613881355,29.69544139678933,5.2399635471080845,5.350854663371274,0.5415175817396669,3.71102433163112,2.3659070634985,158.4619522611124,1514.5580178800035,0.1891854302692664,0.999898807269534,837.6012467533809,1514.7112956518786,0.9685375986187292,0.962474000956878,0.9995648967117672,0.9995861052836325,0.8123329370592679,0.0652985551719728,0.4358501052821497,0.3764828317771181,1.3259675480951203,0.4737435203966644,0.0916169850346757,1.1973771097047723,610.0,3.0,12354.0,14587.0,6658.0,12331.0,3.55564115331868,3.5370716435380825,0.0252144751724203,0.0418312893173584,0.0004856726566294,0.00178240899431,5.549663234186946,0.0034544908380895,0.6070067310031627
"Edmonton, Canada",CA,False,0.5.0,0.0036882055235647,0.0041731584215967,2.996343025043951e-05,0.0002704290924725,0.3455781154744713,0.9890160726645304,0.6093243126214226,1.0711511023587854,1.1162952936549138,1.8478087678756814e-05,6.628059769492783e-05,1.9222596536873043e-05,6.438479618082395e-05,0.0223093707613375,0.0338488258226631,0.9037063661650552,0.8321509497206176,0.2380584471576653,0.0013598887469818,0.6760837511058685,0.4536652068666038,3.426754765816032,0.0034204163472312,0.2350756609944016,78.17660935648594,179.71266482176034,0.0428030102923676,0.7498378250869847,0.1916190898508951,12772.0,13799.0,16.279668520378483,17.58872110184017,4.750753886090159,3.1275174699338373,0.9255743169794912,4.056024060859822,2.721689485061804,1524.734061847818,4404.236305215512,0.56714972358108,0.998211898418608,2688.415419160195,4412.125634039038,0.969502250573252,0.9476804520302724,0.9988210972014788,0.9999058815187684,0.7833478935279948,0.2119486994962475,0.5349159606409005,0.2484319328870945,1.1318979460243657,0.5329558524285588,0.1806136873908584,1.1521880203771062,640.0,6.0,34389.0,24551.0,16957.0,18041.0,3.3819629039502184,3.154168544263967,0.1750494299773113,0.3526281498011387,0.000581581319608,0.0050914423037758,5.623860224899802,0.0033614436515893,0.5732498198547752
"El Paso (CO), United States",US,False,0.5.0,0.0004426766557771,0.00435219858516,1.1710006999390548e-05,0.0002202019449308,0.032679653241636,1.0,0.1367164639681039,1.1521121996240995,1.052279863198773,2.3049528015237703e-05,4.098241184490115e-05,1.7064540496321864e-05,4.152722769102562e-05,0.015618086894965,0.031651826186307,0.798090591929491,0.9540915881780418,0.2313474162104752,0.0031064197108659,0.6784417884019478,0.4715029124284313,0.3686873415185528,0.0021237058667374,0.1905294139562609,126.35270367108004,186.54799380467625,0.0866647456790263,0.8107247146270241,0.209194888416974,3055.0,21727.0,1.1632848618804432,8.273221012790962,3.155206948763402,3.067871866272031,0.1406084595204124,4.068489514202283,2.82880667635334,231.440834862452,7074.623909936754,0.239032317638498,0.9989432345814148,968.2407682314864,7082.108036800729,0.956952723973084,0.974795276107238,0.9991286331147298,0.9999970638159658,0.7735938914518691,0.0092148399427869,0.3547519937464992,0.4188418977053699,1.6466708660383498,0.5472174259529818,0.2076308288466196,1.2447753508624506,224.0,22.0,7663.0,37964.0,3767.0,26841.0,3.5327510502305906,3.385806423628079,0.045677060957448,0.171868774503925,0.0005219887772412,0.0009482667790538,2.696729646288744,0.0002654632333421,0.600275697626765
"Erfurt, Germany",DE,False,0.5.0,0.0008537926012922,0.0109800160871788,1.50659120525021e-05,0.001462171705622,0.0985565161244596,0.9807215510576984,0.6393903529299457,1.0288109311022715,1.0726314823102745,3.2513757722564054e-05,0.0001376380205292,3.140878439578277e-05,0.000138859780298,0.0088944653561968,0.0267420930830547,0.794573575472485,,0.7297776470279852,0.0013331793922674,0.6087168758716875,0.4239773604322099,1.7791665565927994,0.0121288163948138,0.2784777577783492,54.94307905645225,151.71654568127892,0.0301833632269312,0.6551652028439984,0.0989971715093854,3224.0,2806.0,11.960081857977004,10.409426083586684,6.722294668623498,3.740901374702475,1.1489665003563792,3.65077373483898,2.542555926973515,73.92592226979748,750.086601848242,0.1541413874526472,0.9999999999999988,479.5981370837717,750.0866018482429,0.9833048587091472,0.9649036584633776,0.9999967130555836,0.9989955026121168,0.8164308828418515,0.4893732608983702,0.529406453247577,0.2870244295942744,1.210547863617847,0.44952400878753,0.1358548822848321,1.1111702957773928,350.0,1.0,8729.0,4944.0,4782.0,3889.0,3.5462670038715056,3.5359435035064006,0.0336207310924009,0.0428361957716998,0.0,0.0012135922330097,2.7825983742794014,0.0190296946884148,0.6225250707122654
"Escambia, United States",US,False,0.5.0,0.0007747718949112,0.0059636191756068,0.0001614133138667,0.000355530865912,0.0096731210460907,1.0,0.0743873306231792,1.4562697556194797,1.0778171224923363,6.443401247676669e-05,5.632032171298431e-05,5.324418410343582e-05,5.9844835670377845e-05,0.0225694444444444,0.0269712328450091,0.7275624521779758,,0.2163589064386293,0.0002514743985393,0.6465583913379737,0.4390667314769808,0.130456287190856,0.0127314814814814,0.2714712212733458,176.91673798776563,209.6340310051483,0.1869905827337374,0.6539351851851852,0.1766992987572033,566.0,10493.0,0.2496182011440011,4.627639195413435,1.9134240788166283,2.6387208638736346,0.0539407223863528,3.87037037037037,2.634034576129973,38.46562951248598,3976.547934136643,0.1300372115124208,0.9999999999999962,295.80478591554413,3976.547934136658,0.9158603092788816,0.9653807912287604,0.9961314395477888,0.9999714004509226,0.8114837019913022,0.0249493079432248,0.3397861137661102,0.4716975882251918,2.0625674316773424,0.506094022054556,0.1585708829554529,1.1924075384246775,64.0,1.0,1672.0,18969.0,864.0,14403.0,3.5010857584537725,3.2865693445851862,0.0736263919506641,0.2520302991203365,0.0059808612440191,0.0033739258790658,1.7537433605690576,0.0011574074074074,0.5518294799694508
"Exeter, United Kingdom",UK,True,0.5.0,0.0023374801995413,0.0097225572118011,7.834598198453791e-05,0.0004245382763493,0.1609146195055305,0.990529340032362,0.5330296609527906,1.0565167700771216,1.0894951291541224,7.34631045808466e-05,0.0002264065443746,5.161312026734557e-05,0.0002243557752189,0.0063371356147021,0.0107127704709376,0.8571423301378764,,0.6778900683634326,0.0023616700215883,0.6293275330795722,0.3687040181097906,4.714996892267841,0.024443237370994,0.4085702163767501,65.00585025959172,81.24120869446635,0.0331228346496125,0.6865833785985878,0.0277895630038184,1277.0,2788.0,26.67719408701379,58.24276986264248,5.6579452111117865,6.584336020188447,0.4580344332855093,3.771863117870722,2.2112855324565124,68.13594534146802,423.42917971555966,0.301886801604803,1.0000000000000024,225.70031210130247,423.4291797155586,0.9666546559674168,0.9583862264614532,0.996016268682408,0.9978830917526192,0.8106598871423866,0.1883507818535389,0.4052790404284112,0.4053808467139754,1.3989520353633005,0.4851781343486538,0.0529555343308925,1.161332372821977,153.0,1.0,3472.0,5212.0,1841.0,4714.0,3.546277180041027,3.570462748730624,0.0336116253637143,0.0118489471530235,0.0,0.0026861089792785,8.84565576302036,0.0070613796849538,0.5636402206194315
"Falkirk, United Kingdom",UK,True,0.5.0,0.0036121363563421,0.0179827134625458,0.0001578941335595,0.0025900847537306,0.3047345587947401,0.9997930143205956,0.8523184617787476,1.0567347669507157,1.0790869171885915,9.833500714493276e-05,0.0003304576439151,9.435527737855536e-05,0.0003253551808241,0.024735632183908,0.0127673796791443,0.8233082254171114,,0.4408714108282218,0.0064786697020575,0.6708160442600276,0.3772869254796965,6.4605131933845925,0.0027586206896551,0.3856951871657754,90.41761832648804,91.27893267974454,0.0312549551777325,0.6772413793103448,0.0307486631016042,491.0,919.0,24.1119566038746,45.13011836855552,3.732204529597533,5.953897456190863,0.5342763873775843,4.0137931034482754,2.2606951871657754,47.03659436411171,154.35267516144793,0.3575360296182882,0.9999999999999994,131.55763466504007,154.35267516144802,0.9662026733421905,0.962247555620804,0.994771074748524,0.9996012537989182,0.8095821271791678,0.0434820494945974,0.4542485523972848,0.3553335747818827,1.6864836514807795,0.5453287197231834,0.0656176765985939,1.190544050237602,58.0,1.0,1455.0,1691.0,725.0,1496.0,3.45598996704608,3.513192690013097,0.1127131220391034,0.0629892712275248,0.0013745704467353,0.0005913660555884,7.579928727463925,0.0,0.5835561497326203
"Faro, Portugal",PT,False,0.5.0,0.0009285890209919,0.0166029517303269,0.0003480682213713,0.0037313975258364,0.0125541200518117,0.9825865948406692,0.0675029720780973,1.123543652912783,1.0878664856036435,0.0002384118005237,0.0001440154039666,0.0001683591695777,0.0001507144393681,0.0,0.0294548286604361,0.6433191165702665,0.6665671361731149,0.780009296410496,0.0056413870453129,0.5680473372781065,0.4343623323978796,0.1767118192233162,0.0,0.2462616822429906,124.64238909667692,190.87728353902497,0.180832983520558,0.5555555555555556,0.0934579439252336,95.0,1613.0,0.4676607810385993,7.94038778752906,2.646460112821326,3.033185768029921,0.0588964662120272,3.3684210526315788,2.603738317757009,6.676081582937362,531.7277876465787,0.1859787749387872,0.9998940842874388,35.897008059842946,531.7841119397236,0.917733885179956,0.955684579709331,0.9941404570193704,0.996573207366872,0.4400335980089671,0.0182013776829247,0.2135010574965932,0.2265325405123739,2.4366623082347214,0.43026706231454,0.151812865497076,1.0739428500917323,28.0,3.0,288.0,2786.0,171.0,2140.0,3.4226639740615674,3.5534926588795006,0.1410570506394097,0.0271443502776513,0.0138888888888888,0.0014357501794687,2.6178376119331483,0.0,0.6602803738317757
"Fayette, United States",US,False,0.5.0,0.0004174292447279,0.0057545854087754,4.958675994625884e-06,0.0003760116125749,0.0281335466578733,1.0,0.1870306547612038,1.2229153935588546,1.081144822905868,3.974576240731656e-05,9.866412418244516e-05,2.689319427446553e-05,9.839173397360858e-05,0.041422479020498,0.0263354423814956,0.7172640717447776,0.8329513588747537,0.5564339687254404,0.0026017552375523,0.6783698196337602,0.4186118892001245,0.5829060081039037,0.0045398266611638,0.3115859350689762,87.54171386661423,190.51098352389607,0.0320506775421263,0.6702434997936443,0.1335960999896276,1625.0,6635.0,2.1961110131672217,8.966890198378163,3.767521663245169,2.8771076668599838,0.2449133383571967,4.066859265373504,2.5111502956124885,64.87976943828208,2304.3765754833385,0.1504221149938951,0.9992373040927908,431.3180242208083,2306.135455556762,0.936056659633712,0.9604783294064282,0.9931183973311684,0.999147304281149,0.8538170490703901,0.026390977443609,0.5341519571417632,0.3196650919286268,1.7166965690324372,0.5668250361495559,0.1281319707423354,1.255451072161968,240.0,6.0,4927.0,12105.0,2423.0,9641.0,3.548170166309012,3.520395505863789,0.0319170178672003,0.0566320855583318,0.0032474122183884,0.0023957042544403,3.116633521109915,0.0004127115146512,0.5546105175811638
"Ferrara, Italy",IT,False,0.5.0,0.001366846528587,0.0067170014374789,3.166226472424697e-06,0.0003108136786337,0.0416363094569885,0.9937926012693036,0.2016562058530758,1.0560659685667562,1.0669986902502215,2.9976508738137336e-05,2.932999051425229e-05,1.6130457196689107e-05,2.96669110124534e-05,0.0045698216011951,0.0229066364580383,0.7543031027407663,0.6665965012176123,0.4234142162550401,0.0006758636228568,0.6085465576365076,0.4229098805646037,0.3402726446275869,0.0023727919852359,0.2781081846502407,129.33168184714788,247.74043115076697,0.0169718276308886,0.6736092802530979,0.0922543188898329,2559.0,10196.0,0.9727999685440418,3.875993934847617,2.858883850650785,2.297035166216052,0.2509807767752059,3.649354073292908,2.537099971679411,184.8138058429384,4438.398265064758,0.2064717486915538,0.9999173103693664,895.1045700641105,4438.765304928292,0.9674784092944194,0.9636875628705016,0.9999532042897112,0.9999055852863068,0.3898090634174783,0.0356442160424287,0.1959171581168677,0.1938919053006106,2.1998686849887954,0.4626038781163435,0.1344049853060935,1.1457906689903332,379.0,3.0,6921.0,17917.0,3793.0,14124.0,3.5524612050975928,3.5662843350309683,0.0280701694317649,0.0156260867996262,0.0002889755815633,0.0017860132834737,1.6873898980104052,0.0010545742156604,0.6296374964599264
"Firenze, Italy",IT,False,0.5.0,0.0047451634881127,0.0122820899341661,0.0006599810676079,0.0029396527155198,0.1413419420418493,0.9913186109301868,0.3836742750053392,1.0343154020980254,1.080525929987996,7.937733807466452e-05,0.0001843748504691,7.564925173853953e-05,0.0001835043101856,0.0051137549572114,0.0303141276041666,0.8724974121931808,0.6660745363435472,0.4906729068526611,0.0039494805273032,0.6247911445279867,0.4693046735059437,2.845748033264103,0.0209768315591734,0.16845703125,48.710765664161904,131.7823675593798,0.062776115147092,0.7554790231684408,0.145751953125,2470.0,3406.0,24.11845248489716,33.258076584437134,8.475259300182328,4.483976891998342,0.7251908396946565,3.7463994990607374,2.814453125,107.3624298674724,758.981549399811,0.3683904583904731,0.999194283312346,291.4365109686807,759.593566612265,0.9747990251360372,0.9626937347069044,0.9999999812329056,0.999637754998496,0.7156435844049261,0.1478931179828614,0.4555806093483748,0.2600629750565513,1.3192996156137409,0.4593451355162149,0.2041040674239648,1.1704126237277266,143.0,3.0,5983.0,5764.0,3194.0,4096.0,3.446499002915312,3.5330490447014427,0.1208320931777812,0.0454120635771112,0.000668560922614,0.0008674531575294,7.417093661607885,0.0178459611772072,0.685791015625
"Flensburg, Germany",DE,False,0.5.0,0.0038550172861605,0.0183582932573016,0.0,0.0034294843664514,0.8164012275181535,0.933232632893218,1.6076079741667524,1.053842713046209,1.0928607520153462,3.771519321136366e-05,0.0002261311015875,3.884084226605574e-05,0.0002234270282762,0.0128377872595254,0.0289613990189805,0.8035434466881521,,1.2114019521543764,0.0034963365138322,0.6100501759904141,0.4065769805680119,8.106651788628682,0.003817651021783,0.3262955854126679,56.44461566380089,150.21725796580947,0.0136188002339368,0.5490680440152707,0.0882917466410748,2457.0,1053.0,43.31913233744635,18.56534243033415,5.343652776379359,3.681642349065327,2.333333333333333,3.658657085111161,2.436340371081254,233.5019024308169,286.0136591669009,0.507836015146234,0.999999999999999,459.7978391973221,286.0136591669012,0.968455299417174,0.955597681224536,0.999907435713866,0.9977948510414678,0.8686971977385124,0.7729305376130379,0.5773365008569764,0.291360696881536,1.1929586501599858,0.4774744410740366,0.1095802627363024,1.1158795141593076,557.0,1.0,8146.0,1904.0,4453.0,1563.0,3.542737430899641,3.547323960891423,0.0367764370768582,0.0326747272012677,0.0002455192732629,0.0031512605042016,5.0426795082491935,0.0026948124859645,0.5854126679462572
"Florence, Italy",IT,False,,0.0047451634881127,0.0122959411104012,0.0006599810676079,0.0029716585753713,0.1413433135838636,,0.3836779980714043,1.0343154020980254,1.0805294521988222,7.937733807466452e-05,0.000184722744618,7.564925173853953e-05,0.0001849712151408,0.0051137549572114,0.0303141276041666,0.8724974121931808,0.666074530597683,0.4906729068526611,0.0039495188519392,,,,0.0209768315591734,0.16845703125,48.710765664161904,131.7810887931667,0.062801477655631,0.7554790231684408,0.145751953125,2470.0,3406.0,,,8.475259300182328,4.4840204032350615,,3.7463994990607383,2.814453125,,,0.3683904583904731,0.9991942754939004,291.4365109686807,759.586195803813,0.9747990251360372,0.9626868579082272,0.9999999812329056,0.9996348679457744,0.4925215724996501,0.0171255704250628,,,,,,1.0816634833633216,143.0,3.0,5983.0,5764.0,3194.0,4096.0,3.4464990029153117,3.5331195507345625,,,0.000668560922614,0.0008674531575294,,0.0178459611772072,0.685791015625
"Foggia, Italy",IT,False,0.5.0,0.0108363335947924,0.0349697779452459,0.0004188657116528,0.0099578660020176,0.051352505288325,0.9664246580675252,0.14226645991151,1.1032865092388129,1.0668124653305169,0.0001824947075719,0.0001045648437227,0.0001703527691958,0.0001091774189523,0.0028818443804034,0.0072815533980582,0.7527281617553978,,0.6983921117547548,0.0023656612707017,0.5932367149758454,0.3780487804878049,0.11976145265958,0.0028818443804034,0.3980582524271844,97.94484737652476,909.0640579201284,0.3193433482319791,0.6887608069164265,0.0533980582524271,240.0,248.0,0.4779454504556641,0.4938769654708529,3.990812067170028,0.5866839951340291,0.967741935483871,3.5389048991354466,2.2572815533980584,21.70746333142288,422.7147869328602,0.3609600275445554,1.000000000000001,60.13813628918619,422.7147869328597,0.9708326783663264,0.9547846427956936,0.999994993613079,0.9958544336692862,0.438324112475145,0.2937620432992028,0.1817812543393524,0.2565428581357926,1.93362020339718,0.4484760522496371,0.0659340659340659,1.1501783421353604,42.0,1.0,614.0,465.0,347.0,412.0,3.341363797238086,3.5315262620026675,0.2082729626217692,0.0467658413934067,0.0,0.0,0.8418108718953988,0.0028818443804034,0.5485436893203883
"Forlì, Italy",IT,False,0.5.0,8.693679077443458e-05,0.0078896320458358,1.6107380230523914e-06,0.0003879276856093,0.0099354673088944,0.9712434713294742,0.1786456249341903,1.1251048187079402,1.2022704549879484,1.4224551461994096e-05,3.731064246212251e-05,1.1491587637262371e-05,3.788046513070871e-05,0.0035765379113018,0.0251370358878891,0.705210271231048,0.7499509406480427,0.5438109654536631,0.0008374952566339,0.5816782966541421,0.4245927075252133,0.3586065971420826,0.0160944206008583,0.2724945702761402,131.22695601452074,290.89143393291675,0.024044484866379,0.6121244635193133,0.0903661185231151,2296.0,9379.0,0.964984057679967,3.941892629346869,2.6909266738827813,1.9637170029923896,0.2448022177204392,3.488197424892704,2.547161030096184,47.45324695367114,4775.855622861723,0.0556155087064375,0.9999391076287852,853.2376680064139,4776.146453744561,0.9540160551141776,0.9416140215614917,0.9994167420927824,0.9988078616889358,0.3931441250578534,0.012579841096744,0.2200939425949377,0.1730501824629156,2.010014768869019,0.4345725405985773,0.1369719539159781,1.102864712294947,464.0,4.0,6502.0,16419.0,3728.0,12892.0,3.5282958668626057,3.5581912153856665,0.0496345331133432,0.0229214120218995,0.0003075976622577,0.0025580120591997,2.007362885456538,0.0037553648068669,0.6371393112007446
"Forsyth, United States",US,False,0.5.0,0.2156862745098039,0.0636043855641845,0.1764705882352941,0.0249225927617887,0.3404358338947756,1.0,0.3404358338947757,1.4558670143452688,1.2173542648523792,0.0013966665449928,0.0005732018636685,0.0013251812835343,0.0006049858930312,0.1111111111111111,0.0508333333333333,,,0.0690808260097609,0.0235175886087728,1.0833333333333333,0.4579124579124579,2.493741814850693,0.0,0.205,278.38070766629187,156.32855261631045,0.8128813413661732,0.9444444444444444,0.13,17.0,159.0,2.9285856552244254,27.390889363569627,1.174374042165936,3.739296588794888,0.1069182389937107,5.777777777777778,2.72,14.475796798647172,42.52136631163642,0.9999999999999998,0.9999999999999994,14.475796798647176,42.52136631163644,0.8049077174413252,0.9408603074476548,0.9444844566759798,0.9971491967724008,0.8640403493105172,0.406060606060606,0.2312317807154413,0.632808568595076,2.035731229032403,1.1290322580645162,0.1848101265822785,1.1297421225118711,1.0,1.0,52.0,272.0,18.0,200.0,2.843976686834875,3.3940046290883865,0.5598741471902646,0.1650640062293283,0.0,0.0110294117647058,7.325144907105978,0.0,0.665
"Fort-de-France, France",FR,False,0.5.0,0.0333333333333333,0.0151764420490687,0.0,0.0028309620894519,0.0045521793241864,1.0,0.0047449992624701,1.1365917570555517,1.1388787283032902,0.0035788403594371,0.000256416808401,0.0012656111791675,0.0002567420972079,0.0,0.0235795454545454,0.459363547259364,0.6665761829826411,1.214181230297317,0.0086419335633987,0.6666666666666666,0.4183590576766856,0.0375719701177711,0.0,0.2930194805194805,274.53342632525283,112.34450939541064,1.907019995698962,0.2,0.0925324675324675,1.0,1741.0,0.0228095904511446,39.711496975442905,0.6070906151486585,5.015202111292416,0.0005743825387708,2.4,2.508116883116883,1.5802641703239708,347.09903587367705,0.959363547259364,0.999868935980027,1.6472005579515172,347.1445340318189,0.9114445518433516,0.9444063864392324,0.933672175745091,0.9976441234432384,0.750198184615168,0.0114614155018195,0.3034324646250951,0.4467657199900728,2.307672345157848,0.6,0.1277676213690839,1.0835129648522068,2.0,3.0,6.0,3090.0,5.0,2464.0,1.5241172443846085,3.546143622842984,0.9960654618032456,0.0337311301413478,0.0,0.0022653721682847,7.918224648619249,0.0,0.6140422077922078
"Frankfurt (Oder), Germany",DE,False,0.5.0,0.003583160701097,0.0204382402956036,0.0003801391866169,0.0057475019234821,0.1540406304314101,0.9952166019384084,0.5943536995178074,1.0239445757480847,1.0934091787300066,9.561138236945202e-05,0.0001991689165746,9.359261635911806e-05,0.0002125073827079,0.0006449948400412,0.0359506618531889,0.825177712739289,,0.4426709887706275,0.0032887892480628,0.6310077519379845,0.4243520192887282,1.2236061804672795,0.0162538699690402,0.26985559566787,74.00537552960706,215.95402415816324,0.0528685323665705,0.7438080495356038,0.0812274368231047,966.0,809.0,6.540483615112615,5.477485760482511,5.345252189405327,2.6606305016828475,1.1940667490729295,3.780185758513932,2.5415162454873648,46.838097187937,304.06326601469385,0.2591733349289852,1.0,180.72112704330044,304.06326601469385,0.9850770196500612,0.9472914761184988,1.0,0.9981064675493404,0.8573601265911296,0.6890676049258607,0.5429543398883491,0.3144057867027804,1.2828390042235205,0.4769290422644436,0.1361374943464495,1.084796756973028,80.0,1.0,2442.0,1408.0,1292.0,1108.0,3.541409034037505,3.5128465118664054,0.0379627879421959,0.0632942658155095,0.0,0.0078125,2.0587171939200144,0.0038699690402476,0.6489169675090253
"Frankfurt am Main, Germany",DE,False,0.5.0,0.0007432024233438,0.0090622263115768,4.226611339761132e-06,0.0013814924757908,0.2196161695171393,0.9433773882535404,0.9264765331080118,1.033069699610325,1.072001559017212,2.784494860842457e-05,0.0001195233806745,1.9219110764971343e-05,0.0001197485064097,0.0078389945284143,0.0324978865184743,0.8549553732342463,0.7497030690378061,0.5964566634486543,0.0029590527534194,0.567295188556567,0.4646570163657165,5.0476420689248425,0.0395741914513245,0.1879755333432791,59.80879185634416,144.71512080996143,0.0160607369548323,0.5519258898098488,0.1600775772042369,7168.0,5442.0,28.889820327236635,21.93337084553875,5.723428866934343,4.025791271027156,1.3171628077912532,3.4032179424670894,2.787110249142175,296.87361168313544,1351.159178203127,0.2370445032000996,0.9995378216424796,1252.3961014718466,1351.7839434858497,0.9815014386077264,0.9690553582621012,0.9999991236923212,0.9996130118627876,0.8229913046567952,0.4244455638651012,0.5620904688973715,0.2609008357594237,1.198817926051919,0.3812329824846588,0.197149466457727,1.1375114833374775,747.0,4.0,20940.0,9341.0,12306.0,6703.0,3.554684395395008,3.5469436125958684,0.0260741146879013,0.0330152020760083,0.0001910219675262,0.0017128787067765,5.448213622844532,0.0305542012026653,0.6517977025212591
"Freiburg im Breisgau, Germany",DE,False,0.5.0,0.0042455026664492,0.0136818032302978,2.6537563293585902e-05,0.0026221157385011,0.4507879787496213,0.9398487081681904,0.8588204344689286,1.0361213282972712,1.0815105168980546,6.191039022521955e-05,0.0001523173281571,6.578622170724319e-05,0.0001642134626949,0.0125567502986857,0.0274445257254328,0.8581922390081127,0.6664137312650102,0.7741733886553994,0.0051943431718696,0.5925062746504123,0.4353343094192289,3.24359560142204,0.032437275985663,0.2549378200438917,50.02651699490023,161.8697777692758,0.0289592626950379,0.5772401433691756,0.1185076810534016,3358.0,2037.0,21.959093560131823,13.320629416911412,6.769984997668831,3.52695901369948,1.6485027000490915,3.553763440860215,2.6100950987564007,260.3532133904236,577.375003015513,0.5248920037963191,0.9996946348406128,496.0129160044357,577.551367080776,0.9830712592683626,0.9608825817955846,0.9999885005718504,0.998510888858643,0.7995356390383326,0.5098374349418493,0.513934010654556,0.2856016283837766,1.2146361549456806,0.4230389959659346,0.1532125205930807,1.1130032675750647,384.0,3.0,9915.0,3568.0,5580.0,2734.0,3.552044913225372,3.522668171613337,0.0284437026261403,0.0546217764068704,0.0,0.0008408071748878,3.776803009383204,0.0245519713261648,0.6265544989027066
"Fréjus, France",FR,False,0.5.0,0.00651868945765,0.0197517048413361,0.0003496482234829,0.0031737425503599,0.0855835978395819,1.0,0.3916222179176349,1.0797529892948454,1.1656205310431411,9.756004407491572e-05,0.0001720607486796,8.880431507418496e-05,0.0001847667457442,0.0063768115942028,0.0127381716977092,0.7114529513666255,,0.4746443073588008,0.0033193081494613,0.5904595695171612,0.3965702036441586,1.1250950976323653,0.0191304347826086,0.3558124598587026,116.23949331682728,162.8473513759984,0.1131521540898915,0.6208695652173913,0.0854206807964033,365.0,1003.0,3.4806659627660927,9.564679344258606,3.093663789035041,3.329266073909691,0.3639082751744765,3.530434782608696,2.376364804110469,25.783565124398383,301.2676000455968,0.2185361144591179,0.999999999999999,117.9830857165797,301.2676000455971,0.9613471050325192,0.9307676974189414,0.993641589024974,0.989181799441569,0.7672850582517776,0.0462464364903389,0.4420901494278133,0.3251949088239643,1.69939031224168,0.4331877729257642,0.0945641685429398,1.1342315717724645,56.0,1.0,1015.0,1850.0,575.0,1557.0,3.48751645738932,3.5512649554935454,0.0854761797718448,0.0291433551284939,0.0,0.0021621621621621,2.872909263460105,0.0139130434782608,0.558766859344894
"Funchal, Portugal",PT,False,0.5.0,0.0020948590671535,0.0140103368187532,0.0006166495375128,0.0042897842897842,0.0078419319729561,1.0,0.0542159725445657,1.1824221281777767,1.192732044120853,0.0002690598491736,0.000257808815771,0.0002360786860444,0.0002601064912219,0.0,0.021426312460468,0.5260624142581087,,1.1641080753348032,0.0024274327481253,0.4940047961630695,0.4213358657803102,0.2930123848539012,0.0992907801418439,0.2784629981024668,108.42085447840402,154.75501875011835,0.2136750638263015,0.4893617021276595,0.079696394686907,69.0,1521.0,0.9052218366663828,19.954237877819832,3.0893637383885166,3.692125209898648,0.0453648915187376,2.921985815602837,2.52561669829222,3.230545513160908,411.9578599128149,0.1446424661387395,0.9999999999999996,22.33469602255123,411.957859912815,0.9229307164990528,0.9320971320815202,0.988431850317126,0.987135538870708,0.7236019461788624,0.0304237776608275,0.2958928102301437,0.4277091359487187,2.1982419829826747,0.3285198555956679,0.1317976727618142,1.093566974132919,26.0,1.0,206.0,2662.0,141.0,2108.0,3.311863338843168,3.5608094165993958,0.2319857739729999,0.0205642740428002,0.0,0.0018782870022539,5.404539863470013,0.0,0.6418406072106262
"Galway, Ireland",IE,False,0.5.0,0.0002825762493078,0.0093710804846936,2.442324829202284e-05,0.0005317733893758,0.0213437278917094,0.8613802231770674,0.2096533312930686,1.0652065285471874,1.0911185133361148,0.0001333324518482,0.0001938357432225,9.57721234768987e-05,0.0001906627255338,0.0102702702702702,0.0131509032943676,0.6810946045402806,,1.4521490978936828,0.0027930999624553,0.51806684733514,0.3616870458975722,1.4914311761675008,0.1,0.4269394261424017,65.44129285566696,87.70826510948267,0.0847099458698091,0.4810810810810811,0.0217853347502656,383.0,2157.0,7.610035847588474,42.85860919908183,5.102505545809914,6.0247166190162265,0.177561427909133,3.1,2.1689691817215726,7.641591127639623,358.0251381769079,0.1018048592887545,0.999999999999999,75.06116290545,358.02513817690823,0.9694841700051604,0.95340392040578,0.9997183779769406,0.9990827133350724,0.7984593246042829,0.0085962556873275,0.4143342753713515,0.3841250492329314,1.9821517394368409,0.3498305084745762,0.0424032965572245,1.1600247390073295,109.0,1.0,1147.0,4082.0,740.0,3764.0,3.4956973220552587,3.567995562708433,0.0783411320460467,0.0140800714123965,0.0,0.0039196472317491,7.113796699384043,0.0364864864864864,0.5512752391073327
"Geelong, Australia",AU,False,0.5.0,0.0188793770007077,0.0456453399064051,0.0048457739260087,0.0350559862187769,0.0430218442164496,0.9095785694981122,0.1869382343155587,1.007019679187284,1.022676492561658,0.0007076370400698,0.0007270994137482,0.0006841338513873,0.0007453985842269,0.0,0.0308755760368663,0.4878855779425495,0.495128721696811,1.2961436382510605,0.0440543278461813,0.5136986301369864,0.5147286821705427,2.558566097388488,0.081081081081081,0.1290322580645161,37.718727651864775,136.7424423447272,0.4203221264050132,0.5067567567567568,0.3133640552995391,86.0,189.0,25.92719533045856,56.97953392391474,10.133486626326471,4.163133981464141,0.455026455026455,3.0405405405405403,3.0599078341013826,1.953126801374124,45.17734217493312,0.2301393525726103,0.9951287216968104,8.486713721669574,45.39849085844944,0.9938888706585612,0.9866827906565472,1.0,0.99996534846143,0.775819846224553,0.4745454545454545,0.4403948270474204,0.3354250191771326,1.7528015848822582,0.3024054982817869,0.2727272727272727,1.0683361284688626,11.0,2.0,225.0,332.0,148.0,217.0,2.287568618917449,2.622961338624825,0.8317461396168608,0.6832208190018336,0.0,0.0,13.686692327849489,0.0743243243243243,0.5576036866359447
"Gela, Italy",IT,False,0.5.0,0.1960644855381697,0.016932586966234,0.2252252252252252,0.0027699413748114,0.0049140890368707,1.0,0.0076913492207036,1.1016505178039644,1.1219148683067186,0.0021434731798704,0.0002348757588616,0.002251276644739,0.0002578858054792,0.0,0.0169745958429561,0.4088177668515174,,0.7456069700103461,0.0019115745292467,0.6481481481481481,0.4187211093990755,0.0145104939151348,0.0,0.2902232486528098,57.47953624487732,160.41979833843217,0.7429098290547281,0.8421052631578947,0.0896843725943033,32.0,1844.0,0.115404004281784,6.650155746737808,7.953141013443693,3.5249434319310065,0.0173535791757049,3.684210526315789,2.510392609699769,2.5707022989091057,523.1289623816274,0.6389111839627499,1.0000000000000002,4.023567537141413,523.1289623816274,0.9443855274471388,0.9676034069822111,0.9861916179932934,0.9999999742304356,0.5862314241120545,0.0914957425159321,0.3262888401706243,0.2599425839414302,2.4224209683027587,0.4929577464788732,0.1279136967828934,1.058397528652686,3.0,1.0,70.0,3261.0,38.0,2598.0,2.67783316220383,3.498009412440779,0.654485705513532,0.0763195870824318,0.0,0.0009199632014719,1.886599281706706,0.0,0.6200923787528868
"Geneva, Switzerland",CH,False,0.5.0,0.000340073699339,0.0210707437719766,6.910164456367636e-06,0.0091676716405647,0.0963174610704356,0.8551066994188,0.6120591722552292,1.0239864616633694,1.053668938796417,7.489378596656917e-05,0.000483448402264,6.128144159782913e-05,0.0004907813285417,0.0023821258419582,0.0334204413472706,0.710248289989925,0.6659800459605283,1.91318387289972,0.0171363181114983,0.5208024995888834,0.4959278650378126,5.856796597290959,0.110399211434204,0.1228222996515679,33.83366822967889,102.67846221926872,0.0487983366205838,0.5120749137506161,0.2090592334494773,1105.0,1007.0,60.398377172946695,55.04177901643197,10.31252770514239,5.752090779426288,1.0973187686196624,3.121734844751109,2.970383275261324,16.861987582818116,174.9446844057241,0.1573662571145509,0.9993025879640592,107.15122728339306,175.06677808385317,0.989907117502998,0.976263997791822,1.0,0.9996675580618803,0.8033885203694737,0.3841977027497389,0.5515217554290989,0.2518667649403749,1.4187565600694068,0.3313594867999013,0.2444347446529899,1.164812415113351,205.0,3.0,3167.0,1705.0,2029.0,1148.0,3.5404479350800178,3.496173526539671,0.0388206604277112,0.0779249501827683,0.0,0.0005865102639296,9.569003885213684,0.0325283390832922,0.6681184668989547
"Genova, Italy",IT,False,0.5.0,0.0001085099971141,0.0104080640073959,9.599987741436244e-06,0.0004081404915339,0.0256084575294574,0.9995306681510764,0.2528946496250585,1.215903854375171,1.239516091275684,5.43701489756142e-05,9.745765448218828e-05,2.8346171547672605e-05,0.0001010508394771,0.0088587390263367,0.0147322465282615,0.6732219214852304,0.6663924837392248,0.5770124869635123,0.0025159201848262,0.5614175326405543,0.3877351916376306,1.2521776307618,0.0335195530726257,0.3678417165946774,143.11972760219894,142.8716350580475,0.0497700849363701,0.5714285714285714,0.0582416051274905,725.0,4537.0,3.0105088701914364,18.83955688835661,2.4042186956813008,3.8049099595188607,0.1597972228344721,3.363128491620112,2.3257628535599832,30.53569546908283,1192.0621039022185,0.1012613654239996,0.9997110362580024,301.5532660578332,1192.4066661944646,0.9188957812504044,0.9071479748029664,0.985361292443917,0.9842013002951217,0.6877542778560456,0.0025835747279417,0.3610487299331553,0.3267055479228903,1.9706580935566784,0.4110355857656937,0.0816781657258345,1.1592251257465105,174.0,3.0,2107.0,8346.0,1253.0,7177.0,3.5387641397986243,3.565881532029812,0.0403226858478729,0.0159898243756801,0.0009492168960607,0.0011981787682722,4.951380476488048,0.0071827613727055,0.573916678277832
"Gent, Belgium",BE,False,0.5.0,0.0014464719746317,0.0094735596099409,9.678337211239612e-06,0.0016025900846116,0.2546414328375116,0.836727257356405,0.7161652549378666,1.0457024829740396,1.0837519360215158,2.70455107022761e-05,0.0001717848663525,2.7065511708804025e-05,0.0001719422833881,0.0100109071940057,0.0265285996055226,0.8445336687273322,0.499524965527107,0.6599728483041327,0.0020027526404991,0.5712727100232436,0.4362436798618818,4.536868811901817,0.0355669369753876,0.2387204142011834,59.38561296456506,141.14849065785629,0.0111819333825778,0.5495803101436905,0.0900517751479289,4055.0,4117.0,25.723564600554305,26.11687187681432,5.669893855663682,4.1226663104674985,0.9849404906485304,3.4266609759567506,2.6164940828402368,254.29144637057817,998.1511898324,0.3555623944079832,0.9995249655271032,715.180936932257,998.6255714043332,0.9803158629441576,0.9648493157406168,0.9999781140902804,0.998593099899401,0.7941227719343883,0.3915547510854018,0.4773496780935021,0.3167730938408863,1.33155941587604,0.3903792784458834,0.1543797983535288,1.1424297182223366,472.0,2.0,12043.0,7075.0,7029.0,5408.0,3.5572308147766734,3.569226843410364,0.023785338312303,0.0129669155540205,0.0001660715768496,0.0018374558303886,6.334946830526467,0.0273154075970977,0.6712278106508875
"Gera, Germany",DE,False,0.5.0,0.0050897554517236,0.0165201219773074,8.172353554111896e-05,0.0028457046300505,0.1469965186457383,0.9515457356539124,0.4093209754244438,1.046839230147383,1.088893456766156,0.0001054642269296,0.0001510426308534,0.0001125602977945,0.0001527669663419,0.0126019273535952,0.0340923772609819,0.7735866200209645,0.6665090078247966,0.5746995413901879,0.006415543005213,0.6327641672853254,0.4138376980278047,1.256474462274899,0.0081541882876204,0.311531007751938,74.85505030624147,182.66185715656064,0.036014015544376,0.6953298739807264,0.1027131782945736,941.0,1421.0,6.1771970427348455,9.328158339772813,4.916293349528789,3.03882887013592,0.6622097114707952,3.7909562638991847,2.48062015503876,68.73768215393167,467.5321334658124,0.3591228582735366,0.9998241695229774,191.40436363305943,467.61435432079526,0.974646238292661,0.9534076427319784,0.9998711025640734,0.9958481020738038,0.7855857491029381,0.3633422835954482,0.4212317546089156,0.3643539944940224,1.4402314879997815,0.4894170070553286,0.1210283773951006,1.100177850353894,110.0,3.0,2557.0,2560.0,1349.0,2064.0,3.504015118185053,3.545820505448682,0.0710582322625138,0.0340202196910164,0.0,0.002734375,3.0696556925088,0.0022238695329873,0.5857558139534884
"Ghent, Belgium",BE,False,,0.0014464719746317,0.0094735596099409,9.678337211239612e-06,0.0016025900846116,0.254640951199041,,0.7161630139016018,1.0457011886232983,1.083751764494877,2.704551120680619e-05,0.0001717848555122,2.7065511708804025e-05,0.0001719422730525,0.0100109071940057,0.0265285996055226,0.8445337831170419,0.4995249664256054,0.659973665207044,0.0020027488524167,,,,0.0355669369753876,0.2387204142011834,59.38553945817735,141.14875763197355,0.01118179293297,0.5495803101436905,0.0900517751479289,4055.0,4117.0,,,5.669900873759668,4.12265851269997,,3.4266609759567506,2.6164940828402368,,,0.3555628345169299,0.9995249664256016,715.1800516948298,998.6274602462128,0.980315968564987,0.9648493154987218,0.9999781140902804,0.998593099899401,0.5950862988508725,0.1110552763819095,,,,,,1.0828362600788757,472.0,2.0,12043.0,7075.0,7029.0,5408.0,3.557230869868866,3.5692266518352898,,,0.0001660715768496,0.0018374558303886,,0.0273154075970977,0.6712278106508875
"Gießen, Germany",DE,False,0.5.0,0.0001394037867141,0.0187710806076675,3.439379641648835e-06,0.0032186948209306,0.092826515240379,0.9950471986607956,0.6921509242179577,1.036275524987469,1.0712136121691984,5.916855250233021e-05,0.0002259501105812,4.7808034847230265e-05,0.0002300816328023,0.0135823672534707,0.0214932126696832,0.772783616973558,,1.2763703230664198,0.003236047248186,0.5775676837129351,0.4273310683276708,2.9482043069332864,0.0317732932589094,0.2697963800904977,53.04756159690962,136.49247962055975,0.0235637776878769,0.5096607986260198,0.0989819004524886,1219.0,1291.0,16.802555273398966,17.794994961409405,5.6992506366958455,4.17773699740821,0.9442292796281953,3.462430227565479,2.5610859728506785,28.68515448666952,309.01897386094726,0.1341131131844708,0.9999999999999998,213.8877683587396,309.0189738609473,0.9762222061008976,0.9683619542564644,0.999998404583778,0.9989834363550248,0.8604520666887485,0.5975816887738596,0.5078717800597419,0.3525802866290065,1.4658056330624758,0.4246722544594885,0.1407533276692155,1.139983157189135,273.0,1.0,4032.0,2264.0,2329.0,1768.0,3.556085186560705,3.558892756866176,0.0248153859386354,0.0222901003988073,0.0004960317460317,0.0008833922261484,4.259481861220342,0.0137398024903392,0.6312217194570136
"Gloucester, United Kingdom",UK,True,0.5.0,0.00042540649386,0.0073016532844736,1.2658222681036872e-05,0.0003655007995266,0.0820096337978673,0.9649157422297728,0.5206368465082865,1.0429340171296866,1.074386698048987,5.89734691584423e-05,0.0001978761235046,5.159605921695415e-05,0.0001959771673653,0.0129420617005267,0.0064055636896046,0.7838422331956654,0.4998516209212325,0.9217088726925764,0.0047512435730432,0.6232866395541498,0.3584157207372146,5.367488645380351,0.0090293453724604,0.4375915080527086,52.96233389455218,71.67417449506662,0.0192921531957115,0.6537246049661399,0.0241581259150805,1453.0,3073.0,35.58599778754938,75.26205863808619,6.62991580209066,7.300285749980988,0.4728278555157826,3.7363431151241535,2.1497071742313323,34.52133427263484,420.8799677600233,0.1575179212686824,0.9998516209212353,219.15813765565693,420.9424268095263,0.9681429210544986,0.964624944938378,0.9976982198202204,0.9995095817455416,0.8282674275807156,0.111978496008241,0.3661092989630304,0.4621581286176851,1.41819562723681,0.480225988700565,0.0376270255424334,1.1666264633661858,202.0,2.0,4138.0,5873.0,2215.0,5464.0,3.5207506101098707,3.531085374149697,0.0563181156009486,0.0471576183146191,0.0,0.0013621658436914,10.309467494239138,0.0022573363431151,0.5382503660322109
"Gold Coast, Australia",AU,False,0.5.0,0.0008792034226221,0.0046083497983666,1.9688971122235885e-05,0.0001268106724199,0.1908186327048096,0.9984276137068084,0.6489444788387024,1.1153204938816028,1.105855650756383,1.8716195780973686e-05,5.0815696263727846e-05,1.918729725220004e-05,5.232589918068972e-05,0.0068896655017473,0.0248999555357936,0.9014705035858624,0.8991586058564531,0.2185658380338248,0.0028481344147551,0.6836198492522053,0.395569955318383,1.65587882396478,0.0127665644390557,0.341167503017214,79.24905745533627,187.95879260762095,0.0053038172165925,0.8117110049211896,0.0548180143555866,11420.0,10371.0,8.299417187267808,7.53706266630074,5.012092109129076,2.953800201542529,1.1011474303345867,4.101134013265815,2.3731182112685003,669.9776236551547,3504.033889272708,0.2940446200363442,0.9979959510505813,2278.4896508983734,3511.07024591036,0.9632477580708114,0.9505404211765626,0.9982968631457004,0.9942131211836368,0.7749373611894693,0.1453382199216634,0.3927093362200701,0.3822280249693993,1.1678231784377562,0.5431394229054464,0.0936120199485403,1.1160533338092111,498.0,10.0,28751.0,18680.0,14021.0,15743.0,3.5550523017387894,3.5487648241435688,0.0257435985878652,0.0313843718168656,0.0004521581858022,0.0033190578158458,2.5516494522428244,0.0027815419727551,0.6039509623324653
"Great Yarmouth, United Kingdom",UK,True,0.5.0,0.0014377650831599,0.01489698894843,0.0003564480101761,0.0007409622614836,0.03962525808629,0.8468629047900914,0.1828606736663133,1.0399993129269527,1.0575980113825525,0.0001285428754292,0.0001206904380114,0.0001225215124849,0.0001275284466684,0.0096685082872928,0.0127885733266899,0.7158696544081158,,0.5960311610572349,0.0019462617792328,0.6144967682363804,0.3863409770687936,0.5157805239651996,0.0248618784530386,0.3619830592924763,70.58964631288492,110.49580572127589,0.0578175220865243,0.7085635359116023,0.0403587443946188,524.0,2561.0,2.8765846897149268,14.059033187709783,5.577148721321269,4.984376416615387,0.2046075751659508,3.676795580110497,2.316890881913304,20.35967540908528,513.8054966039331,0.216696445943313,1.0000000000000009,93.95481924244984,513.8054966039329,0.970869954018147,0.9723687557834289,0.9997304600211194,0.999515578695204,0.658202451164383,0.042261404981808,0.364794985858602,0.293407465305781,1.8943873417731951,0.4594594594594595,0.0793967343886326,1.136550484101543,56.0,1.0,1331.0,4650.0,724.0,4014.0,3.4461981141342166,3.4946756114565685,0.1210888758656049,0.0792337453568742,0.0,0.0010752688172043,2.820620276760016,0.0151933701657458,0.5976581963129048
"Greater Hobart, Australia",AU,False,0.5.0,0.0005098529791631,0.0103042427690704,1.4695073186857157e-06,0.0003748896893384,0.039383724656921,0.938532900163322,0.3317448615892341,1.1400367540412772,1.097995231114135,1.7499433920665905e-05,4.894156028512334e-05,1.5153881088462128e-05,4.759397307744436e-05,0.0140672782874617,0.0129578293010752,0.7248913806354298,,0.5623882558482316,0.0005153851218115,0.5855061819072102,0.3925720527686749,0.6318137178973011,0.0146788990825688,0.3511844758064516,134.57734210833422,207.6516054034185,0.0185041703697345,0.5728440366972477,0.0568296370967741,1572.0,5149.0,1.5430118632916596,5.054050944076816,2.442194304401713,2.653717992207689,0.3053020003884249,3.5104587155963305,2.3548387096774195,76.4161070821935,1940.2966008895417,0.1187169093388577,0.9999999999999996,643.6834273041626,1940.2966008895423,0.943465764254716,0.959481770278346,0.9903853979912663,0.9964701769595948,0.759151743699601,0.0206447856410516,0.4923234737748352,0.2668282699247659,1.966794377146488,0.4444444444444444,0.0888006554484149,1.162711011362854,362.0,1.0,4783.0,9344.0,2725.0,7936.0,3.567333574166468,3.576974536316359,0.0146782914407138,0.0059481001649324,0.0016725904244198,0.0013912671232876,1.9045169678607163,0.0040366972477064,0.5919858870967742
"Greene, United States",US,False,0.5.0,,0.0793435200905489,,0.0411805078929306,0.0,,0.0,,1.094326540814032,,0.0008954023191573,,0.0008898614015153,,0.0543859649122807,,,,0.0493325442541409,,0.4910394265232975,0.0,,0.2105263157894736,,147.96054376173805,,,0.3052631578947368,0.0,75.0,0.0,23.93677398194821,,3.6999408190605703,0.0,,2.8842105263157896,0.0,20.27059449535812,,1.0000000000000002,0.0,20.270594495358115,,0.962860438624945,,0.9999999952400258,0.8320512723925014,0.3082828282828282,0.3183215884220831,0.5137296839704183,1.7758651200993976,,0.2324324324324324,1.072797492414106,0.0,1.0,0.0,137.0,0.0,95.0,,2.788624494015832,,0.5926650866197405,,0.0,6.469501852201477,,0.4842105263157895
"Grenoble, France",FR,False,0.5.0,0.0076557068989853,0.0197750018005147,0.0001671681338452,0.0107776665623103,0.4756867146978771,0.9922928822326894,0.880479751451803,1.0206919063971058,1.0593869293564673,0.000110426226218,0.0004379761939471,0.000117787775691,0.0004411121335602,0.0067134268537074,0.0452177103718199,0.8701466242681732,0.4996649908075279,0.8044025537630656,0.0101907936777625,0.6175356506238859,0.490566037735849,9.31696165741747,0.0561122244488977,0.1172945205479452,31.174283527949505,114.36804652854616,0.0480104212684529,0.6479625918503674,0.1660958904109589,2008.0,1031.0,108.26713815167388,55.589352307956055,11.620434014073638,5.2533541408866125,1.947623666343356,3.702738810955244,2.9383561643835616,93.35616630839598,196.18982042368435,0.5402585509928288,0.9996649908075296,172.7990535954241,196.25556784298524,0.9901180408401528,0.9741624592469112,1.0,0.9998081735557888,0.7963812138000003,0.5165727628039186,0.558791807777339,0.2375894060226611,1.2506481987650353,0.4492729399966572,0.2359502359502359,1.1244338895439143,139.0,2.0,5543.0,1716.0,2994.0,1168.0,3.508515519009141,3.525373749531942,0.0671058202907393,0.0522257405879242,0.0,0.0011655011655011,10.58168758799387,0.0227120908483633,0.7166095890410958
"Groningen, Netherlands",NL,False,,0.008427014074636,0.010540573904581,0.0003663594200057,0.0018368244179311,0.473056206997081,,0.768095016836689,1.0292126653631894,1.0943270189031895,7.338943771962176e-05,0.0002017012513136,7.947973443134062e-05,0.0001963906779897,0.004528881212819,0.0349765904709446,0.9295609405457794,0.6658525800928752,0.5083477515062194,0.0049845877627922,,,,0.0307042794089426,0.2332690718810245,55.62959927528786,124.63350320589966,0.027326704683488,0.4582613701784686,0.1253098320022032,2522.0,2784.0,,,5.455544805526321,4.625697443871244,,3.189407023603915,2.659873313136877,,,0.6158824059884005,0.999178576947474,462.2819699776421,601.8551869812894,0.9864896790882032,0.9573123348121066,0.9999904234253828,0.9998608027669876,0.589127485839132,0.0256281407035175,,,,,,1.07933178216363,235.0,3.0,8310.0,4829.0,5211.0,3631.0,3.4426727246160485,3.4594727261537983,,,0.0,0.0014495754814661,,0.0257148340049894,0.6414210961167722
"Guelph, Canada",CA,False,0.5.0,0.0006543502733641,0.0147029686759761,1.7333317956692874e-05,0.0047081062000842,0.0907665634182131,0.9610247574627524,0.4430169362037339,1.083553919405968,1.100165271421114,4.215702408932294e-05,0.0001881904645158,3.541041682308242e-05,0.0001853358047822,0.0272787757817697,0.0521067626330784,0.7102423145807284,,0.5576374229258044,0.0018032322818769,0.6309127248501,0.4688578718295062,2.763738526680218,0.0139720558882235,0.1740890688259109,86.47636420878437,177.51591738658814,0.0736333770803881,0.6799733865602129,0.1574448942869995,1032.0,1835.0,11.609352398597046,20.64259849944339,4.200597229630877,3.3089312372441166,0.5623978201634877,3.780439121756487,2.8106162843004947,50.3354805315144,554.5597259157023,0.2048828295279247,1.0000000000000018,245.67935071715644,554.5597259157014,0.9692536777324168,0.952076418565038,0.9995307638520298,0.9999177669198342,0.8524140983289513,0.3130804264305524,0.5490557835101084,0.3033583148188429,1.607303352180729,0.4915028323892036,0.203107408241387,1.2032958009041028,137.0,1.0,2841.0,3124.0,1503.0,2223.0,3.400001251769019,3.126205479483557,0.1600689894298157,0.3729455846734035,0.0007039774727208,0.0022407170294494,6.23844891882245,0.0066533599467731,0.6680161943319838
"Guildford, United Kingdom",UK,True,0.5.0,0.0001313688187765,0.0103724670806223,9.108156772163153e-06,0.0004671805143413,0.0666030594937709,0.9975703600112,0.7539407272755461,1.0384120105045302,1.0910198090037184,2.909527271436259e-05,0.0001023283547089,2.1450972626054684e-05,0.0001025972059748,0.0069497093757897,0.0114768129474011,0.7126169357984977,0.6665282063755209,0.439963894428616,0.004163682408458,0.622281234193222,0.3691421454149151,2.00423321225335,0.0219863532979529,0.4042950513538749,110.38943188716154,151.94349418481278,0.0178908888223322,0.6967399545109931,0.0224089635854341,1861.0,2552.0,6.866157548723272,9.415601324203005,3.4258276465759603,3.541905835461659,0.72923197492163,3.7308567096285055,2.2138188608776845,47.98857330602896,720.3894248696623,0.0883399146434879,0.9998242585230112,543.2263943167219,720.5160494243821,0.9772328074873624,0.9541634348460528,0.9968626715261344,0.9963383648460312,0.7355442367477516,0.0111418107048769,0.5116789950136007,0.2238652417341509,1.7422404152404023,0.4784670840447733,0.0538362723344622,1.1687352617512905,239.0,3.0,4921.0,4742.0,2638.0,4284.0,3.5608293159995497,3.5612179407969657,0.020546347956185,0.0201962280470709,0.0,0.0010544074230282,2.6583432088831227,0.0087187263078089,0.5732959850606909
"Guimarães, Portugal",PT,False,0.5.0,0.0054851991118351,0.0103451898448326,0.0002269825507164,0.0014246263056179,0.0172551366409598,0.9990478095398369,0.0692702635792446,1.160541267273292,1.126343965911387,0.0001648522123754,0.0001052164713084,0.000129316667998,0.00010429741794,0.0181023720349563,0.033441576013422,0.7085973021550975,0.4968970501089262,0.4638215953700314,0.0016064522082513,0.6176100628930817,0.4236370526771696,0.3581035216411291,0.0149812734082397,0.2557233317096931,175.64166033930215,159.10280617143763,0.1351770337292984,0.602996254681648,0.0513070303620717,161.0,4584.0,0.6685369905287408,19.03461841356365,1.8668819213643768,3.681988461312189,0.0351221640488656,3.677902621722847,2.5409969150836176,21.48229066800796,1241.1163494170062,0.2490987582459547,0.9968970501089274,86.24005522659735,1244.9794582914994,0.9177535933804364,0.9378998463009444,0.969827126363882,0.9833353745325316,0.6861063625392951,0.0141685872973892,0.1333646931595739,0.5527416693797212,2.1062795953119724,0.499054820415879,0.1354665800373589,1.1289411645476544,40.0,2.0,491.0,7825.0,267.0,6159.0,3.434125894034599,3.5755438941572657,0.1313605373220501,0.0072460241654314,0.0,0.0016613418530351,5.169657269045348,0.0,0.6929696379282351
"Görlitz, Germany",DE,False,0.5.0,0.0007790488188123,0.0271229861019329,5.215106198526224e-05,0.0082132056255685,0.0958238678135052,0.832128037636865,0.6649959163032577,1.0532084991983697,1.0855880749094204,7.128499963657312e-05,0.0002233656970879,5.605227903859277e-05,0.0002403583104867,0.0056277056277056,0.0360984848484848,0.6983690257017188,0.4983330871016398,0.6231709972322657,0.0093124981644513,0.6141493055555556,0.4328018223234624,2.1165547627055807,0.0129870129870129,0.2647727272727272,100.9314085236927,188.3904763180847,0.1117985894113668,0.6428571428571429,0.1193181818181818,505.0,647.0,7.484074705582346,9.58850759309263,3.535970265194317,3.012593156200014,0.7805255023183926,3.675324675324675,2.590909090909091,20.579626674031285,214.40714821562736,0.1440969267092563,0.99833308710164,142.81794306102518,214.76514300261653,0.9722972677055812,0.9556327613799032,0.9999598303280296,0.9975620100278964,0.8331479558567152,0.5360895779500431,0.4883964297069048,0.3447515261498103,1.4931847776138156,0.4781758957654723,0.1492877492877493,1.1223938775894802,89.0,2.0,1415.0,1140.0,770.0,880.0,3.4260897198236906,3.5210070686836787,0.1381646530876672,0.0560913319884073,0.0,0.0043859649122807,3.182808662151797,0.0129870129870129,0.615909090909091
"Göteborg, Sweden",SE,False,0.5.0,0.0051863566875371,0.0054086387415333,0.0001607322102758,0.0001816860435137,0.6904470290637913,0.9968964922628109,0.9671534734631758,1.0432122303995846,1.09353831747622,4.913610911061612e-05,7.589331308987968e-05,5.5778541571661845e-05,7.590894080340758e-05,0.0056578895579958,0.0151938970120788,0.9223017112416708,0.749901499693441,0.2903533597795725,0.0020572619812638,0.6703275074791372,0.384957761831229,1.824927642867592,0.0038375250915102,0.3830714739805649,55.21367388365549,152.92841379056983,0.006223098217848,0.8043452591805408,0.0748342566524384,13714.0,6793.0,13.3089565694747,6.5923685267931775,7.292868087943328,3.493745159681348,2.0188429265420287,4.021490140512457,2.309327036599764,1342.4581513718967,1944.039852562538,0.7138960340921321,0.9998498196846768,1880.4673051295383,1944.3318529333048,0.9799711047687863,0.9509394277118204,0.9996239490201914,0.9948649009073228,0.7825599045859616,0.5601710130326397,0.5379771542248911,0.2445827503610707,1.0829457750326288,0.5215671223170264,0.0775309987736748,1.0645088220403285,546.0,4.0,34058.0,12714.0,16938.0,11011.0,3.5498536947889177,3.5639890941975314,0.0304086704803832,0.017697826409889,0.0004110634799459,0.0023596035865974,1.8869059492004976,0.0053134962805526,0.5420942693669967
"Göttingen, Germany",DE,False,0.5.0,0.0065788192648474,0.0152058471558635,0.0001153921288655,0.0029075861749658,0.6279377865539546,0.9978239032079091,1.015737199912443,1.0274653534755898,1.0781977370612257,0.0001063078458836,0.0001863825437898,0.0001225600891596,0.0001871111777122,0.0068738597862913,0.026210134369435,0.8680296409054371,,0.8194526473696122,0.0026849952822582,0.5620518837178986,0.4143574785286015,3.235075609029906,0.0228694292415949,0.3006313744536182,43.87119306710069,145.65511653865434,0.0233880831210674,0.5377247849882721,0.0840213695968917,2873.0,1440.0,24.568702984529608,12.3142820388871,7.594475664170632,3.866393206451838,1.9951388888888888,3.370992963252541,2.483729966002914,233.86923273318607,372.4401329893397,0.6182089093597076,1.000000000000001,378.3012978176092,372.4401329893392,0.9842016549992372,0.9603666141211676,1.0,0.9985824235391666,0.8826659753042191,0.8405210798157902,0.5725436715119301,0.3101223037922892,1.1612770854118923,0.3732277305172582,0.1213226355458303,1.068674110655032,310.0,1.0,8623.0,2557.0,5116.0,2059.0,3.470414897896346,3.4247616667551632,0.1003019695031119,0.1392865210003727,0.0002319378406587,0.0011732499022291,3.184953361271765,0.0238467552775605,0.61534725594949
"Halifax, Canada",CA,False,0.5.0,0.0046007149817997,0.0168538183306062,0.0001390131046594,0.0043790595907596,0.0519179009195736,0.963194060226645,0.2933025400017808,1.1801071381840118,1.0809197454225865,0.0001051315042702,0.000200154276508,7.582928661975753e-05,0.0002054969910195,0.0104283054003724,0.0261529217365179,0.7888698676061792,,0.5393280038969975,0.0021376523437443,0.5513251213139231,0.4591790708164185,1.420485389564812,0.0301675977653631,0.206399278954484,92.8962650716177,153.17711725428188,0.1326934588329545,0.5374301675977654,0.1626858945470932,489.0,1761.0,5.062521510979895,18.23128912236318,3.5639377554815104,3.764405777333749,0.2776831345826235,3.3005586592178773,2.7525912573231186,24.28734544768586,467.8029160945777,0.1770114262196924,1.0000000000000018,137.20778351077936,467.80291609457686,0.9459542695087816,0.963809602982882,0.9986873832481364,0.9998625351867872,0.8042864587525765,0.0848981750859561,0.4620165476253763,0.3422699111272002,1.8007317112685726,0.3675070028011205,0.1885856079404466,1.2220772679253125,74.0,1.0,1477.0,3054.0,895.0,2219.0,3.440531495397562,3.4764582117648697,0.1259178430784084,0.0950767049002325,0.0,0.0026195153896529,4.843072240547889,0.0089385474860335,0.6309148264984227
"Halton, United Kingdom",UK,True,0.5.0,0.0025460676845343,0.0067136355869855,0.000104747869607,0.0003361909374739,0.1329101981724907,0.9340799759678658,0.5052866071296997,1.0561432004355311,1.0899109303273788,5.449732827246395e-05,0.0001555357516286,5.480349401635881e-05,0.0001495112654353,0.0139296187683284,0.008540546594982,0.8185956182134886,0.499841283550577,0.3697238547560565,0.0034918974232635,0.6518264840182648,0.3646498599439776,3.203980002751499,0.0102639296187683,0.4223790322580645,72.40560005475301,87.99424038688844,0.0229949440027311,0.7419354838709677,0.03125,1533.0,3438.0,16.971711723315902,38.061803590841535,5.297071676084437,6.0025716705901,0.4458987783595113,3.9071358748778096,2.1871639784946235,76.12491551843507,572.6636051159307,0.2630392262472427,0.9998412835505768,289.4051834188478,572.7545106782569,0.9667311686211308,0.959422439648448,0.9986885342025836,0.9982013462833704,0.7473562420708391,0.0683333333333333,0.385877956589257,0.361478285481582,1.4846019559060015,0.5035478345975043,0.0469787377090511,1.1091802720840644,107.0,2.0,3997.0,6509.0,2046.0,5952.0,3.556075030647585,3.5610109797772327,0.0248245148066558,0.0203826911868029,0.0,0.000921800583807,6.340916140548099,0.0073313782991202,0.5463709677419355
"Hamburg, Germany",DE,False,0.5.0,0.0013229598995598,0.0052057331078699,5.069113603578693e-06,0.0003970893941205,0.3876374515378087,0.827053006154916,1.0568761760825978,1.0283671718858622,1.0765461875146152,1.7718609919412043e-05,6.600635622094333e-05,1.142760923744572e-05,6.674167847101861e-05,0.0092489166314669,0.0303662040716512,0.8902554903687352,0.832907661187785,0.4654323716691858,0.0015757748591397,0.6232986013329579,0.4435544685621115,4.105393277253007,0.0271976345801849,0.2241853640643149,50.50470817084753,174.95981915351967,0.0040517803661395,0.682498709344347,0.1077214648162866,30278.0,12690.0,30.88878032271504,12.945987921766754,7.523951601387938,3.3327638270805138,2.385973207249803,3.739616088609377,2.6610014061258176,1475.9879533149874,3804.9459228020887,0.3667766009965521,0.9992896875896208,4024.2151470531294,3807.650544238049,0.9866841467109424,0.962593874469348,0.9999995434214431,0.9984040819255404,0.8425516322692288,0.3393939393939394,0.5649483576726477,0.2776032745965809,1.2195733500580297,0.4569071729462703,0.165459047968449,1.1381176597568978,1873.0,6.0,79680.0,21763.0,42614.0,16357.0,3.565962852289892,3.5630942618443253,0.0159163962905449,0.0185049323453311,2.5100401606425704e-05,0.0029407710334053,3.8844600438151606,0.0280189609048669,0.6680931711193985
"Hamilton, Canada",CA,False,0.5.0,0.0010024310631794,0.0070156844693977,2.3157881927216344e-05,0.0008220304810509,0.0285837458817004,0.9868620502484884,0.1629730562345496,1.1396121204494234,1.0648019914170306,3.8636844220113474e-05,8.018832764210915e-05,2.258602417400531e-05,8.449923248482873e-05,0.012874408828166,0.0286464079162905,0.7366517913449746,,0.2999789106211298,0.0003371619301368,0.6224793968086971,0.4673487812217875,0.4204784246022261,0.0189174986862848,0.196870925684485,136.15980649427087,212.2010377619208,0.2783929284474108,0.6636889122438255,0.197071507371377,1271.0,8008.0,1.1056355347904827,6.966112795123671,2.6294703130996964,2.6999927365355125,0.1587162837162837,3.7309511297950606,2.8035302376892988,84.77750103667603,2965.933904798372,0.1753893959045777,1.0000000000000018,483.3673130546616,2965.9339047983667,0.9577363676818936,0.9661124254958472,0.9984267121771836,0.9999812974737026,0.7432118795818142,0.0728453349872789,0.3910563653306331,0.352155514251181,1.6841775439020912,0.4714548802946593,0.2009830967547775,1.198832566938142,145.0,1.0,3550.0,13977.0,1903.0,9971.0,3.490855576854668,3.121226559997728,0.0825672719844989,0.3765292003987057,0.0016901408450704,0.0012162838949703,2.58004871674663,0.0042038885969521,0.606057566944138
"Hannover, Germany",DE,False,0.5.0,0.0076127971236848,0.008561036480639,0.0007070168703404,0.0011946594442502,1.0400088331360713,0.9500830075963888,1.3046255981450587,1.0183434700362324,1.0644335333300488,8.259699338424453e-05,0.0001281682942014,9.262787108969713e-05,0.0001247868813427,0.0064594566021778,0.0267477363655506,0.9264243493724992,,0.3283720374893495,0.000831849642376,0.6171625536594134,0.4435492364402317,7.689489942248558,0.0126863304789089,0.229785217940619,53.737983259904624,142.7211594060006,0.0084869109362443,0.6671106882334285,0.1184459886291851,10944.0,4877.0,53.65776217598674,23.91163250477772,6.97806520055037,4.056930705867886,2.2440024605290136,3.702505550269585,2.660454832596336,1250.2365573728862,1202.1403256767387,0.7971703411421449,0.9999999999999966,1568.3430414403165,1202.140325676743,0.9909325422448808,0.969024635179872,1.0,0.9998913828594448,0.8826785626430439,0.8316519625836993,0.59204908497502,0.290629477668024,1.0775167876780585,0.4420301348136399,0.1652579192669247,1.0646998375575318,515.0,1.0,29185.0,8423.0,15765.0,6332.0,3.5399480136197767,3.5122759734017754,0.0392667367219479,0.0637968210524584,6.85283536063046e-05,0.0007123352724682,5.894020440179635,0.0270853155724706,0.6517687934301958
"Harrison, United States",US,False,0.5.0,0.2128654970760234,0.0543972296371113,0.2105263157894736,0.035747781545343,0.0483263259764917,1.0,0.0684816085771455,1.1212402436654838,1.0557487736734883,0.0053845856849046,0.0010585550492121,0.005563052252037,0.001060877999759,0.0,0.0208333333333333,0.2056832773145422,,0.9542402531326588,0.0326739537517935,0.6666666666666666,0.4959839357429719,0.6119249316115899,0.0,0.1785714285714285,58.2196730573597,123.9085733764064,2.0041905318728666,0.75,0.2976190476190476,15.0,138.0,4.379425512294213,40.29071471310676,7.15680189849494,4.509005617747506,0.108695652173913,3.6,2.9404761904761907,1.4790473887427558,30.60541762397237,0.7056832773145426,0.9999999999999998,2.0959082300649494,30.605417623972382,0.9616116498259676,0.9783406570820072,1.0,0.9999999973289548,0.86708064837192,0.3865182436611008,0.3897402164082292,0.4773404319636908,1.9811105192964489,0.5142857142857142,0.2416918429003021,1.0447278230906871,2.0,1.0,36.0,247.0,20.0,168.0,2.1327850335912584,2.8005219241231067,0.8845750023034142,0.5857240726626328,0.0,0.0,8.935609783789571,0.0,0.5238095238095238
"Heidelberg, Germany",DE,False,0.5.0,0.0046211173392171,0.017139108462376,3.93482864525948e-05,0.0042518534381809,0.2271012363750955,0.957129258599276,0.6086248257324072,1.0225266296876463,1.09207882455332,0.0001014293042825,0.0001999317101672,7.879073252218162e-05,0.0002010288150432,0.0075757575757575,0.0235671936758893,0.8346759523854144,0.4999253706671949,0.8753540279915295,0.0048432926612773,0.5597213685720139,0.4607649192218925,2.3110085440112376,0.042997542997543,0.1996047430830039,45.99686744366074,147.74318966561586,0.0541097614449217,0.5282555282555282,0.1595849802371541,1828.0,1620.0,16.808880753444473,14.89627287777902,7.273396196220527,3.9230670556346303,1.128395061728395,3.3562653562653564,2.7618577075098814,93.77968760417716,412.91139751339466,0.3731383058550172,0.9999253706671936,251.3268837121623,412.9422151153963,0.9871493718488712,0.966730656373889,0.999999947705312,0.9996753711112252,0.8052586377186265,0.5561075666964131,0.4620851617360355,0.3431734759825911,1.2832628605947705,0.3731366220992777,0.1911946574325995,1.103868155515904,220.0,2.0,5464.0,2795.0,3256.0,2024.0,3.472961664489092,3.461539287372527,0.098101788824063,0.1079487112201805,0.0,0.0007155635062611,3.7970987155021407,0.0331695331695331,0.6408102766798419
"Heilbronn, Germany",DE,False,0.5.0,0.0035014835596632,0.0151007300992253,2.4645713132698466e-06,0.0038250684877639,0.3312645674417591,0.9931224266930097,0.7999422622605102,1.0395742845941882,1.0798564825879122,6.355149682320155e-05,0.0001901519282323,5.166806925958786e-05,0.0001988477496127,0.0091617933723196,0.0381441693912501,0.8071127877172881,,1.1477930792330928,0.0025363762221234,0.6146186223180372,0.4541062801932367,3.159355852007251,0.0098491843644198,0.2013078000934142,52.67878025753343,135.29968311264875,0.0267808045907823,0.6078793474915358,0.1237739374124241,1993.0,1710.0,19.96461203332765,17.129697228795926,6.319203334009818,4.337203339831045,1.1654970760233918,3.685441674361342,2.722092480149463,130.60545377784263,394.2632765902586,0.4141105965643794,1.0000000000000009,315.3878574018526,394.2632765902584,0.9758527639122756,0.9613894654598618,0.9999998210808064,0.9994205700032452,0.8458098676914452,0.457025955760133,0.5052736069942281,0.3405362606972171,1.333685104809152,0.4774372401047281,0.1809679682020107,1.1144762672712234,362.0,1.0,5987.0,2914.0,3249.0,2141.0,3.4914296607936,3.482316673228965,0.0820666876110618,0.0899968276410666,0.0,0.0034317089910775,3.949479857557984,0.0055401662049861,0.6749182624941616
"Helsinki, Finland",FI,False,0.5.0,0.0040653289332039,0.0074192895135284,0.0001650767314892,0.0004919477135498,2.4275231686954584,0.9995174850952931,2.664839924855551,1.0234598124901069,1.07247894075299,7.971854022236918e-05,9.92219342596088e-05,8.727937720016199e-05,9.991970441961344e-05,0.013515381704939,0.0193115666919767,0.9682613318733766,0.8325393951605218,0.3079145324169997,0.0047521791858767,0.7002546751073274,0.4092359106790217,4.69071044071578,0.0086876800838208,0.326044039483675,34.96165681667705,156.22106582344043,0.0052822649370093,0.7988518292150528,0.1053910402429764,36798.0,4438.0,51.30187884928232,6.187231325971926,10.936910196796097,3.515028537820159,8.291572780531771,4.20134462586222,2.454669703872437,3064.9389348490254,1260.8457445203048,0.9109452114002844,0.9986274839517748,3364.5700054097324,1262.5786539850458,0.988800981313746,0.9635177434196096,0.999998790940072,0.9972419952590444,0.8717254419075782,0.6892115915954508,0.7033740427912569,0.1683513991163213,1.0327390259242657,0.5616738886038922,0.1141663501709077,1.0425724145528077,1036.0,6.0,96236.0,8082.0,45812.0,6585.0,3.579826406096971,3.5701590509890537,0.0033582635710792,0.0121237230184083,2.0782243651024563e-05,0.0007423904974016,1.7602222170887212,0.0043874967257487,0.5685649202733485
"Hildesheim, Germany",DE,False,0.5.0,0.0049585401672119,0.0154421625544267,7.602762631770264e-05,0.0029433414658035,0.378466702919348,0.9530832524648664,0.8613796870670076,1.0335036215840188,1.095116082989751,6.871098334690134e-05,0.0002029659444614,5.4056847962588586e-05,0.0002029602534683,0.0080305232558139,0.0295458117240295,0.822416376666099,,0.5952218210232525,0.0026843559472694,0.607030303030303,0.4240994179644486,3.4827902365052643,0.0207122093023255,0.2772277227722772,64.07523428865159,138.17835212313844,0.0198153958981014,0.6217296511627907,0.0957095709570957,1777.0,1533.0,19.286802047589862,16.638529847470604,5.537744376745129,4.115117667164057,1.1591650358773646,3.63953488372093,2.542197076850542,140.98976080438533,372.5288373239809,0.4393726815268012,0.9999999999999992,320.88877331756714,372.5288373239813,0.9798795749410112,0.9593693695456296,0.9999997666520246,0.9987977417216972,0.8440145994125522,0.5839523367378521,0.4871684180229099,0.3568461813896424,1.230218415439947,0.4449899981814875,0.1359452442766108,1.1114590866948442,191.0,1.0,5008.0,2696.0,2752.0,2121.0,3.5386003816153933,3.4980341211774166,0.0404687032618189,0.0762979713728977,0.0,0.0014836795252225,4.04326952306496,0.0239825581395348,0.6270627062706271
"Houston, United States",US,False,0.5.0,0.0011733556291874,0.0032165099927141,3.506368859043568e-05,0.0002105131097587,0.0311021498002382,0.9536279165300172,0.1290388511757512,1.106651237318543,1.0481088306298452,3.229136892628817e-05,4.801219711791076e-05,1.9107591315407533e-05,4.7954843923117785e-05,0.0217506389193136,0.0238287587602656,0.8359046593377442,0.9778472098765024,0.1831554438924174,0.0048934180578137,0.6529261389573633,0.4831142111601766,0.7797544068048664,0.0142387732749178,0.1895228059611621,86.65205903328302,166.27262759711675,0.1698609678912766,0.6727820372398685,0.2767574890862562,4964.0,32302.0,3.123083422928965,20.322691524466443,4.005214200361059,3.3631317043298057,0.153674695065321,3.916484118291347,2.898539816348036,298.7280104296422,9591.129011435598,0.2410293451688979,0.9985830616889496,1239.384400353047,9604.73833314745,0.9635973180663838,0.978912278528472,0.9998486664907844,0.9999999060738411,0.8303302293617043,0.0167293233082706,0.4942455423307717,0.3360846870309326,1.4930175543767463,0.4948298294870917,0.2252386747123985,1.3038000588077867,227.0,47.0,14303.0,57765.0,7304.0,39858.0,3.5036016354350044,3.1500899396426463,0.0714209466551278,0.355611764908031,0.0021673774732573,0.0008828875616722,6.04278788674923,0.0068455640744797,0.5336695268202117
"Indianapolis, United States",US,False,0.5.0,0.014721126028712,0.003542415658282,0.0008720476376052,0.0001725319326388,0.0468793668795601,0.9918113819768348,0.1055244346281419,1.085149927295986,1.0711887087777872,4.713446056183972e-05,5.6423934412743055e-05,4.592192356022319e-05,5.4374697272335416e-05,0.0029823651452282,0.0266458147155198,0.8235443173121397,0.908702973624218,0.253648581128609,0.0017421736940597,0.6251513578965577,0.4469352796603857,0.6992713674931776,0.0041493775933609,0.2529043789097408,92.1798768201018,175.3583119510667,0.1210767461617041,0.7559647302904564,0.1859174858504617,3146.0,20062.0,3.3017956942783546,21.055507062495977,4.721765894855645,3.1774080591114946,0.1568138769813578,3.74896265560166,2.681411974977659,295.994043207887,6309.904389388869,0.444251296344383,0.9993590399295778,666.2761496556958,6313.951380110108,0.9797994958877946,0.9659312172990446,0.9999978088306568,0.9999906413813044,0.8396120051275117,0.0502386619815871,0.4841846777194675,0.3554273274080441,1.4480539733490776,0.4594524458284676,0.1705736682369151,1.220538025303306,169.0,11.0,7228.0,36006.0,3856.0,26856.0,3.323687767656084,3.004826877544491,0.2225244534858241,0.4573822937466917,0.0012451577199778,0.0031383658279175,6.6266298413002,0.0599066390041493,0.5611036639857016
"Ingolstadt, Germany",DE,False,0.5.0,0.0109322679649516,0.0149748299998061,0.0012911448696976,0.0026823925359879,0.7380505711279929,0.9548112720463284,1.0045902457759706,1.0234013107789837,1.089545662380148,0.0001358458477287,0.0001580527976606,0.0001592287218232,0.0001583011523777,0.0115862905671822,0.0491347905282331,0.906646851906738,,0.3433492482611144,0.0017508898766377,0.6596874525868609,0.4626338573706994,4.301256960970357,0.0100090991810737,0.1697404371584699,65.9797391460088,140.63978013943824,0.0213021985007216,0.7381710646041856,0.110655737704918,3320.0,2431.0,24.888764987318943,18.22427339884709,5.786393422471574,4.256413290106259,1.3656931303990127,3.956323930846224,2.773907103825137,421.5288356942799,571.1381471462582,0.7346782175432174,0.9999999999999992,573.7598116136926,571.1381471462587,0.9866458246649012,0.9596981825011596,0.9999859633477896,0.9989782411422252,0.8015307263747646,0.50552510664152,0.5040349150456171,0.2974958113291474,1.1180756052435474,0.5117787640833049,0.1938130234148009,1.069169475929472,197.0,1.0,8696.0,4061.0,4396.0,2928.0,3.555986178238115,3.5396930131593267,0.0249043799456936,0.0394942319095038,0.0,0.0017237133710908,4.281603349281933,0.0170609645131938,0.719603825136612
"Ipswich, United Kingdom",UK,True,0.5.0,0.0006642749364393,0.0121661360849846,4.325552125554842e-05,0.0013910157256673,0.0587951984667769,0.9436391936626592,0.3130220500353873,1.0325400614692548,1.0660505453664624,0.0001155078328347,0.0002487358977265,0.0001038094665292,0.0002426993799735,0.0083333333333333,0.0139558232931726,0.7688530477670101,0.4942783307040139,1.0124089334597477,0.0052817719970951,0.6131968145620023,0.3974281695800683,2.944762050455196,0.0505681818181818,0.3262048192771084,36.65095216481608,95.71809861916906,0.0337846656695477,0.6545454545454545,0.0346385542168674,1205.0,2237.0,29.93725504322393,55.576464341653065,10.1662730401583,5.90766197875095,0.538667858739383,3.675,2.383132530120482,22.263436778078507,376.4942262751363,0.1878308523636915,0.9942783307040142,118.5291793010152,378.6607981374328,0.978807553408416,0.966316172845129,0.9999965677771764,0.9992927804751016,0.7814382927396214,0.0222148394241417,0.3543300071046423,0.4271082856349791,1.7028152866801871,0.4534850640113798,0.0961567445365486,1.183588561542022,120.0,2.0,3234.0,3956.0,1760.0,3320.0,3.55553015736678,3.563869331650733,0.0253142236124822,0.0178058670579684,0.0,0.0010111223458038,9.407522729220796,0.0301136363636363,0.6391566265060241
"Iserlohn, Germany",DE,False,0.5.0,0.0003768444019167,0.0149277332789374,2.512072618147836e-05,0.0031386360236622,0.0289605823335324,0.953721974712764,0.3463942282578182,1.07028059586534,1.0947132670545945,8.707357475015894e-05,0.0001707792100611,6.191738832758451e-05,0.0001758022084996,0.0122029543994861,0.0279733587059942,0.6582520205609359,,0.8021515782075483,0.0022052434672936,0.5923423423423423,0.4196825396825396,1.2527914846357189,0.0067437379576107,0.285918173168411,85.32185998027776,171.50706107083283,0.0629338004661767,0.5857418111753372,0.0856327307326355,620.0,1501.0,4.944887089449381,11.971412131070196,3.947095067370476,3.310070444407706,0.4130579613590939,3.547206165703276,2.5156993339676497,13.132600895571162,453.4646694712822,0.0836058455107323,1.0000000000000004,157.07754422369138,453.4646694712821,0.9616109718120328,0.9561174695755555,0.9988796034760052,0.9947054877556456,0.773627011984091,0.4300786992994898,0.3693563254737969,0.4042706865102941,1.5811029406261017,0.4485755673587638,0.129316503929507,1.0998034081250123,126.0,1.0,1841.0,2644.0,1038.0,2102.0,3.511238163691387,3.5407918809615,0.0647106235032891,0.0385136998919772,0.0010863661053775,0.0011346444780635,3.616663854177376,0.0115606936416184,0.6284490960989534
"Jena, Germany",DE,False,0.5.0,0.0002059447008982,0.0177569738932497,1.0277486872342962e-05,0.0030708977542448,0.0428312559804097,0.9616761256679016,0.5355761341691326,1.033797655878548,1.111462423012952,5.094900051854975e-05,0.0001864767032411,4.202578950995458e-05,0.0001888407383894,0.0041901829998289,0.0406761753829899,0.7003273078644894,,1.0895347840187544,0.0027267702227456,0.6062318096216401,0.4341618191433104,1.7173546280585124,0.0056439199589533,0.248283148441627,55.46854151002143,148.89737639414696,0.0601882997351991,0.6880451513596716,0.0972002113048071,1345.0,1423.0,11.760061575067205,12.442057711019055,6.847777030398246,3.8801940269670334,0.9451862262825016,3.6336582863006672,2.602218700475436,15.707688027076296,366.7342380587836,0.0799723013178249,0.999999999999999,196.41410548698587,366.734238058784,0.9815226436308158,0.94997226493896,0.9998859638466328,0.9960588444697408,0.8410019073136695,0.677787640415047,0.4849225576678359,0.3560793496458336,1.2867215111634611,0.4639095812997688,0.151018249140439,1.1053606895344772,214.0,1.0,3541.0,2463.0,1949.0,1893.0,3.5543974026018867,3.558388942126818,0.026331901533197,0.0227434999274417,0.0,0.003248071457572,3.206555554837661,0.0020523345305284,0.6545166402535658
"Kaiserslautern, Germany",DE,False,0.5.0,0.0008941326027829,0.0145033183667231,4.537197629652989e-05,0.0036986755641587,0.0355823213210413,0.9409003869132768,0.2926356544785622,1.0450139367934117,1.0853475251709896,0.0001192993901277,0.0001934386338958,8.26728158167122e-05,0.0001998397654863,0.0013574660633484,0.0301364023870417,0.6670057558704139,,1.0177839242430071,0.0023638084507032,0.5512239347234814,0.4435437997724687,0.8867846118852527,0.0588235294117647,0.23231031543052,67.87191831488163,135.635178824195,0.1166729505045469,0.5828054298642534,0.1214833759590792,665.0,1801.0,4.7634853673930015,12.900807739360594,5.371637377949204,4.257219019716587,0.3692393114936146,3.301357466063348,2.658994032395567,15.052963073405992,423.046122752665,0.1215925700661605,1.0000000000000016,123.79837900634408,423.04612275266425,0.9810848476863618,0.963689337577994,0.9999890235677076,0.9989648541519544,0.829020356813207,0.379008407485374,0.4360254834801821,0.3929948733330249,1.5468936521764751,0.3832199546485261,0.1651376146788991,1.1119428995954062,126.0,1.0,1824.0,3119.0,1105.0,2346.0,3.3670901388351204,3.5300093854750467,0.1872995378419024,0.0481134134802008,0.0,0.0012824623276691,3.0303368653603906,0.0190045248868778,0.6462063086104007
"Karlsruhe, Germany",DE,False,0.5.0,0.0007350262373109,0.011676989474031,1.2589927739487954e-05,0.0025399267519945,0.1808426751716293,0.9746156036770532,0.8839058575356958,1.0250662794031349,1.084395066848444,3.91514918059798e-05,0.0001351087844388,3.0111650168702087e-05,0.0001331420777207,0.0092257557028879,0.026511758118701,0.8512436364877749,0.7493414495686983,0.8343571082042401,0.0051214801056824,0.5804203664156458,0.4545284780578898,3.98367467471416,0.0304528598718957,0.2024076147816349,44.56183075840538,160.44047228132197,0.0140745315920865,0.559163951005731,0.1276595744680851,5188.0,2849.0,29.93734752960002,16.44015094676763,7.515008120422913,3.6477742052723214,1.820989820989821,3.481739521294528,2.725643896976484,141.2425091496332,780.1811647784144,0.2045949505027758,0.998920578560202,690.351882109216,781.0242190654752,0.9849864618826172,0.964797091089352,0.999999741594536,0.9993927198855684,0.8442737593330452,0.5673103834312903,0.5595793652681595,0.2846943940648855,1.1685236159109156,0.4029112572359917,0.1820983330998739,1.116209504124313,576.0,4.0,15492.0,4868.0,8899.0,3572.0,3.536801986008431,3.554400608321066,0.0420715384704069,0.0263290222338777,0.0001290988897495,0.0016433853738701,4.506899282035002,0.023822901449601,0.66993281075028
"Kassel, Germany",DE,False,0.5.0,0.0019749911665198,0.0124488749285718,1.528584245254759e-05,0.0025358554939721,0.2076065469059174,0.9599358526599976,0.5640464176529186,1.0285883647989358,1.0692495339488033,5.873460167471513e-05,0.0001856282334734,5.824903997802342e-05,0.0001836575967884,0.0086642231724699,0.0316971544715447,0.796946117991024,0.4986071688899727,0.7675930227946446,0.0031718541737926,0.6005501222493888,0.4472239170225747,3.333283584744509,0.0229077580940745,0.2228658536585366,60.33201344296749,143.3710804961145,0.0334800711311333,0.6383628588882101,0.1262195121951219,2146.0,2549.0,20.112698929662645,23.8896875916636,6.033899732297829,4.042528144498711,0.8418987838367987,3.601099572388516,2.6817073170731707,130.90548022116616,629.6677679200643,0.3680664222100714,0.9986071688899736,355.6572192462934,630.5460120219116,0.98468033365065,0.9677302812811706,0.999881844360505,0.999495959174632,0.8484203045604337,0.4653971612448206,0.4749145519901654,0.3735057525702684,1.3446362263801983,0.4423047531713281,0.1708619374523264,1.130800148303878,273.0,2.0,5895.0,4398.0,3274.0,3280.0,3.5580400887566044,3.539771435534488,0.0230573829872354,0.0394242713239784,0.0,0.0004547521600727,5.909590913837907,0.0171044593769089,0.6509146341463414
"Kempten (Allgäu), Germany",DE,False,0.5.0,0.0056722814862534,0.0191175357150866,6.749152092767684e-05,0.0051709087443091,0.3686399177084459,0.945542810125835,0.7806107477098377,1.0369133907608827,1.1263773767151255,8.407760842520162e-05,0.0002811002198539,8.37101252723886e-05,0.0002808463804073,0.0122590305072056,0.0270506108202443,0.8362130198880204,,0.7021417474363143,0.0036297973143347,0.6246955218287428,0.4209737827715356,3.401398957177112,0.0162829870859067,0.2744951383694839,64.50398651982398,163.40301092276223,0.0201649940669352,0.6619876473891072,0.0710545998504113,1187.0,970.0,18.773970955806018,15.341829677448894,5.519485127198047,3.520903394904747,1.2237113402061857,3.743964065131948,2.522064323111444,101.5593670347966,275.49747641577704,0.4722455062141595,0.9999999999999998,215.05629105709315,275.4974764157771,0.9813830410233492,0.9437262412836364,0.9996287021163602,0.994674174262913,0.7791425800610249,0.6165176855055747,0.4933729723121036,0.2857696077489212,1.2922635252426025,0.4790553837503514,0.1311352566504308,1.0971220671798898,151.0,1.0,3334.0,1686.0,1781.0,1337.0,3.507704460598135,3.5373379077773723,0.0678187404174902,0.0415940338310444,0.0,0.0053380782918149,4.357356040966852,0.004491858506457,0.6544502617801047
"Kiel, Germany",DE,False,0.5.0,0.0065046209994723,0.0147736952622227,8.223683842982512e-05,0.0019518823710868,0.5876907119830364,0.9190387163205258,1.1880255352096172,1.038978516205715,1.0747550872536906,5.41287402020973e-05,0.0001336195455553,6.120642850419745e-05,0.0001304130183828,0.0073979973098191,0.0276326483223034,0.8621197389452742,,0.616963542324336,0.0017165537296831,0.608660985697912,0.4229115835947484,5.836521832422265,0.0133014497085637,0.2845698362939742,56.66442132187936,160.0446697208775,0.0140714066138879,0.633388133313406,0.1044932079414838,4377.0,2054.0,36.911550409664265,17.321527197041444,6.324237528696999,3.5258013607691203,2.1309639727361245,3.6508743087729782,2.5357018460466736,342.3666278663627,582.5625977839943,0.4946785187402081,1.0000000000000004,692.0992420254345,582.5625977839941,0.9830810938889852,0.964001146007802,0.9999998343976936,0.9975869063264464,0.8491243745737109,0.552198539847336,0.5677136844123221,0.2814106901613889,1.2000158247147854,0.444793301936159,0.1342164894544187,1.0986764665032889,427.0,1.0,12214.0,3640.0,6691.0,2871.0,3.566749191190263,3.569605516642275,0.0152062306809735,0.0126244446535678,0.0,0.001098901098901,4.912791568400471,0.0207741742639366,0.610936955764542
"Kingston upon Hull, United Kingdom",UK,True,0.5.0,0.0014418566194568,0.0063065399489822,4.152245165989442e-05,0.0002379252847265,0.070238048168926,0.941672594629572,0.2839573646251716,1.0468364267395849,1.0623850983495802,5.712183216919349e-05,0.0001709413789577,4.957392871816696e-05,0.0001723615234725,0.0118554327808471,0.0102984897134023,0.8255520077190415,,0.7253637163261001,0.0013203357005299,0.6184877823881973,0.3719519448078981,2.6323316477434755,0.0089779005524861,0.4043286954453561,80.15822613525721,80.73586408360582,0.046586244239259,0.6678176795580111,0.0392436674991081,972.0,5009.0,11.897017476570086,61.30880714006128,4.519573924801085,6.613561523954768,0.1940507087242962,3.705801104972376,2.2311808776311097,53.1971135376644,757.3831409683079,0.2473542049583444,1.0000000000000022,215.06452072089508,757.3831409683062,0.966889423980448,0.97119814818523,0.998842837662819,0.9999825630965437,0.802968156018839,0.0469222687746034,0.3479126358367682,0.4550555201820708,1.4738836181065635,0.4811483915600138,0.0578718848510081,1.158412919632308,156.0,1.0,2683.0,9381.0,1448.0,8409.0,3.480433565551566,3.5222426203391333,0.0916312226274186,0.0549983648459027,0.0007454342154304,0.0006395906619763,9.270165086995354,0.0034530386740331,0.5564276370555358
"Kitchener, Canada",CA,False,0.2.0,0.0001258042744211,0.0103725677377456,2.6702267050380217e-06,0.0023141021715132,0.0537049031341839,0.9876752926173707,0.647114860239274,1.064218258105144,1.128313225157089,1.997749449290454e-05,0.000146545623838,1.7459942195874926e-05,0.0001459629467258,0.0121636646653324,0.0383309073265405,0.8075040180074582,0.6658363484607395,0.7851047959380711,0.0033945633427393,0.6129773822766036,0.4617924070298087,,0.0262397153657994,0.1889374090247452,69.18681043122963,185.8212990014922,0.0189096982258786,0.6608850344674227,0.1467248908296943,3026.0,2785.0,,,5.291151698237424,3.151286303176317,1.0865350089766608,3.676228596842339,2.7691411935953423,,,0.0829912994338073,0.9991483500911816,571.8981750245441,883.766098051097,0.9772186183343554,0.941508302407642,0.9992296838244844,0.9985384989366632,0.6589936075326378,0.0203015075376884,,,,0.4692401824452108,0.1928623452294246,1.0986645420242294,449.0,3.0,8266.0,4756.0,4497.0,3435.0,3.532674003089381,3.497315886139732,0.0457455706413136,0.0769261949368589,0.0004839099927413,0.003574432296047,,0.0120080053368912,0.6640465793304221
"Knox, United States",US,False,0.2.0,,0.0211358883265275,,0.0046816896293226,0.0,,0.0,,1.115693601340367,,2.8568779791484085e-05,,2.828322749084189e-05,,0.0197682344921608,,,,0.0005357984675734,,0.4027303754266211,,,0.3231083844580777,,1054.448240531819,,,0.0586230402181322,0.0,993.0,,,,0.5320478783003983,0.0,,2.413087934560328,,,,0.9999999999999996,0.0,1866.37338574132,,0.9380637899414128,,0.9929664147053952,0.8121996785581908,0.1592462311557789,,,,,0.1037896893137589,1.0558857980900722,0.0,1.0,0.0,1770.0,0.0,1467.0,,3.3511795394472466,,0.2003030183208309,,0.0011299435028248,,,0.6182685753237901
"Koblenz, Germany",DE,False,0.5.0,0.0002180830795664,0.0158108771618777,1.0065946900192397e-05,0.0027953088778062,0.0528408809434815,0.9522405466022114,0.6379201044120162,1.049955494493079,1.0924808857033437,6.807565691836905e-05,0.0001746347525839,4.301967825422969e-05,0.000169922957574,0.0094082293111419,0.0153658536585365,0.6880366271599863,0.6665207945151019,0.9646487581478936,0.0073844260382235,0.6114966458477908,0.412109375,2.446068992192428,0.0405686546463245,0.3,49.018666066460845,160.45040157349683,0.0461665945174852,0.6601941747572816,0.068780487804878,1969.0,1435.0,18.584189245757813,13.544089165902722,7.59757361917281,3.532217121616913,1.3721254355400696,3.6664355062413314,2.4702439024390244,21.46715831533752,406.1997844405969,0.0828330704394182,0.9998507549813072,259.16168749337845,406.260416784094,0.9765006750796502,0.960903190562542,0.9999974316259334,0.9969571107243412,0.7873734205898025,0.102903567461445,0.5420409955846208,0.2453324250051816,1.5076484653946052,0.4603505118861704,0.1184371184371184,1.1382369891254562,250.0,3.0,5287.0,2532.0,2884.0,2050.0,3.5068114893387743,3.561139658439424,0.0686033467309341,0.0202667592322142,0.0,0.0015797788309636,3.834444118118865,0.0225381414701803,0.631219512195122
"Konstanz, Germany",DE,False,0.5.0,0.0084755760677877,0.0241036229973933,0.0002024985890174,0.0062993223180377,0.4678250131563352,0.9933452553466836,0.8946543540207711,1.0461124912783408,1.0929851323174091,0.0001416025554403,0.0001937282016618,0.0001428319978938,0.0002077071768198,0.0082293832293832,0.0345843758687795,0.8356202322744046,,0.724835828015401,0.0045991314147817,0.5799514394727714,0.4397103870788081,3.597443215451824,0.0155925155925155,0.2402001668056713,58.1718923660035,137.7025715965443,0.0354331780091956,0.5644490644490644,0.1092577147623019,1125.0,911.0,20.804965945295816,16.84739908992399,5.783264585229263,4.189808718866191,1.234906695938529,3.4760914760914763,2.633861551292744,101.72029693535814,217.43236055094357,0.522911458546899,1.0000000000000004,194.5268080719157,217.43236055094343,0.9762057126127164,0.958499394183636,0.9999104358118588,0.9988268990090766,0.8769378963948146,0.6636363636363637,0.4959307966792781,0.3810070997155364,1.2801649042985082,0.4061930783242258,0.1592143752611784,1.089110685559313,141.0,1.0,3344.0,1579.0,1924.0,1199.0,3.493414218674556,3.508443612425386,0.0803351595099807,0.0671690371678038,0.0,0.0012666244458518,4.021042539260142,0.0202702702702702,0.6505421184320267
"Krefeld, Germany",DE,False,0.5.0,0.0102818682482265,0.0117272001109689,0.0002513638913881,0.0028498132323888,0.5790715600225849,0.8591985389767233,0.9077857346011132,1.0340423433961787,1.0645655640803942,5.000202050343048e-05,0.000163102457633,5.736747799756608e-05,0.0001623769122259,0.0099623047926763,0.0243699885452462,0.8899141356734575,,0.376434244927275,0.0013453607777965,0.6145454545454545,0.4407831900668577,4.89807547058687,0.0230210016155088,0.2428407789232531,73.93739190620623,161.06068149382776,0.019254776682851,0.635702746365105,0.1280068728522336,3256.0,2644.0,23.635526297210724,19.192976514074065,4.825472053083494,3.557133896494057,1.2314674735249622,3.6857835218093697,2.643184421534937,430.4210213196489,743.2950450940166,0.6378945360680652,1.000000000000002,674.752638536038,743.2950450940151,0.9838625910705144,0.9676217078908822,0.9999985460572246,0.9995999687581112,0.8399268289682071,0.7642747743756566,0.5155524049721149,0.3243744239960923,1.2723534342836955,0.4473179109000909,0.161054592348474,1.1154359948260604,254.0,1.0,9126.0,4615.0,4952.0,3492.0,3.502131026744371,3.5192495171786544,0.0727104167298576,0.057644969780929,0.0002191540653079,0.0010834236186348,5.395629479393742,0.0218093699515347,0.6291523482245132
"Köln, Germany",DE,False,0.5.0,0.0041948848424974,0.0057194429886437,3.356659248912072e-05,0.0004220138549694,0.4657275944703369,0.9282176100937086,0.8448690735125254,1.0275179982760108,1.057316395274965,2.9126781795198744e-05,9.16500322648827e-05,3.4103937242782735e-05,9.025807870589864e-05,0.0058437618505877,0.0218237148136072,0.8977816714942626,0.916412928656832,0.5703248703252631,0.0053688004990847,0.5643417908749573,0.4321702266427523,4.663970262980754,0.0240614334470989,0.2574176719921747,63.4542135754889,140.54808121349612,0.004317991667168,0.5483503981797497,0.1061297685034235,10016.0,9104.0,24.737550609211493,22.485089930736965,5.303968339069485,4.073129978638963,1.1001757469244289,3.385665529010239,2.592598630583632,1040.9645757179442,2234.0472273422283,0.5512423274461736,0.9995128224278214,1888.3973960065496,2235.1361355382287,0.9827614786468032,0.9708172636222724,0.999996468152148,0.9993447528374004,0.8349254246633487,0.5346611384508079,0.5587275196113856,0.276197905051963,1.1398765221723903,0.377101408050064,0.1486690310219722,1.1201121835279295,1077.0,12.0,29760.0,15903.0,17580.0,12268.0,3.56854470963766,3.566294165810969,0.0135836853449565,0.0156172086072357,0.000268817204301,0.0009432182607055,5.520346772299754,0.0213879408418657,0.6359634822301924
"L'Aquila, Italy",IT,False,0.5.0,0.0017113687999763,0.0139270698727324,0.0,0.0027281899109792,0.0069269508031187,1.0,0.0273694283725953,1.5074136208417412,1.180871948918366,0.0012934727555646,0.0001151857965067,0.000350589092039,0.0001135603310513,0.0,0.0449980229339659,0.7032262855377247,0.7498461378598711,0.9389488762233636,0.0048949512406331,0.4761904761904761,0.4405539070227497,0.0471545505437592,0.0886075949367088,0.2194543297746144,203.32213578758908,183.46845702358425,0.7128157149366798,0.2911392405063291,0.0782918149466192,27.0,2632.0,0.0569259157395607,5.549222600982362,1.2072199837157531,3.220877916336643,0.0102583586626139,2.7848101265822787,2.641755634638197,5.660486049885698,816.9689993779931,0.2530908102580096,0.999755854266042,22.3654349366348,817.1685075830443,0.9002637226861732,0.9355193554398747,0.9993651819243752,0.9907189637333922,0.6352266888638336,0.0116893349349659,0.3114196320920445,0.323807056771789,2.3239143266569107,0.3398692810457516,0.1611515061581837,1.126068736073611,21.0,4.0,110.0,4454.0,79.0,3372.0,2.9294482910906696,3.5514102971201944,0.5067471515156227,0.0290129971265629,0.0,0.0049393803322855,1.7228913188035166,0.050632911392405,0.7022538552787663
"La Rochelle, France",FR,False,0.5.0,0.0047909617236789,0.018184472728408,0.0001229049747313,0.0050168427187295,0.299697493111257,0.979357778310908,0.7777806711375429,1.0479610744202752,1.0691993564370832,8.973443902928303e-05,0.000282312054772,9.571242875715204e-05,0.0002787507160756,0.0123973345730667,0.036629289840299,0.8403256296565242,,0.4819524560968142,0.0034708639329571,0.642624476500698,0.4579931972789116,7.113176988242475,0.0223152022315202,0.1952089704383282,54.08846098536312,106.9857801834296,0.0160523454917387,0.694095769409577,0.1314984709480122,1509.0,1579.0,47.89975553966124,50.1217455249338,6.733946817130488,5.480494150139269,0.9556681443951868,3.8521617852161785,2.745158002038736,86.3466557318831,288.1127060339766,0.3853239148678437,1.0000000000000024,224.0884938623594,288.11270603397594,0.97410828232124,0.962413953710902,0.999946093610824,0.9998124330292008,0.8508761629630316,0.4610181469422781,0.5144822854459717,0.3363938775170599,1.2160773295227534,0.4887130556202001,0.1867823424342944,1.1115592316960274,108.0,1.0,4143.0,2693.0,2151.0,1962.0,3.5212501587531064,3.5174145844674536,0.0558763448499571,0.0592656454786473,0.0004827419744146,0.0029706646862235,9.145479249103865,0.00743840074384,0.6732925586136596
"La Spezia, Italy",IT,False,0.5.0,3.214472956048117e-05,0.0107228068866258,0.0,0.0004599078124074,0.0313999790059411,0.9975136617077908,0.4020431194351175,1.2408543312274865,1.3469958659666368,1.657549252037703e-05,5.014373235031949e-05,7.855595451847635e-06,5.4688107249070047e-05,0.0081647940074906,0.0169814217718409,0.5955788808074935,0.7498347905136031,0.5157749148534082,0.0018514621044111,0.5347128505023242,0.39174729944197,0.9842804376500736,0.0062921348314606,0.3554429602333794,243.5771020261313,282.3385647036146,0.0342181369852848,0.5015730337078652,0.059266083218179,1136.0,4197.0,1.287298867263564,4.755980058015122,1.307857819806857,1.942646613053376,0.2706695258517989,3.2053932584269664,2.349762014432673,67.83823213260561,2159.9988310330605,0.0781010232187509,0.9997889953075118,868.5959458251842,2160.4546971120594,0.8979138498734508,0.8938600801457657,0.9549350431652592,0.9806671899405388,0.478318185428173,0.0075411814080369,0.2983616173972794,0.1799565680308935,2.2173855604156216,0.402474690663667,0.087781276399662,1.1182946840239314,448.0,4.0,3566.0,7652.0,2225.0,6513.0,3.563878661096444,3.571743896498332,0.0177974509560254,0.010689385640992,0.0011217049915872,0.0011761630946157,2.448196201026937,0.0089887640449438,0.5851374174727468
"Lackawanna, United States",US,False,0.2.0,0.0004694025945784,0.0088348721479139,8.13303160655916e-05,0.0009922239218426,0.0191684672413566,0.9722246811618364,0.126386974729974,1.335564225482664,1.091738278717756,4.130430936216247e-05,6.366842466247635e-05,3.5098033081063295e-05,6.491544898362968e-05,0.0263480392156862,0.0342541656700948,0.670404686395951,,0.1951019080428269,0.0003626226459055,0.6506765067650676,0.4576555023923445,,0.0018382352941176,0.2224348242047357,329.4289244271174,240.25855300953972,0.0637067113656066,0.6727941176470589,0.189308777804353,367.0,6502.0,,,1.052976474289963,2.357772443677989,0.0564441710243002,3.889705882352941,2.7452762497010283,,,0.1516648949174556,0.999999999999997,348.5358020438902,2757.687671443498,0.8716425947034008,0.9629698820268134,0.9533709813071112,0.9999741257620972,0.5930311655436865,0.0220100502512562,,,,0.5373961218836565,0.1864345953705365,1.120379405176186,68.0,1.0,1058.0,11478.0,544.0,8362.0,3.523208454539357,3.5116407820264754,0.0541435489574474,0.0643561667638205,0.0018903591682419,0.0039205436487192,,0.0018382352941176,0.5882563979909112
"Lafayette, United States",US,False,0.2.0,0.0119504151762216,0.0104446068958463,0.0041893590280687,0.001628863823384,0.0061540054636032,1.0,0.0236741295072011,1.0918225411167857,1.0724828256832075,0.0003443609570109,0.0001376819916504,0.0003278838313512,0.0001408441767465,0.0128205128205128,0.0385937295028204,0.4978562936356905,,0.4272974133395252,0.000919626754681,0.6926406926406926,0.4591863517060367,,0.0,0.2154663518299882,80.44747973394833,155.38692205444656,0.2904908598275147,0.8461538461538461,0.1839826839826839,132.0,3987.0,,,5.127568960074303,3.6665518709135,0.0331075996990218,4.102564102564102,2.754033844942936,,,0.2599464306272099,0.999999999999998,25.743193514863467,1087.397680537017,0.9640177795320428,0.9667199522324056,0.9944915282226908,0.999999858511872,0.7402360916644859,0.0401005025125628,,,,0.5700325732899023,0.1886996751648784,1.1095093210771214,11.0,1.0,320.0,6998.0,156.0,5082.0,3.2655873944846734,3.430154232925707,0.2684565752317208,0.1347266307007575,0.0,0.0017147756501857,,0.0,0.6005509641873278
"Landshut, Germany",DE,False,0.5.0,0.0137634972905834,0.0192460376241626,0.0007727267746565,0.0036055295680295,0.4894198949783103,0.8056552843854232,0.7570640134959477,1.0274306831118998,1.1052997659434136,0.0001660502297901,0.000223061545475,0.0001967597649731,0.0002252072774801,0.0104934770277935,0.0365146058423369,0.8568540825744959,,0.5063021155423595,0.0033623079967893,0.6339201211432898,0.4216746794871794,3.413124539501998,0.0096426545660805,0.2773109243697479,67.232608553096,141.2896685480427,0.053533594736622,0.660805445263755,0.0816326530612244,1195.0,1204.0,18.11444078137269,18.250867532027375,5.307289719939646,4.048218828134396,0.9925249169435216,3.7992058990357354,2.5270108043217285,145.5606968325485,297.4147522936295,0.646470953913503,0.9999999999999988,225.16200604431853,297.4147522936299,0.985317533365331,0.9535941668538775,0.9998565084568064,0.9981403336759346,0.8227321550922517,0.5163234033711659,0.4429807710305197,0.3797513840617321,1.456071071076076,0.4828173814257313,0.1322512774271115,1.094661098006307,114.0,1.0,3349.0,2105.0,1763.0,1666.0,3.4416494301803544,3.514576486616761,0.1249662170742501,0.0617696040228741,0.0,0.0033254156769596,4.508369805798816,0.0170164492342597,0.6410564225690276
"Lane, United States",US,False,0.2.0,,0.022175537876577,,0.0090731013073139,0.0,,0.0,,1.0549750983919013,,3.8631978590160935e-05,,3.847071918814623e-05,,0.0159137577002053,,,,0.0006785239037762,,0.4149519890260631,,,0.3326488706365503,,1218.0061400818597,,,0.1498973305954825,0.0,650.0,,,,0.4410405374545358,0.0,,2.484599589322382,,,,1.000000000000001,0.0,1473.7874294990502,,0.9610794331399222,,0.9999662600689638,0.7664276094446852,0.6158291457286432,,,,,0.1219763252702007,1.0071989182539167,0.0,1.0,0.0,1210.0,0.0,974.0,,2.613991736169172,,0.6877993822356538,,0.0008264462809917,,,0.5174537987679672
"Las Cruces, United States",US,False,0.2.0,0.0074109682329848,0.0094888622913757,0.0027412722728372,0.0018423886783252,0.024474681921029,1.0,0.0594135954201444,1.0369689011135406,1.0793784240700706,0.0002234434023401,0.000131079808713,0.0001208443168996,0.0001330839406361,0.0062893081761006,0.0368708398773464,0.6617100179339717,0.4997911543234898,0.2258392320556555,0.0020642955020539,0.6369426751592356,0.4646464646464646,,0.0251572327044025,0.1985640565402737,191.8769070320533,156.01506242975307,0.4392052677574002,0.7484276729559748,0.183307157280682,121.0,3572.0,,,2.1020420829795627,3.686831766668396,0.0338745800671892,3.7735849056603774,2.786627776531299,,,0.4119373983001007,0.99979115432349,57.563072109616,968.8535376887666,0.9857711563246916,0.9683958693398378,0.9996792934396836,0.9999999967456824,0.667125415709778,0.0411654230749708,,,,0.4920127795527156,0.1969918060388371,1.0894692474902716,13.0,2.0,300.0,6210.0,159.0,4457.0,2.881490141745126,3.392279641279914,0.5369293783362685,0.16649811324467,0.0,0.0012882447665056,,0.0125786163522012,0.6181287861790442
"Las Vegas, United States",US,False,0.2.0,0.0040118551819857,0.0041888567357009,7.361961481508989e-05,0.0002151130015069,0.064948180754591,1.0,0.1787961764513901,1.0857627002939314,1.0740669021074714,3.4111039196571626e-05,7.323766813635e-05,3.287873005723111e-05,7.185797297158423e-05,0.0234933605720122,0.0251564847270906,0.7923663204364058,0.9227608497784012,0.2043882167028037,0.0045679789572724,0.7011925042589437,0.426213430157339,,0.0010214504596527,0.2777290936404606,82.41587231937875,139.33402805795265,0.0614038538449766,0.8140960163432074,0.1107911867801702,2394.0,11538.0,,,4.704859526793385,4.05425701607764,0.2074882995319812,4.204290091930542,2.556960440660992,,,0.3632526267822549,0.9994951766330302,508.8355956998444,2845.897523083683,0.9530834338307014,0.9675318679123048,0.9953983086533466,0.9999997464668654,0.6512751864747982,0.0056281407035175,,,,0.5692622252513205,0.1396688264938805,1.1257693728772522,104.0,13.0,6174.0,20425.0,2937.0,15976.0,3.27963064498787,3.1149395245786744,0.2574826276420203,0.3810396714833695,0.0016196954972465,0.0014198286413708,,0.0010214504596527,0.6114171256885328
"Latina, Italy",IT,False,0.5.0,0.0029942055223946,0.0073869885472316,9.08574088512577e-06,0.0001533382599108,0.0089722588113276,0.9556600860344924,0.0793960936832223,1.224179864099559,1.102004401864329,4.659460152708054e-05,2.2569696485845987e-05,2.8522365788555623e-05,2.328308482839244e-05,0.0139833711262282,0.0135891877689099,0.6025954198274364,0.7499125008594067,0.4795458524011098,0.0007321936042815,0.6148316307226637,0.3946097753251872,0.1926276294998763,0.0085034013605442,0.3486057739678786,133.4596049148352,227.37070686446265,0.0516509221330505,0.6428571428571429,0.0635037934771898,1144.0,13222.0,0.5080557943148785,5.871952545831576,2.637502188206104,2.420265958952577,0.086522462562396,3.684807256235828,2.367425362104641,49.01577265281813,5462.190144657515,0.1130063003744936,0.9998451723219508,433.7437159732144,5463.035973832443,0.938717699901766,0.952558591537375,0.9993717853371376,0.9994426498160216,0.3992426212357152,0.0062972292191435,0.1487098507926273,0.2505327704430878,2.795270382330425,0.4808401930173148,0.0919661994038087,1.0900154389844092,208.0,4.0,3250.0,24027.0,1764.0,20298.0,3.5270505485018715,3.5613099590012856,0.0507392601902514,0.0201133178319297,0.0021538461538461,0.0009572564198609,2.4261600358882847,0.0056689342403628,0.5878904325549316
"Lausanne, Switzerland",CH,False,0.5.0,0.0001505912986872,0.0272547756464486,2.8248559452865813e-06,0.0098914839440103,0.0624103955832777,0.9240855058470177,0.5046242032549895,1.065884803768283,1.1150629611208092,7.543657979549779e-05,0.0002794877643413,6.286306195220347e-05,0.000293734146344,0.0082217524077989,0.0494557823129251,0.6513225089709165,,2.2235274336848048,0.0046947521323799,0.5466948953187485,0.4526244035446489,1.58940404554131,0.0436927413671599,0.2030612244897959,46.25080383324032,160.3944206125834,0.0799376588542066,0.5320648343904157,0.110204081632653,775.0,781.0,11.459894189601693,11.548615951069577,7.210183100860768,3.666601415388734,0.9923175416133164,3.2755461592670896,2.710204081632653,13.29365083043045,213.00379057351068,0.1236769762145978,0.9999999999999998,107.4868681084505,213.00379057351077,0.9647984754994252,0.9476257427389944,0.9999205851114484,0.9952060646525812,0.7666413349945774,0.0283240661268052,0.542608540687897,0.2240327943066804,1.946524934625612,0.4038122132015531,0.1785166240409207,1.141344601824405,239.0,1.0,2324.0,1328.0,1419.0,980.0,3.5110201817350712,3.538168629162498,0.0649025022256364,0.0408536284860034,0.0008605851979345,0.0015060240963855,3.1496785831696923,0.0140944326990838,0.686734693877551
"Le Havre, France",FR,False,0.5.0,0.0037769996456659,0.0131758800264063,0.000166763735197,0.0043467842099421,0.1194385417918835,0.9895546516939848,0.4427494028825937,1.0416258078911087,1.058669029929748,6.489673449087549e-05,0.0002784920615672,6.340258870454423e-05,0.0002767532585874,0.0088863019014357,0.0312606764605398,0.8330182349162498,0.4999404115100139,0.4935388683896749,0.0043702807855775,0.6072261072261073,0.4834188034188034,3.378206243019751,0.0360884749708963,0.1445165698667577,64.81711031215916,107.88224879197544,0.0440110173828544,0.6513387660069848,0.1827810044414075,1143.0,2504.0,19.056965667173703,41.74859320262725,5.641149265693985,5.471591543543144,0.4564696485623003,3.639115250291036,2.8985309190297235,54.65943615615906,457.60922950759857,0.2697655626732843,0.999940411510012,202.61828683580956,457.63649937555977,0.9748682429289725,0.9728668255043552,0.9999999979846538,0.9999547606281154,0.836004047163132,0.3868842961675545,0.5252910890751384,0.3107129580879937,1.361686844538417,0.4395220052462839,0.225166695161566,1.153762990744711,100.0,2.0,3126.0,4242.0,1718.0,2927.0,3.4580299848521574,3.501080090186929,0.110963132245529,0.0736313578548913,0.000639795265515,0.0018859028760018,7.630063916575329,0.0139697322467986,0.6727024256918347
"Le Mans, France",FR,False,0.5.0,0.0002112478932029,0.0133195779292255,1.2048186707639225e-05,0.0033958110782394,0.0342980758450569,0.9864889310152344,0.364667415207016,1.0547407732214358,1.0734474856181764,6.187143962436862e-05,0.0002538307708723,5.348031268311659e-05,0.0002517109562113,0.0129824561403508,0.0325788751714677,0.7286808623711512,,1.203308962757793,0.0021510174958054,0.5524335173105871,0.4527568062228323,3.2082720436482832,0.0596491228070175,0.2064471879286694,51.32682995440285,117.45736864992377,0.0215479946857752,0.5042606516290726,0.1241426611796982,1045.0,2314.0,19.77581822458905,43.79066351358762,6.164009147460264,4.977454485293904,0.4515989628349179,3.311278195488722,2.714677640603566,15.94504736104592,464.8962651163982,0.0940530313781571,1.0,169.5325193393926,464.89626511639824,0.9697026062580962,0.9606953715145844,0.9997158618358444,0.9996641390503882,0.8836113174821115,0.5645497799150192,0.4984663032154184,0.385145014266693,1.4859127030199737,0.3794228356336261,0.1789943367084263,1.1441383540879864,204.0,1.0,3303.0,3958.0,1995.0,2916.0,3.556838687490438,3.5675554531197906,0.0241379657082804,0.0144778060313901,0.0006055101422948,0.0017685699848408,8.797802901657658,0.0195488721804511,0.6694101508916324
"Lecce, Italy",IT,False,0.5.0,0.0012275322409097,0.0127912038587739,0.0002390431182193,0.0025108135942327,0.0142260722467105,1.0,0.1350530674336059,1.0506343416390114,1.0683339474246716,0.0001396418999925,0.0001361735725782,0.0001079693058001,0.0001474264418038,0.0101063829787234,0.0235889517927603,0.6246670754172916,0.4995211541488413,0.5356649232710301,0.0025836853930121,0.6393034825870647,0.440010298661174,0.4418151699007501,0.0063829787234042,0.2421513124034997,58.111709983128165,150.98265160218776,0.1031742079784398,0.7393617021276596,0.1199176531137416,703.0,2945.0,2.970989589761755,12.446037470623567,6.724507876063109,3.804476741210368,0.2387096774193548,3.827659574468085,2.638703036541431,11.012232592394223,773.7173859109638,0.1053369058329926,0.9995211541488446,104.54296625964756,774.0880547644166,0.9704415891583204,0.9701779223271684,1.0,0.9999964684934746,0.5090360386155427,0.0924817798235519,0.1902930174277035,0.3187430211878391,1.9897867494320105,0.488,0.1600360499549375,1.1042053205491684,56.0,2.0,1799.0,5127.0,940.0,3886.0,3.4360484192511582,3.5560834284459517,0.1297287964859476,0.0248169662621785,0.0011117287381878,0.0005851375073142,3.2714189932631705,0.0085106382978723,0.6379310344827587
"Lecco, Italy",IT,False,0.5.0,3.211951258585529e-05,0.0096521665749161,0.0,0.0003689626126148,0.019370204096792,0.9892234017157846,0.418747436104588,1.1761451890871428,1.1683576535567772,1.235252767013776e-05,5.068248103175696e-05,6.948395272005362e-06,5.426582988471524e-05,0.0149393414211438,0.0148105384696126,0.6502638645627552,0.833269793005661,0.6133449471531709,0.0030335034338751,0.5676956873627009,0.3932808398950131,1.0320449916540393,0.0034662045060658,0.3493229768027711,168.6853739848663,176.0020521891965,0.0380252172044777,0.5639514731369151,0.05552639865645,1630.0,6198.0,2.03108133230543,7.723093311428869,1.9680162674402928,3.1336090471930094,0.2629880606647305,3.4038128249566726,2.359189671460061,38.31254096597026,1977.7572573413213,0.0462574870355841,0.9999222385860596,828.2451862656935,1977.91106250219,0.9178045247783452,0.9353652852171608,0.9723122820320604,0.9893078890126308,0.6290923081287124,0.0014296019411108,0.3784386929588112,0.2506536151699013,1.9624818535360395,0.4393755420641804,0.0901359651425271,1.181166055346139,508.0,6.0,4910.0,11238.0,2885.0,9527.0,3.551694311926817,3.576331604025224,0.0287582368442104,0.0065314936591649,0.0008146639511201,0.0010678056593699,2.46460014479055,0.0010398613518197,0.5950456597039991
"Lee, United States",US,False,0.2.0,0.0761206550680235,0.0232279633582889,0.0341394025604551,0.0035831967788167,0.0285353602482417,1.0,0.0385011124505125,1.3310584748176015,1.0983514972607384,0.0001952738444677,3.613084726882977e-05,0.0001751310020909,3.5472130972853224e-05,0.0256410256410256,0.0,0.4713842969383341,,0.0642591286221591,0.0008246826456845,0.7567567567567568,0.3573502243335972,,0.0,0.4411067193675889,555.7854032581761,895.5595720217597,0.4293849814978639,0.6666666666666666,0.0229249011857707,26.0,707.0,,,0.5569124480587124,0.5830506304989885,0.0367751060820367,4.307692307692308,2.140711462450593,,,0.7411567726755871,1.0000000000000002,46.68597387368679,1212.5876605174626,0.8195217843332133,0.9505996714509192,0.8857271101101659,0.9935284000994742,0.4334641490834282,0.0117587939698492,,,,0.6575342465753424,0.0356435643564356,1.0198079979890502,3.0,1.0,84.0,1354.0,39.0,1265.0,3.245105361809918,3.5307813440036617,0.2843155658462862,0.0474277353323686,0.0,0.0,,0.0,0.5359683794466403
"Leeds, United Kingdom",UK,True,0.5.0,0.0007268665607018,0.003448431494265,1.3415315818893237e-06,7.387161113983897e-05,0.0695552394449731,0.9907397294007444,0.3778507454145809,1.059402364385399,1.0710473635184756,1.9869736018144133e-05,8.57090087612157e-05,1.3157432975560112e-05,8.55009720683016e-05,0.0124548265712901,0.010242773427882,0.814200102283815,0.666633559981088,0.7194987301565525,0.0010271906732285,0.5942984907769704,0.378444263869395,1.9999308820465669,0.0283894042695875,0.3855813266361353,69.1965184043026,95.01552690527204,0.0146046803368013,0.6036660333072539,0.0406263849903974,5633.0,16636.0,10.208554865589448,30.149035814654013,5.104453837496046,5.696114679943559,0.3386030295744169,3.564993852688052,2.2704978578815185,203.14214660756065,2920.463040830835,0.1840812550697936,0.9999574656834048,1103.546075511818,2920.587266014252,0.9673163734186692,0.9660514300595302,0.998626458060302,0.9994699009483762,0.7660361986116588,0.031453634085213,0.3717134860884387,0.3943227125232201,1.4655151914370503,0.4357426351389122,0.0676861137274456,1.20401088642622,794.0,3.0,15948.0,30738.0,8947.0,27076.0,3.5680257950657177,3.5749459863145123,0.0140527469648211,0.0077882139187464,0.0001254075746175,0.0011386557355716,5.292912363722416,0.0259304794903319,0.5737922883734673
"Lehigh, United States",US,False,0.2.0,0.0005384197541102,0.0055347877602614,0.0001962473824974,0.0007939024269795,0.0131694562774733,1.0,0.0888807321632876,1.1871199253884708,1.0698818721985175,5.225276305182595e-05,7.288917877093698e-05,3.675967580939446e-05,7.348488884925883e-05,0.0306513409961685,0.0351214839327701,0.7366598392908585,0.898622842747201,0.1677197767213035,0.0027605660283801,0.6657060518731989,0.4757425311384026,,0.007183908045977,0.1816598449882435,232.29841896212227,221.0695413599568,0.0510666506320145,0.7313218390804598,0.2159714360358791,515.0,9395.0,,,1.5995497224346538,2.593551783663111,0.0548163916977115,3.9827586206896552,2.853958024906383,,,0.1481699796675729,0.9978228907658584,321.96560868150146,3622.445504724251,0.9178814798584164,0.9680208479013358,0.9809012315288836,0.9998918606666518,0.6398567623835658,0.027359017308766,,,,0.5364095169430425,0.2139715169199947,1.1213635448355492,54.0,10.0,1386.0,16386.0,696.0,11483.0,3.496511269843251,3.5275936642608525,0.0776297203851998,0.0502575389465936,0.0028860028860028,0.0018918589039423,,0.0086206896551724,0.6021945484629452
"Leipzig, Germany",DE,False,0.5.0,0.0007938550389223,0.0080506109434056,1.3819312283075742e-06,0.0008754457832539,0.1639025063864169,0.9334723209026686,0.8213305118927802,1.0308490770251164,1.0620817516826166,2.0408641348811676e-05,0.0001119592260937,1.5168679022431528e-05,0.0001072251974165,0.0088593385717986,0.0315873668814845,0.838613475348456,0.4999475881042519,0.7242426612604183,0.0013627550875317,0.6059245185249158,0.4500068577698532,4.047275099908828,0.0273724203436663,0.22473604826546,57.26896118669093,149.10242213214343,0.0126550211705716,0.6300837578792851,0.1475387357740299,7553.0,5654.0,25.36016467515537,18.98402900480981,6.265984903207261,3.852508632452256,1.335868411743898,3.634919264312236,2.699300699300699,240.5458000282069,1467.5382205549236,0.1995573085537743,0.9999475881042564,1205.3970950574708,1467.6151410466878,0.9849978557907284,0.9710608450606047,0.9999998499530404,0.9999146399162816,0.8424583632251175,0.3958710428717897,0.5453636236874291,0.2970947395376884,1.2691225309717875,0.4465172518029106,0.1750222892805706,1.1684604414148536,873.0,2.0,21048.0,9843.0,11581.0,7293.0,3.552424440696721,3.5306911529598035,0.0281031605328729,0.0475078586261424,0.000475104522995,0.0013207355481052,4.92770576680728,0.0221051722649166,0.6277252159605101
"Lens, France",FR,False,0.5.0,0.0014276900590959,0.0224780553355889,6.766869743027594e-05,0.0106150396048891,0.0966401815882109,0.9850004436256564,0.3533534029592473,1.0251217590451405,1.0723775078574966,0.0001791530193723,0.000494062968164,0.000135602376044,0.000488292296909,0.0043613707165109,0.0411887382690302,0.6931266644939895,,1.2808852957298045,0.0067553011648744,0.5791119449656035,0.4785788923719958,4.49064803040112,0.0242990654205607,0.1397288842544317,56.48765889051916,107.73791132067646,0.1188930175070384,0.6,0.1397288842544317,327.0,825.0,28.07321858139535,70.82692761361213,6.251484950800688,5.573123461021422,0.3963636363636363,3.4616822429906544,2.8654848800834203,14.30582874538756,148.031890154609,0.2734944131820251,0.9999999999999968,52.30757213262074,148.03189015460947,0.9790940111795348,0.965544863096708,0.9999377482518838,0.9998187271642384,0.8255244895333007,0.1592343289861169,0.3781996849434559,0.4473248045898446,1.5824040380122948,0.4300469483568075,0.2174594877156299,1.1285528563255216,67.0,1.0,926.0,1374.0,535.0,959.0,3.46016395595836,3.511062569971044,0.1091307014548775,0.0648651915021654,0.0,0.0036390101892285,12.708659355741462,0.011214953271028,0.7205422314911366
"Lille, France",FR,False,0.5.0,0.0007995674116798,0.0173731282537272,5.010704802433749e-05,0.004847373243405,0.1222798895355359,0.9880596670476632,0.5048927226950831,1.0511750395300803,1.0645537402559109,8.913623728055417e-05,0.0002395408519958,8.732968797892782e-05,0.00023902792992,0.0176504134587966,0.0371544715447154,0.8401450245117399,,0.6713058414901694,0.0025293838363513,0.6198630136986302,0.4930838079739625,5.736415106164108,0.0637296834901625,0.1056910569105691,45.9509564516149,108.73300398210816,0.0319740552259925,0.6197604790419161,0.1605691056910569,1503.0,2200.0,43.19318001403406,63.22355025340981,7.529646863878541,5.564644439973044,0.6831818181818182,3.7159965782720272,2.9560975609756097,48.34374592664581,395.3532024789451,0.2421898435826411,0.9999999999999996,199.61095482581516,395.35320247894526,0.973237288434129,0.9717602638754445,0.9999849724521168,0.9998859933896926,0.821621871453825,0.225433046364485,0.5076441279896634,0.3139777434641617,1.5354667942706983,0.4581460072789552,0.2394710071210579,1.1281880112278468,134.0,1.0,4344.0,3636.0,2338.0,2460.0,3.55111307632841,3.5565943353945184,0.0292795673476727,0.0243576714368073,0.0,0.0024752475247524,11.361651393079136,0.0230966638152266,0.733739837398374
"Limerick, Ireland",IE,False,0.5.0,0.0014031069110947,0.0088215109319103,0.0001989945740836,0.0004525050544022,0.0436706947288699,0.7813457587629181,0.1813733104570962,1.033417526596978,1.0962851572059369,7.265399886652765e-05,0.0001624939958789,5.750542416983877e-05,0.0001598567279336,0.0041082164328657,0.0115012837939888,0.773328008344965,0.4996092063521007,0.628331447351758,0.0029221167864227,0.5629183400267738,0.3717890601390148,0.5518049194400683,0.0671342685370741,0.4055278658812868,73.8039855192159,139.08460501696072,0.0812096979963129,0.5661322645290581,0.0398731309469868,672.0,2624.0,2.9870949979239243,11.66389475379818,5.4133170848766845,3.8338172237866415,0.2560975609756097,3.370741482965932,2.229723606705936,29.889766851058383,684.1678683046902,0.2407779546991296,0.9996092063521004,124.13830364332117,684.4353412884636,0.979602254950023,0.9551367441992484,0.9993977279732268,0.9985838704708544,0.6705448738863781,0.0166496643619098,0.3805976074512526,0.2899472664351255,1.922026753245396,0.382722250125565,0.0576901280743511,1.157870018170963,78.0,2.0,1682.0,4921.0,998.0,4414.0,3.4978475789633454,3.570977763358815,0.0764611560742289,0.0113828912854537,0.0,0.0018288965657386,3.042371107686196,0.1072144288577154,0.5545990031717263
"Limoges, France",FR,False,0.5.0,0.0011721613535249,0.0125637379267917,8.286237701497393e-05,0.00282209857322,0.0313049165998295,0.9864327862545657,0.2185963904986859,1.0557322113670016,1.081399514938188,7.372580805609905e-05,0.0002025619948219,7.018760470548444e-05,0.0002064153182152,0.0078247261345852,0.0307913079130791,0.7412488395406911,0.6661184779560314,0.7472205901829665,0.0053262953452269,0.6023831922232675,0.4446153846153846,1.5435551775275094,0.0413145539906103,0.2217097170971709,64.0931522633482,129.92924305474412,0.050268008534598,0.6741784037558686,0.1017835178351783,727.0,2531.0,9.114179404371974,31.73038249307492,5.90466705503279,4.4936178395898345,0.2872382457526669,3.607511737089202,2.6660516605166054,17.63228355026308,562.9116002280418,0.1432087534858803,0.999411145356298,123.12294549789188,563.2432686423158,0.9695624819492148,0.9594944178625744,0.9984079183108464,0.9971556576567292,0.7253120412049774,0.0539632925616418,0.4269079092276637,0.2984041319773137,1.6883320997082685,0.4461176470588235,0.1671026311740267,1.1620679286848017,92.0,3.0,1921.0,4335.0,1065.0,3252.0,3.5208178129290646,3.5777774481593347,0.0562586914910049,0.0052193015795446,0.0,0.0029988465974625,7.061210727250269,0.0084507042253521,0.6765067650676507
"Lincoln, United Kingdom",UK,True,0.5.0,0.0039230374240301,0.0118940849257299,0.0006252857097715,0.000590667351276,0.1459292445938397,0.9902420802402688,0.3481780535096656,1.0303483287686857,1.0715739414749952,0.000156731431521,0.0001985299931286,0.0001256404354819,0.0001890602605717,0.0011454753722794,0.0076227008950526,0.8207279558781999,0.7495924768334732,0.4756078202160438,0.0137996837563997,0.6398775353999234,0.3683692549945871,2.826649902181023,0.0332187857961053,0.4107406314547064,60.36093762766823,77.44101389090207,0.1029828123322037,0.7571592210767468,0.028917084685748,676.0,1997.0,18.933306578737124,55.93167638718644,6.698143468042618,6.8894921153825806,0.3385077616424637,3.8304696449026334,2.208911183239894,42.29930110569769,289.7081502962849,0.4191224665738119,0.999470213935066,100.92348771346128,289.86171499364644,0.976460889002255,0.9691718420928268,0.999597907435306,0.9999992622535456,0.8006191985336187,0.0901608679386457,0.3722101624037724,0.4284090361298462,1.515010454299896,0.4865020103388857,0.0528569319356267,1.1054995212690353,48.0,4.0,1672.0,3743.0,873.0,3389.0,3.476649357075308,3.565461118465976,0.0949111870120136,0.0163693928852779,0.0011961722488038,0.0024044883783061,8.118403425167502,0.0171821305841924,0.5603422838595455
"Linköping, Sweden",SE,False,0.5.0,0.0060061173005563,0.0064881515852396,0.0002856702347929,0.0002481715555343,0.4143540749075695,0.9998591416205668,0.5326462988799991,1.0376294211025705,1.1219480413630682,0.0001024300817074,6.0856411693573866e-05,0.0001172102625995,5.950965563537128e-05,0.0142750719276613,0.0272366790582403,0.9399286348787306,0.499852592078535,0.2879978125066554,0.0007428618349501,0.7077488309953239,0.3948107750784994,0.910091495028371,0.002389025893958,0.352540272614622,52.05788906107521,281.7382468656796,0.0128424626613535,0.7599414303329223,0.0726146220570012,9876.0,5225.0,6.26765776484731,3.3159692002153904,6.886843574614356,1.9407265438072665,1.8901435406698568,4.245838471023428,2.368277571251549,1115.561617014219,2691.893822074282,0.7779159937445096,0.9998525920785368,1434.0386699654389,2692.290687048435,0.9839727364152128,0.9478221317389116,0.9999907953386324,0.9955724224149224,0.4898696651981309,0.3933287535302648,0.3695214136050044,0.1203482515931265,1.1459281890635813,0.5774848730103673,0.092221877905175,1.0490812107744425,413.0,2.0,27547.0,9556.0,12976.0,8070.0,3.547725218337528,3.5643109085935976,0.0323154702027995,0.0174074805376321,0.0001452063745598,0.0028254499790707,1.7086225830199695,0.00115598027127,0.5748451053283767
"Linn, United States",US,False,0.2.0,0.0006490623005959,0.0069191806342878,5.8794680289543664e-05,0.0009013728503097,0.0212500014052838,0.998435723791804,0.1559117692051597,1.165463179337361,1.0595671015775348,3.4778061251595245e-05,6.525920543231204e-05,2.486730227646448e-05,7.055163498376541e-05,0.0128832354859752,0.0281949934123847,0.7287927848984423,0.6658265343634409,0.1731476321385697,0.0007862840871963,0.6470780280770486,0.4623325280035141,,0.0122309197651663,0.2140974967061923,150.06762940561177,302.09143880598566,0.1652623030086352,0.7671232876712328,0.2009222661396574,1589.0,7158.0,,,2.6711804608561867,1.8760738320505304,0.2219893825090807,3.87866927592955,2.7733860342556,,,0.1362950437520956,0.9987714966192393,594.868082963845,3815.414872119599,0.947179820554612,0.969912352679466,0.998573788447494,0.9999962019938382,0.5212003568181246,0.017788944723618,,,,0.4954690178790105,0.1935643292515512,1.1190472033249614,103.0,3.0,3964.0,12630.0,2044.0,9108.0,3.455582855944039,3.0593116288532043,0.1130621480611843,0.420235057775472,0.0025227043390514,0.0015043547110055,,0.0102739726027397,0.5849802371541502
"Lisboa, Portugal",PT,False,0.5.0,0.0109066503750466,0.0079160123237687,0.0001302186718009,0.0018395599879104,0.2452672864072313,0.996599949603952,0.4785488887453374,1.0575881600232242,1.0783712677533452,4.544204344797241e-05,0.0001632921261021,5.059999695609793e-05,0.0001641486409409,0.0083354026984521,0.0281334195495204,0.846863014469337,0.9079720344799498,0.4532250656550933,0.0114701628208103,0.626335403726708,0.4603277274687365,5.28854799461148,0.0116712192699279,0.1849337213061752,60.68136116181025,112.29624428278116,0.018610463676285,0.6995281847529178,0.1277077271257678,2847.0,5042.0,32.80760313406625,58.10183877834986,6.203518086154089,5.257505540229616,0.5646568821896073,3.756146014402781,2.76107339152926,235.21376223052945,957.631000155278,0.5125229462976597,0.9985621358215,458.9331344667709,959.009926174951,0.9676806797059968,0.9604347949435174,0.9997381694161932,0.9991918696035548,0.791416730694999,0.2255483968963204,0.4185811350890401,0.3728355956059588,1.2972604299361998,0.4651509504286247,0.1912347376081507,1.175676811327572,208.0,11.0,7563.0,8540.0,4027.0,6186.0,3.555600685709575,3.562778512923744,0.0252508426834071,0.0187896471065178,0.0002644453259288,0.0010538641686182,11.051217794021063,0.0074497144276136,0.6873585515680569
"Liverpool, United Kingdom",UK,True,0.5.0,0.0001225136370872,0.0056901175583738,3.0135595064653994e-06,0.0002469170776051,0.0206995900757444,0.9573950108603424,0.1507997600953684,1.0331272085982814,1.0530893239433492,4.211519632028747e-05,0.0001521891772523,3.2497541460919555e-05,0.0001521571910597,0.0106987629555332,0.0115756158624436,0.7842584359520695,,1.3141342074089075,0.0007206222662195,0.5600736278447122,0.401294498381877,1.5671544546053715,0.0315947843530591,0.3290583150286969,62.52263330412557,81.6864590413261,0.05156110720031,0.5466399197592778,0.0646921278254092,1120.0,9469.0,8.387583383058143,70.91252415551568,5.352110226538096,6.823572238833061,0.1182807054599218,3.357071213640922,2.4074257776518104,28.72460517260442,1387.6895661940448,0.1372654045513975,0.9999999999999978,209.2632536689083,1387.689566194048,0.9698087639027728,0.9735582765051554,0.99980232525837,0.9999955254503832,0.7752076918019812,0.0151260078731187,0.3003839479534295,0.4748237438485518,1.867334671695876,0.4087371328144614,0.1019099252329825,1.1735111605852953,275.0,1.0,3347.0,16988.0,1994.0,14113.0,3.4988066255408667,3.563066739959897,0.0756220411498365,0.0185297508167452,0.0,0.0011773016246762,10.392287452011036,0.0150451354062186,0.6062495571458939
"Livorno, Italy",IT,False,0.5.0,0.0001005098892283,0.0153755455997281,1.667129501064519e-06,0.0008443131094065,0.0390616764462935,0.9810329216032672,0.6272422408052133,1.175663891300999,1.1111381681875951,1.3304697141266158e-05,3.095571616062762e-05,8.897361165150842e-06,3.12812409505513e-05,0.0108735887469924,0.0269796741965647,0.6994083251418546,0.4999743257716396,0.3519222676694992,0.0010663792838756,0.6142592592592593,0.4469551518731847,0.9693123838305572,0.008328706274292,0.2241252030119592,177.32833098696028,206.5761979514479,0.0318426681984384,0.6390893947806774,0.1277129780008858,2315.0,5255.0,1.9074851382556897,4.329950065457299,1.9678745160746156,2.801911568383388,0.4405328258801141,3.6835091615769016,2.6809390225896945,73.26038124882938,1875.4571490498013,0.0622752644913528,0.9999743257716396,1176.3961477674943,1875.505301201196,0.9243443291459186,0.957764684321108,0.9768046897209832,0.9998731510320052,0.6372882650066274,0.0078188804541377,0.4887565474726392,0.148531717533988,2.4333489634183736,0.4786775941102931,0.1704453142308544,1.1202101022243411,414.0,2.0,6634.0,9079.0,3602.0,6773.0,3.568794371890508,3.5536851146928985,0.0133579687978611,0.0269715557170061,0.0012059089538739,0.0014318757572419,1.5453557186872748,0.0036091060521932,0.6481618189871549
"Liège, Belgium",BE,False,0.5.0,0.0060322484346022,0.0135921596692111,7.193602850739092e-05,0.0038799989750027,0.2070615077114692,0.9933663628328808,0.4818787352473656,1.056614348516154,1.0890901877005137,8.074736288277162e-05,0.0002104780984577,9.070403935147388e-05,0.0002108916102635,0.0054693274205469,0.0364416307750851,0.8217435592458364,0.6663742778867292,0.6241491748658967,0.0055355376992036,0.6250924693001924,0.4548648976129892,3.8132722441738593,0.0337028824833702,0.1907010533962949,61.81195651679571,144.3667479735502,0.0229194349870492,0.670509977827051,0.1017072284780239,1539.0,2228.0,22.47176727223973,32.53222708417812,5.893040368825859,4.111059331275246,0.690754039497307,3.7472283813747223,2.7272066836178714,112.21755805651397,541.7399938164508,0.429696296113123,0.9996073863124392,261.1555162834619,541.9527718927075,0.9728115070555498,0.9606647575486986,0.99993763812889,0.9978198707608164,0.8014026388310299,0.2965093977752205,0.4200455192322393,0.3813571195987906,1.4097004439511078,0.4734739178690344,0.1825122704962734,1.1399119678139606,163.0,3.0,4225.0,3754.0,2255.0,2753.0,3.551071147574251,3.5671578116864024,0.0293171692992242,0.0148370924453239,0.0009467455621301,0.0005327650506126,7.913344095203475,0.0119733924611973,0.7075917181256811
"London, Canada",CA,False,0.2.0,0.0003592261598492,0.0078482617307581,2.671117935915444e-06,0.0013588076057263,0.0284106604697284,0.9582234683973806,0.253920528275819,1.084803063458728,1.1152050759450811,1.941272466670965e-05,0.0001086525766878,1.560343614213107e-05,0.0001063422170261,0.026184122748499,0.0451294241944004,0.7480481987772605,0.499949809850579,0.7620953543172638,0.001121806695448,0.5786604361370716,0.4645423800465018,,0.0206804536357571,0.1839936608557844,87.04081063845128,202.8026790858681,0.0650365331064815,0.5280186791194129,0.1540412044374009,1641.0,5149.0,,,3.6249231201003767,2.888091337430982,0.3187026607108176,3.4696464309539694,2.7863708399366085,,,0.1118880015831866,0.9999498098505816,452.699256130585,1782.8383518438666,0.9653838496029729,0.9450975711584352,0.9991288666285448,0.9999335858891364,0.5219806364900866,0.0068844221105527,,,,0.4253046236020698,0.196829171621086,1.1005363289964785,345.0,2.0,5201.0,8791.0,2998.0,6310.0,3.441972388634017,3.292624390594349,0.1246912069174552,0.247256035824948,0.0007690828686791,0.0045501080650665,,0.019346230820547,0.6619651347068146
"Lorient, France",FR,False,0.5.0,0.0012259838021305,0.0173710851332273,0.0001544107268877,0.0075389233664629,0.0454218681476462,0.9295933106670649,0.2869589932254395,1.0371576387395394,1.073025164275763,0.0001758591584154,0.0004393832257644,0.0001501445537168,0.0004372665583306,0.0124923826934795,0.0303153153153153,0.7076508025970567,,1.0902893482971725,0.0051289890772422,0.5920489296636086,0.4636896707262066,3.653485062491254,0.036563071297989,0.1695945945945945,57.7979864006191,94.82986132985012,0.0937458803557128,0.6179159049360147,0.1121621621621621,344.0,1229.0,22.46351494495382,80.25482519577977,6.148516980561103,6.303527575930725,0.2799023596419853,3.539305301645338,2.7783783783783784,8.855910485203966,194.97019489417173,0.1582869651064119,0.9999999999999994,55.94845083579929,194.97019489417184,0.9770078673284436,0.965185096380818,0.9998135635591844,0.9997884269199068,0.793371658026231,0.1520264681555004,0.3861075722497258,0.4072640857765051,1.5309790435648294,0.4426078971533517,0.1952622673434856,1.1209429995647926,61.0,1.0,968.0,2056.0,547.0,1480.0,3.516543496560616,3.52888350954742,0.060034532033823,0.0491130097438597,0.0,0.0024319066147859,12.731732229144733,0.0109689213893967,0.7182432432432433
"Lubbock, United States",US,False,0.2.0,0.0044787279497039,0.0063406797803362,0.0025836614173228,0.0015408499612911,0.001840593840143,1.0,0.0061382472260321,1.0736838796391392,1.0341467731207254,0.0005342425026997,0.0001021495783708,0.0004392781925716,0.0001023630156795,0.0,0.0156432890354706,0.508816492124242,0.4998199354569499,0.8764136308877064,0.0008276374674851,0.6089238845144357,0.4819055011157466,,0.0,0.1726646619458725,63.936115076010616,162.1714641902973,0.3346057628395212,0.7674418604651163,0.2359103695799786,99.0,8528.0,,,6.674226881375611,3.5290461613565305,0.011608818011257,3.5968992248062017,2.8908720535454457,,,0.2998565832176187,0.9998199354569484,14.833178697634462,2416.5169878996203,0.9769913664781982,0.98554198384982,0.9999969268785518,0.9999999964281284,0.6900478084234485,0.044572864321608,,,,0.458498023715415,0.2228690632125357,1.093113866594646,13.0,2.0,232.0,14901.0,129.0,10309.0,2.415617654450608,2.491206229538954,0.7805403383669435,0.747124717653475,0.0,0.000671095899604,,0.0,0.5913279658550781
"Lucas, United States",US,False,0.2.0,0.000851577665258,0.0060838748002042,3.356830395637696e-05,0.0006207871369428,0.0351538674927357,0.9999368608861928,0.175778687511143,1.1039868462333675,1.0543676196061973,4.5791753868310695e-05,6.981521207384779e-05,2.412758829538024e-05,7.2149996487782e-05,0.0294992175273865,0.028039769909749,0.7788326152473075,,0.1674040520306317,0.0002604076508848,0.7062639821029083,0.4734414521648564,,0.0040241448692152,0.1814936030943171,106.9074325970184,201.1383274520547,0.2612127303253593,0.7870556673373574,0.2018000595060994,2364.0,11003.0,,,3.502152026552332,2.8652653826863457,0.2148504953194583,4.234741784037559,2.840226123177626,,,0.1999893615686898,0.9999999999999988,675.0135294175743,3840.1329477146287,0.9610374646704456,0.9718850399886506,0.997829548367962,0.9999999234993616,0.5680874773108946,0.0060804020100502,,,,0.578117133747273,0.2101327976788304,1.1243546695503626,113.0,1.0,6314.0,19092.0,2982.0,13444.0,3.443411432384776,3.0056110655545467,0.1234652867921622,0.4568563637737172,0.0022172949002217,0.0022522522522522,,0.0057008718980549,0.6166319547753645
"Lucerne, Switzerland",CH,False,0.5.0,0.0001354144979363,0.0274461749538723,1.7543752219759224e-05,0.0071067370014666,0.0192670632014781,0.9682295647566652,0.2737600406716988,1.0444737210713515,1.1327722123270472,0.0001468587315602,0.0003004393923899,0.0001210907924554,0.0003035857053012,0.0017452006980802,0.0260586319218241,0.5606560097371802,,2.084962675330887,0.0056512818494807,0.5084646818447168,0.4240116068190062,1.2960953590290207,0.1082024432809773,0.2790445168295331,55.61666382304485,151.36955047378143,0.1251062245330055,0.5026178010471204,0.0955483170466883,312.0,664.0,8.347731282578904,17.765684524462795,6.440676779239968,3.752451148055231,0.4698795180722891,3.0401396160558463,2.538545059717698,3.409326187340733,176.95100450385058,0.0703793846399365,1.0000000000000009,48.44211418987207,176.95100450385047,0.97880607388068,0.9405359722095704,0.9999521921535232,0.9940703026466698,0.8185487398586684,0.1092436974789916,0.4057477698106455,0.4128009700480229,1.8358360510045888,0.3496932515337423,0.135547087642896,1.122459771725116,101.0,1.0,871.0,1169.0,573.0,921.0,3.416256714548565,3.5208088936827218,0.1464537254410125,0.0562665784445265,0.0,0.001710863986313,4.734421268527414,0.0418848167539267,0.6254071661237784
"Lugano, Switzerland",CH,False,0.5.0,0.0004256043581886,0.0340897772746945,0.0,0.004960777707494,0.0257926809260437,1.0,0.2204724111123459,1.1998838790677384,1.299471046558693,0.0001633641126576,0.0001852392932529,0.0001104278267789,0.0001853505042043,0.0,0.0168432491170877,0.5932081851743207,,0.8408329431956323,0.0039442652410432,0.4962121212121212,0.4087074829931972,0.6490863721730317,0.0,0.3121434392828036,213.34715109439003,168.796701209863,0.1943270441433395,0.4157303370786517,0.0725346373268133,74.0,844.0,0.8593024925102022,9.8006932929542,1.3238646339675912,3.328959863440476,0.0876777251184834,2.943820224719101,2.448247758761206,6.539286622423464,253.53264521721383,0.1169882471730244,0.9999999999999988,55.89695358673019,253.5326452172142,0.9367810718203172,0.9148658492052612,0.9903749272880208,0.9902271220898884,0.702768830787314,0.0599730062789742,0.2963359255134858,0.4064329052738282,2.1660369287636647,0.3732193732193732,0.1126990608411596,1.0537763249267489,47.0,1.0,262.0,1502.0,178.0,1227.0,3.3609231915947326,3.53713907103645,0.1923521323724154,0.0417712106356401,0.0,0.0006657789613848,2.9440707292953645,0.0,0.615321923390383
"Luton, United Kingdom",UK,True,0.5.0,0.002169723624369,0.0100762485336861,0.0001338683306797,0.0006726976775998,0.0539051627581327,0.9603177539528206,0.1997407046296986,1.030893070682553,1.0644663647739137,9.082245770910756e-05,0.000209523869258,8.105612299584454e-05,0.00020798766861,0.0024444444444444,0.0080358522639468,0.7171384025758247,,0.7025768864587005,0.0021927062868406,0.5975935828877005,0.3807977736549165,2.099841808251332,0.052,0.3734353268428372,67.92933107645814,92.5816956500606,0.1223544414705307,0.7026666666666667,0.0305980528511821,541.0,2703.0,12.470898014938944,62.30838693970419,5.938970243346203,5.926885093330236,0.2001479837217906,3.576,2.283727399165508,24.583850140641548,456.0574327721989,0.2698757013903004,1.0000000000000009,91.09323297353036,456.0574327721985,0.9694930598572378,0.9671480234588934,0.9989539154061006,0.9992596850885552,0.8498211923205384,0.1706758854691826,0.3426581773647729,0.5071630149557654,1.5715608325714612,0.4381270903010033,0.0710889481618926,1.1457476610552977,64.0,1.0,1341.0,4926.0,750.0,4314.0,3.4274326037085974,3.565680761362719,0.1370295139586561,0.0161710984104853,0.0,0.0012180267965895,10.512838693266104,0.0186666666666666,0.5959666203059806
"Luzerne, United States",US,False,0.2.0,0.0011176731914739,0.0066779129077746,0.000352215684319,0.000485883316651,0.0155342136874164,1.0,0.0920973573551839,1.2275570799134716,1.0866166027714743,7.680985160676357e-05,3.8057899530683046e-05,4.352520082394812e-05,3.815633969188933e-05,0.0191411042944785,0.0348133173604871,0.708423499719115,0.4999446764769624,0.131899409252937,0.0004262311238212,0.6888068880688807,0.4547201837152413,,0.0024539877300613,0.2240191674153938,257.2306549418145,257.5775323140758,0.0590760313435145,0.7607361963190185,0.1752770290506139,620.0,10364.0,,,1.4346953287161577,2.208729683641677,0.0598224623697414,4.122699386503068,2.7279125486672657,,,0.1686716550129336,0.9999446764769584,432.1475003022484,4692.289906165519,0.8996158687526106,0.9626696569203188,0.9790864304718848,0.9999278370277735,0.6256730280801377,0.018643216080402,,,,0.5673846153846154,0.1820870932714269,1.1069642336552838,57.0,2.0,1680.0,18217.0,815.0,13356.0,3.46527054608788,3.54313506543308,0.1047380382277802,0.0364211795977132,0.0,0.0027995828072679,,0.0,0.6007038035339922
"Lyon, France",FR,False,0.5.0,0.0033731302667258,0.0126050523932695,3.945577825813773e-05,0.0044835655987008,0.2348582017620678,0.9625744001755142,0.4997811572828917,1.018571929925467,1.0536356663564244,5.851542147459918e-05,0.000253070339154,5.666400081776324e-05,0.000253407310653,0.0061636075232268,0.0322063285652362,0.8788606695632744,0.4998913157493125,1.0146841860858715,0.0036881457221719,0.5608705508954885,0.5173498156582086,5.648819313927237,0.0738726489916156,0.0998049414824447,36.515802703167786,113.66127069247254,0.0263914740011386,0.5893949694085656,0.2929128738621586,2656.0,2769.0,55.35845388981157,57.71368931509346,9.800004357251185,5.106237752347096,0.959191043698086,3.363698164513936,3.102080624187256,127.35841772746356,542.218985404118,0.4699220815744576,0.9998913157493126,271.0202876629113,542.2779224737865,0.9882638337640056,0.9777276506549544,1.0,0.9999275976202936,0.7642924641482814,0.3757578826120527,0.4998602643699065,0.2644321997783749,1.3308507461632693,0.3722933907720213,0.2760696274605498,1.1498682799932705,275.0,2.0,7422.0,4771.0,4413.0,3076.0,3.471929894888924,3.4752656938079505,0.0989934701150339,0.096108996635908,0.0,0.0006287989939216,11.30258560494274,0.012463176977113,0.6072821846553966
"Lübeck, Germany",DE,False,0.5.0,0.0059222665659943,0.0144102428648547,0.000282721674434,0.0021553200848898,0.6460989249984339,0.948639939128606,1.138493350601772,1.0410863477426229,1.09367144934957,7.11305662106192e-05,0.0001200404787079,8.939790797494844e-05,0.0001246536178668,0.0084960117548278,0.0315285572796302,0.8892348482870944,0.8492756089246616,0.4301461240877102,0.0098790475920083,0.588766404199475,0.4331020812685827,3.763992218044113,0.0108627204030226,0.2419940574447012,71.92426958941424,180.1602666537937,0.0260706077281191,0.5796599496221663,0.0805546384945526,3833.0,2296.0,17.88438767122773,10.712902189704897,4.751441192012085,3.2403276101787224,1.6694250871080138,3.531486146095718,2.5968966655661934,457.8065276907553,698.0889712584313,0.5675034682081597,0.9852077386454512,806.7026077148702,708.5703287493707,0.9837955634523288,0.957459896350716,0.9999995032796414,0.9989622689201224,0.8240652108500783,0.4539321291596521,0.5663567621429455,0.2577084487071328,1.1120431827298702,0.410347271438696,0.1505038823723773,1.0609457040034558,347.0,7.0,11216.0,3933.0,6352.0,3029.0,3.5621546240707342,3.558655313101914,0.0193520940808697,0.0225037969875999,0.0001783166904422,0.0050851767098906,3.306116997569273,0.023772040302267,0.6774513040607462
"Madison, United States",US,False,0.2.0,0.0005194600424767,0.0117970782560077,7.871800837121162e-06,0.0011816767199507,0.0402226774032069,0.9994351540220128,0.2917150598171757,1.0610224678747608,1.064800449602866,2.684321662244596e-05,8.406136554130031e-05,2.1884087365334167e-05,8.317216340588635e-05,0.0066198501872659,0.0273009950248756,0.754253635151406,0.4999213655939369,0.6256012523594452,0.0013721602011559,0.6126100805696084,0.4636080870917574,,0.0196629213483146,0.2111318407960199,65.02385145845352,162.98286441624734,0.0737813439907369,0.678932584269663,0.2016480099502487,2476.0,5074.0,,,5.823265792639046,3.481170430332536,0.487977926685061,3.6735955056179774,2.780783582089552,,,0.1378834449905169,0.9999213655939376,425.1909646868276,1457.5557564745,0.9743316186089852,0.9710774605406484,0.999645306474461,0.9996790027857052,0.6912240079367119,0.0217587939698492,,,,0.4560787069571328,0.1954273271638541,1.113554098910868,266.0,2.0,6539.0,8943.0,3560.0,6432.0,3.460818185368335,3.2647992673184336,0.1085685399494961,0.2690700275684741,0.0012234286588163,0.0007827351000782,,0.0165730337078651,0.5872201492537313
"Magdeburg, Germany",DE,False,0.5.0,0.0082299543015105,0.0113787919647797,0.0005807808259874,0.0018899867406185,0.974592010979527,0.9996478308210204,1.3028709076623146,1.0317185155245856,1.079254201181946,0.0001143240902294,0.0001510704474481,0.0001288186730604,0.0001511539245798,0.0099177330895795,0.0297210672210672,0.9163807133867534,,0.3318486559492133,0.0012495836982169,0.6583470469921375,0.4350840700294678,5.169789120643138,0.0150822669104204,0.2507796257796257,48.26385084316051,159.415641813541,0.0089796490726112,0.7248628884826326,0.1088877338877338,8268.0,2883.0,40.99560126849414,14.2949103116919,7.929840136959815,3.602549801959517,2.867845993756504,3.949360146252285,2.6091476091476093,779.9333589019875,800.266521903977,0.7480342106404047,1.0000000000000016,1042.6439697647966,800.2665219039759,0.9868032421995496,0.9637604669650348,0.9999999654443876,0.9996981995217352,0.8835136467767956,0.8551277691716729,0.6077871021146461,0.2757265446621493,1.055306811573032,0.5032685714285714,0.1525159277077103,1.0636622407017455,346.0,1.0,21603.0,5020.0,10940.0,3848.0,3.5119252043498075,3.4955209844603687,0.0641057268386133,0.0784952195465903,0.0002777392028884,0.0031872509960159,3.967997972968073,0.0308957952468007,0.6403326403326404
"Mahoning, United States",US,False,0.2.0,0.0017153138871274,0.0079232478705281,0.0001161382371591,0.0013129070788142,0.0120134419609846,1.0,0.0579146433091453,1.3239360700781495,1.053122734979995,9.310575871881488e-05,6.987940588459354e-05,5.935527545252473e-05,7.406767650296978e-05,0.025025025025025,0.0282607821857791,0.7825777239911265,,0.3603910765584931,0.00031624122198,0.6566265060240963,0.4676154866722952,,0.0,0.1994453153261787,140.01100159909367,271.8719891893748,0.3834601638204412,0.7177177177177178,0.2031834076932352,478.0,6639.0,,,2.6101050696206016,2.0995254727256247,0.0719987949992468,3.927927927927928,2.80501627878934,,,0.2074335828480809,0.999999999999998,183.1343900916145,3162.1431062616184,0.9492012412753726,0.9709416375625844,0.9980231228133613,0.9999850184290464,0.557170268421339,0.0142713567839195,,,,0.53353428786737,0.2013750678487425,1.1071710352185336,66.0,1.0,1308.0,11631.0,666.0,8293.0,3.2420570410537137,3.0727665296009112,0.2866609864934595,0.4108722764162664,0.0045871559633027,0.0032671309431691,,0.0,0.597371276980586
"Maidstone, United Kingdom",UK,True,0.5.0,0.0001295540088063,0.0080523278995949,9.248530277482544e-06,0.0003444712162247,0.0097626462881841,0.997056941536576,0.1855604478290464,1.065582376928606,1.0994921858769406,5.495895686960396e-05,0.0001134055745519,4.279047064363567e-05,0.000122987533628,0.0069124423963133,0.0141734090778676,0.5988535350412079,,0.7345072985222235,0.0009735393089106,0.5723633564280216,0.3717926640261753,0.4846222632132502,0.0069124423963133,0.3959373386124978,128.180201979909,158.58883584314617,0.0480743681663021,0.5783410138248848,0.0213461869512824,503.0,3509.0,1.278908360330819,8.921847786085175,2.6389797939762745,3.416149434967368,0.1433456825306355,3.4262672811059907,2.2299879497331725,10.02799393802438,1027.1798897560552,0.0526116766929679,0.9999999999999976,190.60396034412463,1027.1798897560575,0.962533661021006,0.959750994771336,0.9945031980231422,0.9973093036159484,0.5845800876050252,0.0145214351804256,0.3625166306573055,0.2220634569477197,2.298535298846353,0.438474870017331,0.0576078532678894,1.1307522497200369,140.0,1.0,1487.0,6477.0,868.0,5809.0,3.5153690638293096,3.5473863130559167,0.0610706755434437,0.0326189059439684,0.0,0.001389532190829,2.611667889806583,0.0011520737327188,0.5827164744362197
"Mainz, Germany",DE,False,0.5.0,0.0007613415858348,0.0108164503258414,2.9811318633360355e-05,0.0023055210389172,0.1065944509439894,0.9991359004510856,0.6801756176135929,1.0268506634543833,1.0779953820067831,4.881375442568791e-05,0.0001712560231123,4.207962539867272e-05,0.0001735389209433,0.0054874599283424,0.0277045663499846,0.8336462889466776,0.4996090955590764,0.8136317255468524,0.0037647106219989,0.5724077218134943,0.4328937953592967,3.700184239606669,0.032057326041863,0.2608029420778425,39.694918371743086,125.44258115084855,0.0173935690177144,0.5636432208184047,0.1161507814894269,3183.0,2412.0,32.59421543125409,24.69910387062044,8.808808783726636,4.540241010130717,1.3196517412935322,3.433151046577409,2.59577076310144,56.62823077083748,531.0416634510505,0.1567160718256526,0.9996090955590768,361.3428419379773,531.2493311738438,0.9860731915284292,0.9652426938324262,0.9999968426723812,0.9993432727168928,0.8164883475366674,0.3345249150838983,0.5249787445984697,0.2915096029381978,1.3334474772426228,0.3861899820771625,0.1493635945407146,1.1436353985315622,294.0,2.0,9103.0,4235.0,5303.0,3263.0,3.5417711839256496,3.5559868244836284,0.0376394353650169,0.0249037990786238,0.0,0.0011806375442739,5.440042459311942,0.0365830661889496,0.6230462764327306
"Malmö, Sweden",SE,False,0.5.0,0.0109261078343046,0.0096155728429011,0.0014403969939603,0.0017418145897749,1.3025502192169125,0.9904649984421666,1.3920001391972083,1.022212479458768,1.072170062778628,0.0001407723556969,0.0001776252694465,0.0001496468184082,0.0001788029597972,0.0078057815704174,0.0244683337228324,0.96785205971675,0.7488220395197667,0.1606544621752176,0.0053886996074832,0.6942569802831812,0.442288208245655,12.02734829584249,0.0087318912482635,0.25519981304043,49.23632468406574,130.80072490943024,0.0126858112421056,0.8108751736455646,0.1624211264314092,8220.0,3185.0,95.68115513681046,37.07353760471305,7.955299271568005,4.290752062458551,2.5808477237048666,4.164715221274062,2.652488899275532,966.875360733091,741.1810099412494,0.9357400064400258,0.9985004543361156,1033.2735098198036,742.2941138610167,0.9892000159232278,0.9692495737365994,1.0,0.9999652085851964,0.8125989261522923,0.6388080754650445,0.539000231041573,0.2735986951107194,1.0475205747705352,0.5495508907746514,0.1636852566350988,1.0603853044422258,166.0,4.0,20986.0,5675.0,10078.0,4279.0,3.5260495019413,3.497782138137157,0.0516268269560618,0.0765183994417414,9.530162965786716e-05,0.0038766519823788,8.64033555541085,0.0047628497717801,0.5819116616031783
"Manchester, United Kingdom",UK,True,0.5.0,0.0001837231174785,0.0056546989201935,4.314476973438323e-06,0.0002921973325453,0.0361487265914727,0.9006840076845524,0.3130796422226203,1.0535823934719626,1.0615099144615985,3.68639158384539e-05,0.0001330656971691,2.649069427690213e-05,0.000135970001797,0.0068662674650698,0.0133723624832296,0.8175395875904581,0.8747146422413221,0.8085418840620953,0.005904093382721,0.5926192187874431,0.4084266510527214,3.668178086609625,0.0459880239520958,0.3140870837907061,57.1802733049282,80.93854121137014,0.0222587197978983,0.6093413173652694,0.0777167947310647,2667.0,9373.0,23.06119615685357,81.04709095545125,6.28682566995221,6.917383409530526,0.2845407020164301,3.5540119760479043,2.4502012440541527,48.98123962234868,1354.321890076256,0.1154617602564161,0.9995053636591826,424.2204476492623,1354.9921184195475,0.9752627906717756,0.9726436948491586,0.9998204433497312,0.9999979653363408,0.8259889556120101,0.0618837259344581,0.3770417914431423,0.4489471641688679,1.6784326361221171,0.4298382264829239,0.1128636779505947,1.1914838608775464,343.0,8.0,7419.0,16741.0,4175.0,13665.0,3.568412184742266,3.568011836403176,0.0137034889684427,0.0140653630556458,0.0,0.0017322740577026,11.71643758300103,0.0294610778443113,0.6081961214782291
"Mansfield, United Kingdom",UK,True,0.5.0,0.0011659118769347,0.0099563336188968,2.702692871511144e-05,0.0004609356505381,0.0586723540464354,0.8914161255881188,0.3231254722587888,1.0420621531390035,1.0699111351033497,7.150848982814797e-05,0.0002135100371178,5.710184136313232e-05,0.0002188751710824,0.0107671601615074,0.0096345769998464,0.7103799730389098,,0.799712693126468,0.0024150237536246,0.565901934322987,0.3705837173579109,1.7441722973672202,0.02557200538358,0.4011976047904191,106.35775149028734,85.81857039679225,0.0585459606536462,0.5746971736204576,0.0244127130354675,433.0,2600.0,5.644526187040965,33.89322883673559,3.236220524521128,6.2790617594240965,0.1665384615384615,3.386271870794078,2.2224781206817137,24.29473165983376,414.0746021645231,0.1815776194810329,1.000000000000001,133.7980513747815,414.0746021645226,0.9657727562774014,0.9688379543432744,0.9981682737738928,0.999869544572724,0.8021201562392851,0.0147073437344728,0.3533625513599803,0.4487576048793048,2.1013296421901675,0.4199864956110736,0.0557667934093789,1.1711317337503204,107.0,1.0,1258.0,4825.0,743.0,4342.0,3.519335985072406,3.569509119254432,0.0575685639493039,0.0127116317894142,0.0,0.0010362694300518,5.397817402554774,0.0080753701211305,0.5743896821741133
"Marseille, France",FR,False,0.5.0,0.0003388553600293,0.007573058346764,2.0590249101779495e-05,0.0009698043895949,0.0170887841558298,0.9964083311693536,0.1909683976613525,1.0470144893122335,1.0898905950244953,4.097442016595051e-05,0.0001334791210319,2.750044474264632e-05,0.0001361572504678,0.0025139984001828,0.0230848387834438,0.7373938482486226,0.8568854876685095,1.0176954382243315,0.0051924949237205,0.589937106918239,0.4295898139676731,1.063115183739862,0.0795337675694206,0.2653784587239881,49.90199813440466,119.62902977285924,0.0168189258626943,0.6746657524854303,0.1038188886348044,2016.0,6425.0,8.325060248713529,26.532000048603383,7.8308168071002,4.765968554986348,0.3137743190661478,3.5371957490572505,2.57694946261148,23.037381999999692,1347.556261712684,0.0894848800382863,0.999597006910133,257.44440837539366,1348.0995365103506,0.9744788738107606,0.9587245341455892,0.9999633864920568,0.999116925236524,0.8206417462845786,0.0662712056523217,0.4988941599259295,0.3217475863586491,1.5908569087379143,0.4295762566477955,0.14467890432893,1.152642207753258,262.0,7.0,5159.0,11269.0,2917.0,8746.0,3.5498779184311573,3.5638763090930743,0.0303869588826449,0.0177995727039251,0.0007753440589261,0.0015085633152897,5.566969177932267,0.0164552622557422,0.6308026526412074
"Matera, Italy",IT,False,0.5.0,0.003943921190154,0.0123362319985238,0.0011733496581981,0.0004867213339334,0.0034907193978622,0.9170515627669232,0.0146298526493572,1.0499823491936846,1.204798663137174,0.0002425602665217,2.020592814245118e-05,0.000167813911404,2.081284944890522e-05,0.01775956284153,0.0063530357860876,0.6511517555254307,0.8992298568870212,0.611068546862035,0.0027937008747651,0.6046831955922864,0.3655965886233808,0.015206815396846,0.0081967213114754,0.418335343787696,119.28766235949084,787.7379590744926,0.3663562625347257,0.6680327868852459,0.0284680337756332,163.0,2410.0,0.0473331960522763,0.6998343710796687,3.112630410578491,0.6732819108183977,0.0676348547717842,3.598360655737705,2.192521109770808,12.494964759445503,3572.051835669088,0.2386024987077094,0.997924433801514,52.36728377581648,3579.481286034494,0.9621873851517156,0.9039961807407364,0.9999999954991262,0.9635942161504772,0.2963514252375298,0.0048852701702442,0.1522152571188157,0.1441361681187141,3.015799985557676,0.4699792960662526,0.0493663246831623,1.0476350034042272,32.0,10.0,439.0,4544.0,244.0,4145.0,3.222622466111983,3.546657177998901,0.3015237142021371,0.0332715690373454,0.0,0.0004401408450704,1.039437358756595,0.0,0.5529553679131484
"Maverick, United States",US,False,0.2.0,,0.0135436436196754,,0.001829564991696,0.0,,0.0,,1.1088273030038365,,3.242080754919102e-05,,3.157394031710138e-05,,0.0570589208871234,,,,0.0002966194737624,,0.4551250206987912,,,0.2132571996027805,,613.302313528333,,,0.1529294935451837,0.0,3169.0,,,,0.9399871123533152,0.0,,2.729394240317776,,,,0.9999999999999956,0.0,3371.3228174652468,,0.9524844167274884,,0.9988733484676912,0.833221250787832,0.0777889447236181,,,,,0.1825860141597317,1.071258765398901,0.0,1.0,0.0,5497.0,0.0,4028.0,,3.541014454531741,,0.0383150340866565,,0.0016372566854647,,,0.6338133068520357
"McLean, United States",US,False,0.2.0,0.0029037401682573,0.0072717105991681,0.0003739009434823,0.0014854166163182,0.0165488861865992,1.0,0.0598371391328381,1.0516500517594332,1.0548876716368392,0.0001916165918127,4.805909679726023e-05,5.282892964984333e-05,5.24513242857591e-05,0.0265150054623738,0.0382229163955052,0.7208944062305791,0.4995838545800815,0.1660856448047855,0.0004228974398362,0.7108108108108108,0.4817949051772772,,0.0,0.1764935572042171,89.66620030318818,425.9844211899153,0.3774300295992131,0.8218623481781376,0.2424834049199531,1218.0,6327.0,,,4.304091816430399,1.3378360509218707,0.1925082977714556,4.2591093117408905,2.8900169204737733,,,0.2765654646332733,0.99958385458008,282.9865281568619,4729.27904405044,0.9741795224536088,0.9656785077824724,0.9999990686955388,0.99998736343803,0.2260217266159817,0.0160301507537688,,,,0.5816154106116931,0.2227068550224595,1.0817178368171048,47.0,2.0,3156.0,11102.0,1482.0,7683.0,3.260050271240425,2.784831994024854,0.2727610436095269,0.5948653227774856,0.0006337135614702,0.0018014772113132,,0.0,0.5810230378758298
"McLennan, United States",US,False,0.2.0,0.0013787423641846,0.0068909554009822,0.0003095800968141,0.0008234461987694,0.0022803587478813,1.0,0.0143408134947732,1.2206785873070152,1.0702867591387482,0.000168516213317,4.995330154972787e-05,0.0001437624456381,5.201935056931311e-05,0.0210526315789473,0.0292602451061942,0.5714421786678969,,0.3786718541099717,0.0002088639398273,0.6223404255319149,0.468801996672213,,0.031578947368421,0.1988853768091831,195.61547358247,283.218330890794,0.567407240038831,0.6368421052631579,0.2092829812011312,121.0,9631.0,,,1.7622805518194835,2.011568604477203,0.0125635967189284,3.694736842105263,2.812344035934121,,,0.1590118125943452,0.9999999999999988,68.66103122744694,4787.805883708873,0.9110734660612624,0.9708711533464822,0.9975756346848774,0.9999988266006462,0.7209906276075061,0.0316582914572864,,,,0.4986666666666666,0.2031698489953825,1.1263990191937092,26.0,1.0,351.0,16905.0,190.0,12022.0,3.130991075718116,3.34461593550716,0.369491435685797,0.2056367930155279,0.0028490028490028,0.0021887015675835,,0.0,0.5918316419896856
"Medway, United Kingdom",UK,True,0.5.0,0.003763601274515,0.0073182243795362,0.0001918602628924,0.0002897675690576,0.0527175650483859,0.9979715586245004,0.2608484952356666,1.0601825877126,1.0850478855879742,5.6967746419455465e-05,0.000125687794689,4.851521777197768e-05,0.0001304760878136,0.0043509789702683,0.0132900890028661,0.7690640174206225,0.9392061399650832,0.4371708412967671,0.0213816292712197,0.6322924231420963,0.381872139228409,0.8162521353222941,0.0137781000725163,0.3697390254940413,84.07112772322064,110.88569184340474,0.0821744024634771,0.7635968092820885,0.0298687584854427,1065.0,4178.0,3.9587118628669113,15.530045223528592,4.84986402063601,4.962913727508679,0.2549066539013882,3.788252356780276,2.290541559812944,44.37997492306222,810.58581251936,0.2021003226442139,0.9628691853221896,219.59378561305232,841.8441724751287,0.9623882863770616,0.9591757241170452,0.996114768513267,0.9982130794084568,0.772690004854029,0.021453634085213,0.3973649292889888,0.3753250755650398,1.7615190256759576,0.4827460951689066,0.0740209763827058,1.147449651506506,96.0,18.0,2612.0,7592.0,1379.0,6629.0,3.49387176826498,3.5565794075591253,0.0799357157327704,0.0243710927870062,0.0,0.0021074815595363,3.1292192603405344,0.0087019579405366,0.600392216020516
"Messina, Italy",IT,False,0.5.0,0.0042682926829268,0.0176466679597752,0.0,0.0013508850175249,0.013438298396024,1.0,0.0310754683547096,1.2393231219347784,1.20024167858594,0.000627360526534,0.0001093478323148,0.0002435234254879,0.0001167011674582,0.0,0.0277462765555303,0.6469693328680053,0.4995639215699281,0.413442795765994,0.0025695857032617,0.5,0.4325693971711671,0.1144198260223512,0.0476190476190476,0.2714901338171921,403.11904905219086,136.09644838016766,0.8069251782970897,0.3571428571428571,0.1351780449081424,15.0,3211.0,0.0709590791426093,15.18997354179456,0.620164193648991,4.125469846586762,0.0046714419184054,2.857142857142857,2.5942390564753914,10.459505887634586,777.9961729247682,0.4324407356514518,0.9995639215699258,24.18714294313145,778.3355882861789,0.9005864154374389,0.9455292474429918,0.9625769672312828,0.999760582668659,0.5501664926825358,0.0969059190531657,0.18713335310842,0.3630331395741157,2.0716756433709578,0.3544303797468354,0.148870986043345,1.0734994464627516,10.0,2.0,60.0,5719.0,42.0,4409.0,2.716911540346288,3.532346430554871,0.633260780874199,0.0460368179890825,0.0,0.0012239902080783,3.6819984405805553,0.0,0.593105012474484
"Metz, France",FR,False,0.5.0,0.0105446119880874,0.017080490413691,0.0001798290178345,0.0055527193377511,0.4050915584230237,0.9967743492006538,0.8158993997262615,1.0396192914077496,1.0800919037452674,8.900390987807219e-05,0.0002409236459811,9.69590647535133e-05,0.0002486495262672,0.0072290528233151,0.0396953923269712,0.8356838260469628,0.4965884727081555,0.4854007321806095,0.0063366106562055,0.6439963545226703,0.4568616097278518,6.164057446212061,0.0256147540983606,0.1937536148062464,45.554428275919584,133.34437937513883,0.0385329016327209,0.7148224043715847,0.1220358588779641,2164.0,1394.0,51.79816181435896,33.36720774917578,8.403257475510712,4.41661762737527,1.552367288378766,3.861338797814208,2.7379988432620013,127.85748735447726,314.5493787699202,0.4964969438130902,0.9965884727081564,257.5191830437734,315.6261459809536,0.9777070606623756,0.958629716693551,0.9999903524955,0.9972656911842211,0.8080897848178169,0.2532467532467532,0.5874924247259015,0.2205973600919153,1.284901149834519,0.4870962228678858,0.1853460758760498,1.1377673601628404,125.0,2.0,5653.0,2367.0,2928.0,1729.0,3.508029941685107,3.539469692820408,0.0675326753656606,0.0396934419823509,0.0,0.0012674271229404,7.554923374475008,0.0242486338797814,0.6842105263157895
"Middlesbrough, United Kingdom",UK,True,0.5.0,0.0036923447433013,0.0070381901196364,0.0001147775004878,0.000364830329619,0.1667741660377998,0.8622502237012387,0.3835220994404495,1.0435452959412743,1.0773379702966384,9.52481360105046e-05,0.0002016620713059,7.500858748416992e-05,0.0002019402759472,0.0146743020758768,0.0090246125797629,0.8512871139762941,,0.5551997334021322,0.0019011729228853,0.6360812425328555,0.3776521369080187,4.143537777474578,0.0050107372942018,0.386873290793072,75.78106818004241,84.67338707968659,0.0374519142581526,0.7050823192555477,0.0388331814038286,1004.0,3363.0,20.622259229224387,69.07635237836814,4.976969038711971,6.393644539663565,0.2985429675884626,3.811023622047244,2.265086599817685,87.7217238002151,525.9910805390133,0.4348489077451331,1.0000000000000002,201.7292034952729,525.9910805390132,0.9734442208902172,0.9638887595773872,0.9995253510993456,0.9999981552154944,0.8124102654541058,0.3083709273182957,0.311608291566351,0.5008019738877547,1.4822458355850476,0.4937253495876658,0.0663930688554491,1.1386730547220554,112.0,1.0,2662.0,6212.0,1397.0,5485.0,3.491864181888153,3.538198462969202,0.0816877071700528,0.0408270328932829,0.0,0.0019317450096587,10.80390878001531,0.0136005726556907,0.5742935278030994
"Milano, Italy",IT,False,0.5.0,9.296354739677508e-05,0.0082295688862177,2.256826843922998e-06,0.0029685424449709,0.029774898779668,0.9906969511627424,0.5472884094916207,1.0640073635243052,1.0577105119709402,2.4308714380757767e-05,0.0001604166661874,1.7019881703493393e-05,0.0001641185709834,0.0101410039481105,0.0293008592446065,0.7652456563975596,0.6665736171701726,0.6278261718346768,0.0020866517430401,0.5919365151002294,0.4993507430385225,4.329137255730676,0.0467005076142131,0.111928458098947,49.99313799396705,138.46768398976585,0.0176094790663868,0.5852227862380147,0.210298572046733,5427.0,6155.0,29.85888897654409,33.86428259639375,6.897191567908483,4.281113826137398,0.8817221770917952,3.550817822899041,2.99524015577672,42.80766861884765,1437.5519102418002,0.0544044022553411,0.9998900664055888,786.8419988870475,1437.7099628657388,0.9739688583016698,0.9755548699862427,0.9999687999680316,0.9998523899427344,0.7869329937320068,0.3036087933662266,0.4916733426322119,0.295259651099795,1.391735009913062,0.4156840620592383,0.2491162253805641,1.1560338579295348,494.0,3.0,15739.0,10383.0,8865.0,6933.0,3.551247557849031,3.544871931873999,0.0291589586207166,0.0348686480856418,0.0017790202681237,0.0007704902244052,7.910157022605385,0.0269599548787366,0.6774844944468484
"Milton Keynes, United Kingdom",UK,True,0.5.0,0.0105361003425857,0.0034092604470573,0.0035020575042881,0.0001532908360694,0.9950739747665556,0.9994345231107576,1.0623836044093224,1.047620703298723,1.0613136216357029,0.0001396864045853,0.0001444833442597,0.0001445984729372,0.0001459260602892,0.0184243330840189,0.0068591318591318,0.9669349417530688,0.8327620264275535,0.0884467207926762,0.0054736512252762,0.7328345802161264,0.3680182255669892,10.218803720436862,0.0007479431563201,0.4150798525798526,66.0471240798499,76.24403225865994,0.0052878038544423,0.8886811269010222,0.0373925061425061,7131.0,7618.0,62.57415664553925,66.84755648937288,6.123432679345381,6.949712505692368,0.936072459963245,4.395911244078784,2.20777027027027,1090.760737737368,1095.4559734343668,0.9366428196336948,0.9993573218708616,1164.5428917759134,1096.160451782754,0.9739308185015322,0.968426798779226,0.9990096861258428,0.999108281178548,0.8213030700313823,0.5870082527466963,0.4674906118904217,0.3538124581409604,1.05790310158286,0.605586383190972,0.0521829282340744,1.0802353363190385,103.0,6.0,17632.0,14377.0,8022.0,13024.0,3.5477364474470097,3.5429568595651646,0.0323054155080416,0.0365804016541048,0.0005671506352087,0.0008346664811852,9.618751341817292,0.00024931438544,0.5475276412776413
"Modena, Italy",IT,False,0.5.0,0.0137098225557757,0.0108707778563221,0.0014270967741935,0.0025120188990519,0.5155311733915907,0.9858634035627508,0.7235778611849455,1.064720065384864,1.0705294284584903,0.000153016572723,0.0001980747168758,0.0001678084137636,0.000204313913432,0.0145989166881609,0.0250984420475945,0.9030216490817004,,0.1736346724971501,0.0012197883976022,0.7349677419354839,0.4319116135662898,3.23114496394364,0.0023213825122517,0.2621982537236774,69.4287798186779,162.56480735779292,0.0308416159016953,0.8158369873613619,0.1127375449409347,3164.0,2873.0,17.234240345852015,15.649169568151972,5.33378741534935,3.504452066311394,1.101287852419074,4.407531596595305,2.5901386748844377,422.63984015994606,819.814323505352,0.7124750507807779,1.0000000000000029,593.199494770784,819.8143235053496,0.9737592244329546,0.9672637113738976,1.0,0.9999963413813832,0.6629335364369648,0.3932905885046943,0.4147218663517763,0.2482116700851885,1.1949002707639311,0.6155632984901278,0.1477579339586277,1.1174832728717434,103.0,1.0,8544.0,5043.0,3877.0,3894.0,3.43522555391738,3.3998907353916943,0.1304273898226507,0.1601611811839164,0.0002340823970037,0.0011897679952409,4.465511090475118,0.0002579313902501,0.6250642013353878
"Mons, Belgium",BE,False,0.5.0,0.0004018914625871,0.0169813196363057,2.0866746859128575e-05,0.0044819313934781,0.0505255764988409,0.8567629199732917,0.4239997386514987,1.0470968308279045,1.081833534704942,6.520372442033858e-05,0.000162437766127,3.778172909263984e-05,0.000157281917641,0.0022684814518281,0.0283505154639175,0.6992834120232747,,0.6582755565631857,0.0019518088387654,0.5351510291365945,0.4343339587242026,1.472999088057928,0.0496397117694155,0.2389878163074039,108.50861879407373,184.42953795183217,0.0858020359987352,0.5132105684547638,0.0768509840674789,677.0,1624.0,4.590530086588708,11.011847652319146,3.116451411141796,3.169737554155105,0.416871921182266,3.2057646116893515,2.603561387066541,25.88653944758182,512.3452564301892,0.119164168967495,0.9999999999999988,217.2342548257356,512.3452564301898,0.9677080267656528,0.9586570547558791,0.9998563144384988,0.9976479016099152,0.7208881968011075,0.063073554168829,0.4353306096543584,0.2855575871467491,1.6787442280546323,0.3594063377456879,0.1513019000703729,1.1692184343161638,143.0,1.0,2002.0,2778.0,1249.0,2134.0,3.4688380497482,3.571062881696284,0.1016628797364979,0.0113058539592295,0.0,0.0028797696184305,3.47405659433352,0.0288230584467574,0.6841611996251171
"Montbéliard, France",FR,False,0.5.0,0.004182218894205,0.0297681028079037,0.00016714098568,0.0108989996533452,0.1717361997041728,0.9877050601949032,0.5340795031326965,1.0593626807997736,1.096673420817269,0.0002176585473679,0.0004287324289373,0.0002025365762208,0.000421980027848,0.0204802259887005,0.0295656724228152,0.754478976015545,0.6656791714559367,0.9972385434880972,0.0301474339138243,0.6056737588652482,0.431496062992126,3.553133245433185,0.0127118644067796,0.2464678178963893,62.23274294299589,121.05955839985374,0.0907182833281944,0.6440677966101694,0.0722135007849293,308.0,480.0,20.591377323178055,32.09045816599178,5.7952730451761125,4.823589426211896,0.6416666666666667,3.6186440677966094,2.5808477237048666,17.089633584909038,99.37526860356316,0.3215554963199992,0.9986364476314882,53.146762473318496,99.51095700467978,0.9669874955493208,0.9513318972838096,0.999675633486437,0.9949100939927956,0.8219505360126637,0.1249567324333679,0.5077163956790867,0.3142341403335769,1.462909074965315,0.463258785942492,0.1481481481481481,1.12555165060304,53.0,3.0,854.0,822.0,472.0,637.0,3.4160304263068566,3.5226807734090784,0.1466440114528576,0.0546106233976451,0.0,0.0012165450121654,6.652817089201006,0.0084745762711864,0.6813186813186813
"Montpellier, France",FR,False,0.5.0,0.0004892117391942,0.0105073629015772,4.25418711500645e-05,0.0023369008179992,0.1013430836425215,0.9828577047676612,0.5328458005321818,1.028949013366413,1.0982968431824889,5.0962811818545165e-05,0.000234410347889,3.6381978190469634e-05,0.0002333622091544,0.002196245129295,0.0378490790255496,0.7965152639574697,0.8559786722741143,0.6019734439539027,0.012202788866843,0.5512138933191565,0.4406794055201699,5.358468666275508,0.0507438894792773,0.2286732874968169,49.13379266673513,110.54911550297228,0.0295843158842627,0.5433049946865037,0.095492742551566,2156.0,3029.0,37.796271659465056,53.10060614866403,7.053558397633773,5.280321068238231,0.7117860680092439,3.305526036131775,2.642729819200408,58.13438167607812,572.314900349764,0.1901921410308663,0.9976911277594992,305.6613241797593,573.6393603449231,0.9808408338849894,0.9508046195996754,0.9999840730479904,0.997712243345083,0.8681569075727121,0.6122681845605016,0.4872858747339722,0.3808710328387399,1.2259912182815982,0.3510567592715672,0.1616766467065868,1.1495074720053946,184.0,7.0,6221.0,5189.0,3764.0,3927.0,3.564731857610486,3.57427805579258,0.0170276291299779,0.0083937259180977,0.0,0.0073231836577375,10.05632147409948,0.0294899043570669,0.675833969951617
"Mulhouse, France",FR,False,0.5.0,0.0006155935708927,0.0194952370801636,9.169665550343271e-05,0.0081378382339226,0.059251004837644,0.9583184676611312,0.4446914049486034,1.0277200125572905,1.0658436175998705,8.507744444800823e-05,0.0003569873230791,8.411099330269409e-05,0.0003494043159689,0.0039625360230547,0.0343548050865124,0.7459855087826288,0.4998107082195329,0.9420158740058489,0.007757525231399,0.5553150553150553,0.4919640993529534,5.121679544629587,0.0518731988472622,0.1144465290806754,49.65255502605102,109.38234161214892,0.0595316291127876,0.5576368876080692,0.1694809255784865,817.0,1416.0,36.497988004112045,63.25722278313666,7.126175639470172,5.492327863830512,0.5769774011299436,3.3270893371757926,2.948092557848655,15.275749177797636,257.7653770748286,0.1332407241927515,0.9998107082195336,114.6477495551518,257.81417917983504,0.9823876338936868,0.973350305576558,0.999981614016322,0.9998186510199816,0.8100904795859404,0.4641148325358851,0.4562139636029164,0.353876515983024,1.4841098500122254,0.3713460844460484,0.2380206702160977,1.1364835924695744,108.0,2.0,2309.0,2357.0,1388.0,1599.0,3.378795651833568,3.389369659084246,0.177665849510568,0.1689145979682331,0.0,0.0025456088247772,11.517379215416906,0.0309798270893371,0.716072545340838
"Mönchengladbach, Germany",DE,False,0.5.0,0.0037381815672325,0.0097286090578647,6.383846093725316e-05,0.0017050326595852,0.2052150218195758,0.9236876074582302,0.6337398692489621,1.022114666589835,1.0640533504273388,3.493234353172306e-05,0.0001434482819884,3.302576521187495e-05,0.000139863780979,0.0056665307786384,0.0298272468838836,0.8516221295595165,0.663262554816997,0.5907340376254171,0.0034033791978694,0.5726617727025557,0.4282068110552031,3.2768114804021358,0.0297594781899714,0.2720314891755959,66.30587873914322,150.11526863686856,0.0080108355417858,0.5623726049735018,0.1110868139077192,2865.0,3329.0,16.805604481084423,19.527349849050623,5.128645508475212,3.776616449902505,0.8606188044457795,3.434569914390542,2.5681172097091625,180.89229253211667,877.000155621925,0.323815861644895,0.99492136205732,558.6270283772816,881.4768574356922,0.9863172874161452,0.9653666419729764,0.9999833611789636,0.998486273872548,0.7970961997780386,0.4454010025062657,0.4847092772348379,0.3123869225432005,1.275132668820771,0.3924747629244417,0.1424351821463735,1.1447051798490069,330.0,3.0,8425.0,5872.0,4906.0,4573.0,3.5695484441461645,3.5746053451330715,0.0126760646444881,0.0080970450629647,0.0,0.0013623978201634,5.170593865721983,0.0216061964940888,0.6168816969166849
"München, Germany",DE,False,0.5.0,0.0051637005981724,0.0061106478280112,0.0003029637756563,0.0009777618849155,0.8483714615364724,0.9890413369339968,1.0704112393066072,1.0214787706774535,1.0530583351354492,6.768581823223898e-05,0.0001026794007286,7.731102934195502e-05,0.0001002404007766,0.0054366479376279,0.029845238095238,0.9324055557225016,,0.3518827394235634,0.0004275360263302,0.5177064004390665,0.4860094064416265,8.057206933600215,0.0162027962890369,0.1342857142857142,42.13025981302481,143.2586620567255,0.0062559906969424,0.4214817718541748,0.1821428571428571,17198.0,9695.0,55.34578074886027,31.199985135492515,6.86910255687451,4.144961775272106,1.7739040742650851,3.1060760486083887,2.9155357142857143,1984.327423394912,2338.9841754001573,0.7925659133456332,1.0,2503.6749499086254,2338.9841754001573,0.9899077475486844,0.976388965884306,1.0,0.9997317658911118,0.8792456077097099,0.8312851436277129,0.5418723190545559,0.3373732886551541,1.0539795997617762,0.2880496569748448,0.2289796829649475,1.0779994618310824,881.0,1.0,59427.0,16327.0,38265.0,11200.0,3.505032593324814,3.5106655124720096,0.0701653834672972,0.0652146579465192,0.0002692378885018,0.0006737306302443,7.527206962830029,0.0279628903697896,0.6834821428571428
"Münster, Germany",DE,False,0.5.0,0.0068624978682367,0.0076113482610202,0.000329643601235,0.0006563832925314,0.6264341672420329,0.9742695206398182,0.9500749472209568,1.0456080921887476,1.0830491177852113,8.185269397864056e-05,0.0001218958345828,9.649376068893578e-05,0.0001201377897574,0.0085652805723228,0.025230987917555,0.8923403016659455,,0.5024692471822023,0.0008036758308026,0.543937615294315,0.4121957888980038,3.900020057275861,0.0182763246143527,0.3060521567984254,60.74517754064288,165.0899275268986,0.0129985941305792,0.4612676056338028,0.0839757257667705,6016.0,4231.0,19.847129790108,13.958312191148094,5.088981466410992,3.4003524401260883,1.4218860789411487,3.26307847082495,2.4723634574380844,779.4612494647056,1244.2827837702334,0.6593523690677263,0.9999999999999988,1182.161900118451,1244.2827837702348,0.9830245314490472,0.9595883752591956,0.9999781222604218,0.9988627402821648,0.7440981602689158,0.6132737958934432,0.5148219388441639,0.2292762214247519,1.0683107455843823,0.3407404301706427,0.1182213471162523,1.0580188731713065,594.0,1.0,19461.0,7537.0,11928.0,6097.0,3.5645166073543373,3.5577033029537266,0.0172218734924198,0.0233603603458214,0.0007193874929345,0.0017248242006103,4.104960423052648,0.0430918846411804,0.609972117434804
"Namur, Belgium",BE,False,0.5.0,0.0002372844120925,0.0141173609706199,5.439700963997639e-06,0.0027312216461745,0.0323315096176658,0.9667467252392502,0.2651844473103443,1.052714197544678,1.108856079725672,6.0833678233466085e-05,0.0001386590955442,4.460079512278719e-05,0.0001359793180182,0.0088908981314044,0.0311143802868701,0.716858909139767,0.6663140263012923,0.9097159957454424,0.0041355862892765,0.5667270531400966,0.4292724819040608,1.0924338782433036,0.0253164556962025,0.2534019860242736,102.48680279697726,207.3195346730052,0.0369318606859958,0.5253164556962026,0.0772342773078337,593.0,2030.0,3.3675777827769844,11.528133050653082,3.082637631297413,2.798413389077162,0.2921182266009852,3.394213381555154,2.5737403457153367,23.453634398706765,725.1081175161739,0.1219208364049661,0.9995823963476836,192.36772884992632,725.4110518208452,0.9624073772744366,0.9515353200913712,0.9990439233389444,0.9948654077613442,0.6832236639582824,0.0725866257511827,0.2938712043220141,0.3893524596362683,1.6509058328173087,0.4286361576801087,0.1441192711209276,1.188173047399664,175.0,3.0,1877.0,3499.0,1106.0,2719.0,3.527563867557131,3.5593370576583983,0.0502839705601358,0.0218901721825561,0.0,0.0037153472420691,4.119524690544286,0.0108499095840868,0.6693637366678926
"Nancy, France",FR,False,0.5.0,0.0006014375358871,0.0219747800344904,4.627242579420416e-05,0.010174399553609,0.0871490942278158,0.963085198743306,0.4466688623126524,1.0285712374255926,1.0541973228989754,0.0001117865719261,0.0003974295857842,9.29337919333433e-05,0.0004049802941208,0.0008547008547008,0.0439291465378421,0.7603952657000286,,1.5140164372356857,0.0057800341841258,0.521689497716895,0.4833817360438851,5.162632212917993,0.1145299145299145,0.1458937198067632,42.27455844830526,115.49356302363486,0.0751330818623753,0.5085470085470085,0.1826086956521739,639.0,884.0,42.68907785484463,59.05656466929993,8.26885900336413,5.109550218767211,0.7228506787330317,3.124786324786325,2.8946859903381643,15.07760879116611,173.00935740940486,0.1951089533678185,0.999999999999999,77.277892843502,173.00935740940503,0.9823838647374756,0.9720690913802004,0.9999954762572736,0.9997800670765004,0.8023909969394919,0.1214072748956469,0.4747728925437472,0.3276181043957447,1.6549286315772966,0.3319057815845824,0.2246973365617433,1.1164448107584588,117.0,1.0,1828.0,1498.0,1170.0,1035.0,3.2427505318362644,3.326425884341104,0.2861277432413994,0.2203252893016976,0.0,0.0013351134846461,11.558075004799267,0.0376068376068376,0.6714975845410628
"Nantes, France",FR,False,0.5.0,0.0011795801871558,0.0106773845609232,2.221810623535693e-06,0.0020053545528225,0.1963545689255328,0.9399258730087808,0.6489446452222939,1.0429217101197648,1.0659939585738538,5.520691406674416e-05,0.0002009598767573,2.54251870701647e-05,0.0002008639201873,0.010640266469282,0.0238519934172108,0.7856108044478585,0.4994634072719606,1.0635811249198872,0.0031231007953677,0.5936690114772306,0.4339356085954346,6.319216033120061,0.0523686158401184,0.2570791527313266,43.19479659811776,109.73084195328455,0.0282093159698097,0.5866025166543302,0.1090301003344481,3287.0,3331.0,49.98172709236567,50.65078580610589,7.909482257039976,5.201524374684925,0.9867907535274693,3.560695780903034,2.602452619843924,125.74334406162778,640.0455654549438,0.3025752201996708,0.999463407271956,415.5771380704909,640.3891936393686,0.9786849401925836,0.9655097053102968,0.9999159037552752,0.9987916227140324,0.8644320456939185,0.3574790728443121,0.4274193627517604,0.437012682942158,1.364745154394087,0.4312690919189114,0.150920245398773,1.1712606267722845,442.0,2.0,9621.0,5836.0,5404.0,4485.0,3.5654094260155484,3.5771342289622257,0.0164160581284565,0.0058031693204415,0.0002078785988982,0.0011994516792323,9.737681140670226,0.0216506291635825,0.6336677814938685
"Napoli, Italy",IT,False,0.5.0,0.0027304471344498,0.0094672289241573,0.0004144218814753,0.0016758198629342,0.0104181394823524,1.0,0.0487855854742874,1.064179215102426,1.1084479065647863,0.0001991319212217,0.0001393115364455,0.0001798653712762,0.0001395008259509,0.0,0.0273171971285178,0.671879003591364,0.7487974272937012,0.8140354121527207,0.004180336229334,0.6105263157894737,0.4458849698125198,0.3938036677336024,0.0,0.22736801982085,67.07042511214763,136.38267266480065,0.1985368405502109,0.7329842931937173,0.1254049933295216,280.0,4054.0,2.3620957018899293,34.19977134093491,5.998155668493732,4.236770768430044,0.0690675875678342,3.643979057591623,2.6742900705164856,9.96870960689418,955.4237993785172,0.2135495429862866,0.9984981807274972,46.68101587805475,956.8608314162414,0.9743050807614516,0.9551403758763422,0.9999973757875568,0.9994224870664836,0.7547567251148972,0.0242755252843282,0.4104259572987164,0.3443307678161809,1.8245813798384372,0.463768115942029,0.1690342263323482,1.185205499725695,38.0,4.0,696.0,7016.0,382.0,5247.0,3.369962124648014,3.5646586614252422,0.184941135909455,0.0170936843820518,0.0,0.0014253135689851,8.072131632839744,0.0,0.6472269868496283
"Neumünster, Germany",DE,False,0.5.0,0.0151494886723154,0.0195369277654229,0.0021138278524237,0.0042136452241715,0.678849655881115,0.7654247479496369,1.0255594610353431,1.0279418365073096,1.0864756720852913,0.0001394779211021,0.0002144136921587,0.0001570820418437,0.0002107872830947,0.0057930170659151,0.0258573895879595,0.8650817028458033,,0.3633593266063524,0.0032688297820752,0.6464503996238834,0.4220410180380529,4.372867258750579,0.0089243776420854,0.2775721687638786,76.05794488468894,179.10999737194047,0.0491915002606908,0.7538750587130107,0.082161361954108,1610.0,976.0,22.440040219214985,13.603403263325356,5.131653647686205,3.190377867305424,1.649590163934426,3.8750587130108034,2.528497409326425,207.6736022180221,305.9198755112741,0.6619310548759298,0.9999999999999992,313.73902264934185,305.9198755112743,0.987609641908218,0.9621196175393324,1.0,0.9992500074573734,0.8138121897090632,0.4360165118679051,0.5032947940192933,0.3105173956897699,1.40275353093441,0.4961203856101575,0.1327400815721171,1.1133471725600337,114.0,1.0,4125.0,1708.0,2129.0,1351.0,3.545582156754349,3.525276838682786,0.034233439905184,0.0523116163419195,0.0,0.0023419203747072,4.263884664801389,0.0023485204321277,0.6402664692820134
"Newcastle upon Tyne, United Kingdom",UK,True,0.5.0,0.0009899398630961,0.0056601894113694,4.126454993792484e-05,0.0002183406061509,0.0945326811378506,0.9804482172663492,0.3759664642269937,1.0410108068405344,1.0709558258920937,4.910994429248293e-05,0.000153554659222,4.755109720839841e-05,0.0001575857585445,0.0114472517730496,0.014263887373131,0.8511774007113326,,0.5138348062537855,0.0010614541500219,0.6393878908848969,0.3902776261689044,3.0766587858710386,0.0345744680851063,0.3594892502455528,61.42896961127248,87.83365756655955,0.0250031018292862,0.6848404255319149,0.0591509331005129,2120.0,5869.0,18.414813554020608,50.97950035308818,5.985328512406732,6.229674406478928,0.36121996933038,3.833776595744681,2.3411546436756523,89.05959916958659,942.1038110589172,0.2514391312326611,0.9999999999999992,354.1994387785971,942.1038110589178,0.9709533006035294,0.9669049062083416,0.9996442883740492,0.999978486055518,0.7901911779273482,0.0274812030075187,0.3513325754687029,0.4388586024586451,1.4691966289083476,0.4891033105972384,0.0853665192947983,1.1985132106435636,182.0,1.0,5766.0,10726.0,3008.0,9163.0,3.534038601401855,3.54617414916952,0.0445318171203428,0.0337038163393975,0.0,0.0016781652060413,8.183333032633128,0.0199468085106383,0.5813598166539343
"Newport, United Kingdom",UK,True,0.5.0,0.00384461952556,0.0085776378313757,8.103341456362809e-05,0.0003730647007835,0.163008374055602,0.9947197716542922,0.4069336796295971,1.0755828070030429,1.0976918882769615,6.382037956541149e-05,0.0001614071612456,5.8279400399592255e-05,0.0001597788055069,0.0114302461899179,0.0123912503107133,0.8531122517560228,,0.5394914616409132,0.0014255665299628,0.638302034428795,0.3772845953002611,1.311039224699937,0.003516998827667,0.3868381804623415,87.48207416080197,115.58337517482062,0.0158038490789538,0.6934349355216881,0.0356077554064131,1186.0,3289.0,5.447085964778567,15.105788986641404,4.154784892896903,4.688688317047975,0.3605959258133171,3.8253223915592014,2.262863534675615,114.3463813364392,701.475503935987,0.4005772493541871,1.0000000000000009,285.45400798669687,701.4755039359864,0.9536770531549644,0.9599532867128472,0.994804988068284,0.9969248526370637,0.7331826265984598,0.1036762761174292,0.4317861432834493,0.3013964833150104,1.33920318165318,0.5022013501614323,0.0658397836426373,1.1772562407897569,154.0,1.0,3263.0,6069.0,1706.0,5364.0,3.55518629797135,3.57581245359182,0.0256232064336354,0.0070024431616499,0.0006129328838492,0.0009886307464162,3.2217515785208124,0.0017584994138335,0.5775540641312453
"Nice, France",FR,False,0.5.0,0.0371254852632877,0.0134063544913603,0.0072992033542976,0.0035762037554964,0.1194017890773349,0.99100756840922,0.1720346282504297,1.0525610793508484,1.1947918119615126,0.0001099312447663,0.0001850690496854,0.000123586256345,0.0001942290597236,0.0033259423503325,0.0147784326566251,0.8732253622143531,0.7989775687100107,0.6422708934156143,0.0080067271293352,0.5562962962962963,0.4362166885102665,1.4483674557497423,0.08980044345898,0.258022265880812,71.52550241106064,156.35325102293348,0.1969386513942091,0.6086474501108647,0.129011132940406,558.0,2265.0,7.522844883587767,30.536278962950345,5.19401679023062,3.627047389588873,0.2463576158940397,3.330376940133038,2.615586116568435,74.56341845338244,623.5962270457234,0.6940567157416847,0.9985929657676208,107.43130462141308,624.4748845855963,0.982022670477984,0.9371448620185884,0.9999978080355874,0.9976102895839972,0.7228739106044567,0.0404654887373424,0.4120878392131653,0.3107860713912914,1.609707270015308,0.3718732629238466,0.1548418810421104,1.128305524707805,69.0,5.0,1502.0,3994.0,902.0,3054.0,3.2683673882274884,3.5481739110800943,0.2662906646480805,0.031913664064648,0.0,0.0015022533800701,8.419046040203968,0.0099778270509977,0.6126391617550753
"North East Lincolnshire, United Kingdom",UK,True,0.5.0,0.000534726751412,0.0085600539503793,4.462465492700655e-05,0.0003871466996137,0.0631256761650169,0.945831047761801,0.4099488885538464,1.0726570296471358,1.064456518239266,5.2073200026389896e-05,0.0001484742916673,4.048297953705239e-05,0.0001514286137332,0.0116279069767441,0.0106081124653382,0.7112339007563739,,0.4232255073878147,0.0015491145210827,0.5957446808510638,0.3824269401974066,1.2993711830190309,0.0171890798786653,0.3828593538402012,150.01946334459407,108.8950854625854,0.0755258662908138,0.6299292214357938,0.0586186883343006,634.0,3190.0,3.1129797847359284,15.66310017871863,2.39575867574888,4.941675322254096,0.1987460815047022,3.567239635995956,2.2936738247243182,40.74952194037523,645.530066622209,0.1539842598127339,1.0000000000000042,264.634333339864,645.5300666222064,0.9670354080445374,0.9667675949301636,0.9976293038058492,0.9997404562072134,0.7460375499253592,0.0452255639097744,0.423900809487032,0.322136740438327,1.6053090337189082,0.449569183983781,0.0735507597019258,1.126321234965808,112.0,1.0,1764.0,5928.0,989.0,5169.0,3.484964709096957,3.5551666412964003,0.0876960475377323,0.0256408679139447,0.0005668934240362,0.0016869095816464,3.169593135385119,0.0111223458038422,0.5585219578254982
"Northampton, United Kingdom",UK,True,0.5.0,0.0023008275575203,0.0062374899613523,9.240655919543287e-05,0.0002442002369216,0.147283556288923,0.8894531248925956,0.5098697487381174,1.044714652312071,1.0594683048985123,4.287826442717292e-05,0.0001561974687503,4.0380238853888806e-05,0.0001515762853858,0.0114365971107544,0.0060010578135806,0.8264617903933595,,0.3443383327427304,0.0013824228283184,0.6431057563587684,0.3677206690269808,4.564591212477096,0.0040128410914927,0.411570853167338,76.77420887240486,80.05397125587278,0.0213170994533918,0.7455858747993579,0.028316855852557,1907.0,4821.0,23.6012081010363,59.6651411930236,5.170497642050291,6.664660455323061,0.3955610869114291,3.85553772070626,2.205785426583669,106.5401650434837,723.3676842680666,0.2888650614268386,1.0000000000000002,368.8232994230329,723.3676842680665,0.9695185176742812,0.9686568144623006,0.9982775046377748,0.9981092856885856,0.8329802559716039,0.2104887218045112,0.3969646574047637,0.4360155985668401,1.3861220920543396,0.4898574010845551,0.0515231060374824,1.1669469992443693,127.0,1.0,4804.0,9036.0,2492.0,8193.0,3.556455853375535,3.565420664059297,0.0244821746027904,0.0164059131039471,0.0,0.0006640106241699,8.952465259557083,0.0196629213483146,0.560112290980105
"Norwich, United Kingdom",UK,True,0.5.0,0.0005232653459116,0.0095190847614087,2.3648633678809283e-05,0.0004722549650845,0.0579034500874929,0.9977971248113182,0.3726867515903975,1.031526511707986,1.06590104024785,8.293466682205072e-05,0.0002349777971214,7.17554283051149e-05,0.0002344730467524,0.0202548248079445,0.011365423942111,0.8022043601399813,,1.13305234868377,0.0026896407593173,0.6280247608328644,0.3783443500157381,3.418429895424426,0.0258572231590781,0.3824917413874469,41.38702674760318,77.32879869975707,0.0612670587033232,0.6795952782462057,0.0335063709296838,1227.0,2617.0,30.270637240604657,64.56255717902395,8.855128865190991,7.038789867133517,0.4688574703859381,3.763912310286678,2.268994808872109,21.528321165905137,371.7968641484322,0.1553676105748238,1.0000000000000009,138.56376555097546,371.796864148432,0.9738370332468184,0.9681848447139574,0.999576270250378,0.9997976414801988,0.8056253158960403,0.0849996403653887,0.3838799110597637,0.4217454048362765,1.588104366432514,0.4857866591612721,0.0674064455200094,1.144137863463818,157.0,1.0,3348.0,4808.0,1779.0,4238.0,3.525360621778316,3.553873353394269,0.0522373737314709,0.0268025326054388,0.0,0.0020798668885191,9.17239445952042,0.0101180438448566,0.5840018876828693
"Nottingham, United Kingdom",UK,True,0.5.0,0.0037942424827455,0.0070804840658622,5.618583729612731e-05,0.0002386350009633,0.1869620393063541,0.9928238856991514,0.4069921973459284,1.045596755199819,1.0651075569087078,6.189704213976254e-05,0.000176025201701,5.020434155879685e-05,0.00017545401943,0.0079172289698605,0.0102695610687022,0.879622713821802,,0.7243807785608904,0.0012284055199235,0.6261589702043389,0.3892865664519208,4.439354995365645,0.0350877192982456,0.3543654580152672,47.63045723358715,83.1610400512482,0.0315785163642151,0.7130904183535762,0.0435353053435114,2736.0,5413.0,36.65993107750304,72.52931539565934,8.257940875594151,6.649359079346158,0.5054498429706262,3.754925775978408,2.335162213740458,152.19895732639677,814.063421061667,0.4593749966843792,0.999999999999998,331.3174605168322,814.0634210616686,0.9719531930382532,0.9710990029582758,0.9996735944778884,0.9999101704705302,0.8144079235840191,0.0580232706814985,0.3696235977892103,0.444784325794809,1.4325380795854308,0.4714382174206617,0.0838752013362763,1.1580897892448916,240.0,1.0,6956.0,9789.0,3705.0,8384.0,3.544010737582304,3.5738392757756072,0.0356385993904009,0.0087914010849443,0.0005750431282346,0.0021452650934722,10.907715244458007,0.0253711201079622,0.6020992366412213
"Novara, Italy",IT,False,0.5.0,0.0003739609332332,0.0084431475305091,4.044487318868319e-06,0.0003272952999926,0.0061506165705767,0.9861257942526054,0.1256318151346888,1.146451792576901,1.09005814110797,3.885492728804675e-05,4.005778884136368e-05,2.4305577736404983e-05,4.063194797353792e-05,0.0015143866733972,0.0222506207097999,0.5753916932959551,0.4996492964579533,0.7024562990425645,0.0006371903241986,0.5521307057436415,0.4157658973609894,0.294329628627421,0.0161534578495709,0.296115086899372,120.29608915422472,183.79081943216053,0.0322450884115404,0.5820292781423524,0.0842704834233971,1179.0,9639.0,0.8800094375989918,7.194580974568856,2.9898771717371244,3.0709387674754,0.1223155929038282,3.309439676930843,2.4942310500949323,19.305429906871087,3137.678833134023,0.0489574759704198,0.999649296457957,394.3305802475487,3138.779614262437,0.9544391355184344,0.959423373416477,0.9994386107295016,0.9982762086461838,0.538107241762742,0.0072960481902684,0.2758741344233984,0.2622331073393436,2.3822272735410746,0.3977760929997473,0.1236533615746996,1.117155434195919,277.0,2.0,3278.0,17078.0,1981.0,13694.0,3.522966242799084,3.532993640384164,0.0543579558482614,0.0454613357280679,0.0006101281269066,0.0004684389272748,2.3427953206906427,0.0131246845027763,0.6196144296772309
"Nîmes, France",FR,False,0.5.0,0.0021912483263918,0.0108332797136474,0.0001235246310651,0.0024683362084867,0.033672515735328,0.9979007726425396,0.1280501107078632,1.0319677536077465,1.087820664693818,0.0001297257876969,0.0002395297595441,0.0001260376174162,0.0002349516501262,0.0007849293563579,0.0234272221285208,0.732376566078911,0.6664995180109847,0.9167796002866312,0.0042431468425812,0.5416666666666666,0.4323175053153791,0.5598479694159328,0.0604395604395604,0.2665879574970484,43.79985519656523,128.78368524697933,0.0504911264011054,0.521193092621664,0.122077922077922,726.0,3106.0,4.489454523781659,19.20695007006313,8.019060118169811,4.393071364352424,0.2337411461687057,3.2448979591836733,2.592680047225502,23.80722396694912,706.8680786690852,0.2629635815946256,0.999781685375394,90.53430069130032,707.0224320059165,0.9797069922162958,0.9563356415392628,0.9999997474180174,0.998014926904656,0.6848003005765826,0.1503947492300036,0.3309285531050892,0.3538717474714933,1.6757510659478247,0.3444750294927251,0.1486119314825753,1.1344578721932383,83.0,3.0,2067.0,5490.0,1274.0,4235.0,3.5084759301222417,3.56699831567543,0.0671406252379588,0.0149811856558258,0.0,0.0021857923497267,4.3721006278017525,0.0486656200941915,0.6113341204250295
"Nürnberg, Germany",DE,False,0.5.0,0.0045595415490164,0.0081078191441759,2.1746754930037078e-05,0.0007381132881442,0.4310739678264354,0.9727933943475324,0.8098523394018358,1.0216818558477507,1.070033318460798,4.057459674827011e-05,0.0001244801310837,4.634626779044461e-05,0.0001253809322237,0.0073866292660121,0.0253466950096163,0.8617226509970761,0.4995451245972699,0.6644608460443426,0.0017759576587786,0.6249318057828697,0.4276022681247469,4.887116865628411,0.0122720897615708,0.2714849681141816,56.86959037938537,133.3356588312739,0.0171566551772841,0.6825619448340347,0.1070452474946856,5897.0,4798.0,31.59952998246059,25.710453596039667,6.4658838434381,4.260522423410004,1.2290537724051689,3.748714352501169,2.564834497418767,485.4552310924895,1125.640715201134,0.5322871180996162,0.9995451245972712,912.0176209142032,1126.1529744889392,0.9863237385733068,0.9664624871888224,0.9999565854553888,0.9988418219337732,0.8562068597263851,0.5978602414543234,0.5214030862204758,0.3348037735059094,1.1781965140016155,0.4727304612147074,0.1414141414141414,1.106238864084902,606.0,2.0,16037.0,8446.0,8556.0,6586.0,3.565003520239776,3.568589190088745,0.0167824501797704,0.0135434730110927,0.0001247116044147,0.0016575893914278,6.0345776975072765,0.0066619915848527,0.6214697843911327
"Odense, Denmark",DK,False,,0.0079707525312147,0.0053047229256683,0.0001854999942052,0.0002332089488843,0.4701258416727369,,0.7719179784215303,1.0397675691686146,1.079603119942731,6.740039010996793e-05,0.0001192600058551,8.181115665305245e-05,0.0001186258665739,0.0107001541088758,0.0093833780160857,0.8893514622352248,,0.3650803538309042,0.0007678803506555,,,,0.0239910033737348,0.4242918755099662,71.2847927247938,136.52230013146252,0.0165433867914422,0.5761589403973509,0.0719198041729805,4814.0,4939.0,,,4.788819682130717,3.792561051887516,,3.524178433087592,2.223802307961301,,,0.6090360048797954,1.000000000000003,1005.2581470050422,1302.286220954021,0.9815073686002684,0.962980045609334,0.9999961689729576,0.99997871080012,0.511651308693,0.0097989949748743,,,,,,1.058866879787702,367.0,1.0,14102.0,9539.0,8003.0,8579.0,3.560437882349387,3.5602997093944904,,,0.0,0.0033546493343117,,0.0253654879420217,0.5037883203170532
Offenbach am Main,,False,0.2.0,0.0010295679994199,0.0223382510494885,4.986518391632793e-05,0.0069245491633654,0.0969573226700759,0.9700363112308584,0.640470735127762,1.022658401611271,1.062960868314492,7.849238478522016e-05,0.0002807205344797,6.022296918740769e-05,0.0002810332450627,0.0054920421430172,0.0282386072708653,0.7555610217816922,,0.8025687494344245,0.0040157952886002,0.5925925925925926,0.4756410256410256,,0.0168123739071956,0.1705069124423963,60.41208123169023,134.2407964573771,0.0869405180303717,0.6099529253530599,0.1874039938556067,927.0,1080.0,,,5.812353365044621,4.33705891168829,0.8583333333333333,3.550773369199731,2.849462365591398,,,0.1513844698161498,1.0000000000000009,159.4878944516622,249.0166774284345,0.9828552092051172,0.9734202986175065,0.9999375292029672,0.9999638600670422,0.7237477837493781,0.3228140703517588,,,,0.4314584035028629,0.2131589072720277,1.0550197054845114,128.0,1.0,2640.0,1855.0,1487.0,1302.0,3.4825454533815323,3.480452133925087,0.0897981636999646,0.091615113855379,0.0007575757575757,0.0021563342318059,,0.0134498991257565,0.642089093701997
Offenburg,,False,0.2.0,0.0076196728634799,0.0206346618475306,0.0003563675577678,0.0039068251583616,0.3279512968635274,0.9067085875819342,0.6619121476317629,1.0331706486963437,1.0864750398899867,0.0001323888210676,0.0002246295764137,0.000158862064336,0.0002223420559762,0.0038008361839604,0.0301486199575371,0.8190229782952771,,0.6313346456974027,0.0035716929163068,0.5730593607305936,0.4326105442176871,,0.0233751425313568,0.2522292993630573,61.52778368599522,137.58195424835037,0.0235809099209346,0.5621436716077537,0.0961783439490445,1028.0,1174.0,,,5.547111245956667,4.193167483744287,0.8756388415672913,3.434435575826682,2.5923566878980893,,,0.4954604595744242,0.9999999999999992,185.3216844622176,279.97927689539296,0.9827270814274072,0.963747085530358,0.9999951057527856,0.9988517110368984,0.6236515429829727,0.0490452261306532,,,,0.3925206965458179,0.1486443381180223,1.0590102690111869,117.0,1.0,3012.0,2035.0,1754.0,1570.0,3.501591834014601,3.5177335471593425,0.0731829712537538,0.0589840268129666,0.0,0.0009828009828009,,0.0239452679589509,0.6515923566878981
"Oldenburg (Oldenburg), Germany",DE,False,0.5.0,0.0117457829810393,0.0120430411502878,0.0017239111641198,0.0021807957082644,0.7360491476424347,0.8670863781818772,1.005238072764581,1.029082451689073,1.0735347481411606,0.0001198937223985,0.000172034650868,0.0001295602214672,0.0001684661390954,0.0086892247043363,0.0243675369358429,0.906520905026968,,0.4416409042195317,0.0016202709905534,0.6467849709716289,0.4132239773187525,6.020815545730527,0.0042706964520367,0.2956891317547055,52.53734839999802,151.23271496907788,0.0178424154472133,0.7104139290407359,0.0686095931997571,4379.0,2320.0,42.49609214914995,22.514485906834413,7.05819532692456,3.759028698084036,1.8875,3.879434954007885,2.477838494231937,454.27533538140415,617.1807097888067,0.7322137586951618,0.9999999999999996,620.4135472555765,617.1807097888069,0.986774290250644,0.963222892002924,0.9999997324379368,0.999132462007702,0.9311324667629988,0.8973816450674424,0.574679770196894,0.3564526965661048,1.186343089691674,0.4925642921699121,0.119702263405742,1.076039809315115,274.0,1.0,11809.0,4081.0,6088.0,3294.0,3.565311794982578,3.566673024618383,0.0165041913038213,0.015275030139055,0.0001693623507494,0.0024503798088703,5.98944241056472,0.0088699080157687,0.6357012750455373
"Olomouc, Czechia",CZ,False,0.2.0,0.0033709817019294,0.0161718772252997,0.0001179244464526,0.0031562478896217,0.1148332657162352,0.996063868876804,0.4637748634496013,1.0207075045855505,1.076612191212874,9.624551370596898e-05,0.0002574927397017,9.229163783965294e-05,0.000258418471269,0.0034333921914851,0.0194492586173695,0.737207589570507,,0.6277969768873064,0.0032714208677526,0.6071498723237085,0.4067861962598805,,0.0153031194820482,0.3275563258232236,45.86398445069596,144.87088896473284,0.0560903588321738,0.7310182460270748,0.0918544194107452,1266.0,1164.0,,,8.930235648756515,3.807933890064047,1.0876288659793814,3.638610947616245,2.43789716926632,,,0.2476056267088185,1.0000000000000002,141.7655759371012,305.6775757155864,0.9865014384941476,0.9652798189974258,0.9999517351400314,0.9992486744207738,0.6132271137482095,0.0209547738693467,,,,0.4364868847627468,0.1099218975990743,1.0678830081127264,89.0,1.0,3091.0,2110.0,1699.0,1731.0,3.492493239981328,3.546535764186232,0.0811389169409079,0.0333802275325286,0.0,0.0018957345971563,,0.0141259564449676,0.5805892547660312
"Omuta, Japan",JP,False,0.2.0,,0.0090711802624433,,0.0021685563151782,0.0,,0.0,,1.1046662537948813,,0.0002284978948437,,0.0002314844285362,,0.0388024357239512,,0.4998790622924398,,0.0024570463634786,,0.467005076142132,,,0.1760825439783491,,98.30742199664206,,,0.152232746955345,0.0,4871.0,,,,5.984136418252161,0.0,,2.801082543978349,,,,0.999879062292442,0.0,813.9854541321963,,0.9576829942347728,,0.999807598176354,0.3838925556773214,0.0018090452261306,,,,,0.200524579067603,1.0697517217535326,0.0,2.0,0.0,8280.0,0.0,5912.0,,3.547487632971128,,0.0325281950716338,,0.0015700483091787,,,0.6716847090663058
"Oostende, Belgium",BE,False,0.5.0,0.0105448316996168,0.0200717880042204,0.0005357938488153,0.007054125604979,0.5137053220490393,0.902817967074776,0.8709088159868561,1.059870711828874,1.067737500766974,0.0001345982815049,0.0002997494974386,0.0001460034945809,0.0003060349670867,0.0119114088963335,0.026934306569343,0.8273635685231067,,0.2954874011137103,0.0040209778537964,0.5975405254332029,0.4636939571150097,5.340906817261068,0.0301507537688442,0.1890510948905109,67.53704360664673,130.68613997037446,0.0395027927389307,0.5667225013958682,0.1525547445255474,1073.0,1111.0,26.459017723432,27.39605656172689,4.954030959297049,4.467306395567888,0.9657965796579658,3.5812395309882747,2.778102189781022,127.75631717643388,248.69572436362225,0.5898497209113017,0.9999999999999984,216.59129884651608,248.69572436362265,0.9782316946425632,0.9689308257004342,0.9999666063632522,0.9995172053794174,0.8092250238381572,0.6563554092965858,0.4563202349042644,0.3529047889338927,1.203450304112825,0.4137545429130556,0.1952468007312614,1.0680202439697593,64.0,1.0,3207.0,1903.0,1791.0,1370.0,3.476443904198848,3.4552778156884405,0.0950890935993024,0.1133236213243797,0.0024945431867789,0.001576458223857,6.132567174910392,0.0323841429369067,0.6583941605839416
"Orizaba, Mexico",ME,False,0.2.0,0.0914786967418546,0.013748863019957,0.0631578947368421,0.0055469640044885,0.0134360987715359,1.0,0.0166991630363428,1.1588939478388935,1.0335344414709642,0.0011153491052674,0.0003501812512087,0.0012775533101139,0.0003406966473321,0.0,0.0150546561505465,0.5983498497753061,0.4997136709507186,0.8383962837321431,0.0070002581155534,0.5964912280701754,0.4604625398144301,,0.0,0.2420091324200913,140.3239268903011,85.92594008241612,1.3878078730769223,0.6190476190476191,0.2436695724366957,13.0,1826.0,,,2.7247879221294653,6.391235659500335,0.0071193866374589,3.238095238095238,2.760481527604816,,,0.8045971371316427,0.99971367095072,4.771013514270238,285.7037507740336,0.9461515078979916,0.9842211245939116,0.9967477320516648,1.0,0.833887037380064,0.791859296482412,,,,0.4594594594594595,0.1907334302929565,1.0317736152033006,4.0,2.0,34.0,3325.0,21.0,2409.0,2.4731750908691104,3.2893398713059203,0.7553107548340576,0.2498476879666546,0.0,0.0006015037593984,,0.0,0.5143212951432129
"Orléans, France",FR,False,0.5.0,0.0026329954336169,0.0193167710192083,8.5489259841724e-05,0.0058982140650154,0.1391558155185191,0.9610737686908296,0.4435746045370045,1.030551169520525,1.0626098148097447,0.0001185160005748,0.0003417190487391,0.0001154679085616,0.0003407987186161,0.0043982781209058,0.0277248677248677,0.7944667338382838,,1.2216680991086255,0.0044056987311998,0.5671725688589095,0.4600550964187327,3.644182786475736,0.0421111734980348,0.1771428571428571,33.26131819865794,104.5503233851052,0.0508885173023444,0.5738349241998877,0.1092063492063492,1087.0,1296.0,39.34393722898983,46.90868688939358,10.796367672610376,5.709785555635018,0.8387345679012346,3.39921392476137,2.7568253968253966,31.585413349546275,226.9787520690633,0.3137145681813041,0.9999999999999996,100.68201018733758,226.97875206906335,0.9834561705341728,0.9639393491901872,1.0,0.9986639123021686,0.8373685960453553,0.310988336402701,0.4474643399232851,0.3899042561220702,1.49349497164191,0.3848748945740793,0.1898251192368839,1.1331335716523103,123.0,1.0,3027.0,2171.0,1781.0,1575.0,3.3849927561506226,3.4764158299168995,0.1725426252471941,0.0951134024372933,0.0,0.0013818516812528,8.215490132216813,0.0364963503649635,0.7136507936507936
"Oslo, Norway",NO,False,0.5.0,0.0003820976431949,0.008153664679791,1.288825868921568e-07,0.0010166383115394,0.2351796945938463,0.993331484014472,0.9375091088811964,1.0438620294727077,1.125327182533032,1.4025969459487325e-05,0.0001193352251166,1.0369768420296548e-05,0.0001217557267277,0.0119377433339162,0.0276090276599355,0.8195219377728009,0.7496188526115735,0.879466224912857,0.0026835072312747,0.6470348175354941,0.4336558592202795,2.9084168623468543,0.0094710392371625,0.2594603767181401,46.38954133068511,194.49199241044315,0.0165643499411994,0.6963468848656659,0.1172577634481588,10835.0,4364.0,22.550327426099063,9.08256842524193,7.753471559748418,2.927706389320736,2.482813932172319,3.88170865279299,2.6010520957067707,350.55570836994525,1489.892353702436,0.2508559035490383,0.9995342262453556,1397.4385430455582,1490.5866298336364,0.9761523569431284,0.946465025853398,0.9990190838191956,0.9940391827275644,0.8129720461651654,0.2853727144866385,0.6024440082845725,0.210528037880593,1.2887952520895605,0.5101008473757128,0.1506663271369153,1.1617583548739092,1229.0,4.0,30124.0,7664.0,15521.0,5893.0,3.5735347959392945,3.554238839125037,0.009067310417145,0.0264743140942902,0.0002655689815429,0.0020876826722338,3.102281177638581,0.0017395786353972,0.623281859833701
"Osnabrück, Germany",DE,False,0.5.0,0.0005399725360527,0.0114160673371465,8.980690608458413e-06,0.0022979100386092,0.1592467303469763,0.9051331390258804,0.7179497951961483,1.0282289471508512,1.075897716567186,3.364497734205339e-05,0.0001701244480399,2.7742772454710835e-05,0.0001686528650715,0.0086754917358462,0.0257779103290585,0.7793113291594242,,0.698941443139769,0.0014979249730038,0.6053123830901609,0.4181836267780762,4.003686314354327,0.0403859098048014,0.2970474202206978,59.24551691936022,158.79880552530733,0.0095221758835265,0.6529055418442898,0.1011034894124664,3151.0,2357.0,26.321124051214223,19.6886351598578,6.574222350248991,3.530609161370129,1.336868901145524,3.630244559120485,2.507605129734566,106.31155312647596,667.5901784283911,0.221807613028804,0.9999999999999986,479.29623187762417,667.590178428392,0.9868167621641896,0.9626274301789152,1.0,0.9983962952376836,0.8535403640925492,0.6044235588972431,0.4772699081812847,0.3762704559112647,1.3737404666667337,0.4453922999214277,0.1271452022086255,1.137723776783907,335.0,1.0,8090.0,4204.0,4457.0,3353.0,3.5681949521485103,3.5715440846180533,0.01389985332812,0.0108702792962759,0.0,0.003092293054234,5.576554713356377,0.0540722459053174,0.6018490903668356
"Oulu, Finland",FI,False,0.5.0,0.0049067625487113,0.0063318479876825,0.0003139711627011,0.0002582644542,0.832026656509744,0.9992211968440718,1.0997481623464986,1.0365986837083587,1.1063050088245376,9.73282164550591e-05,5.171027578349729e-05,0.000109766447718,5.447528244450192e-05,0.0104826823876197,0.0212770534830687,0.9544807131844129,,0.1487128988250829,0.0004109214502515,0.7307845846768003,0.3803744351194318,0.703529015909614,0.0008290346352247,0.4035110365302697,56.22946830385729,275.3513376331525,0.0101044116068195,0.8377855563743551,0.0884213243836323,18237.0,4621.0,4.794032558974178,1.2147406072829785,6.814264160485019,1.898868021612283,3.946548366154512,4.384303610906411,2.281657415773848,2024.7827315913212,2433.5551220017974,0.756561079160591,0.999999999999998,2676.2977733903917,2433.555122001802,0.987041678276919,0.95028804903149,1.0,0.996393599869814,0.7202928347816999,0.686474314937791,0.4736595314400204,0.2466333033416793,1.0443968764713123,0.6053110389460835,0.0705016463296533,1.038901180504221,398.0,1.0,47596.0,8838.0,21712.0,7747.0,3.565511639887744,3.5657736088594585,0.0163237837159458,0.0160872693138994,0.000168081351374,0.0045259108395564,0.6397182918755835,0.0021647015475313,0.5080676390860979
"Oxford, United Kingdom",UK,True,0.5.0,0.000196806110763,0.0146606139161175,1.0015017518769396e-05,0.0006662214805421,0.0562048252513997,0.9975865875822076,0.5876817485018097,1.0317259125901328,1.0695141085597952,4.9866914345025874e-05,0.0002028921031717,4.517365855573465e-05,0.0002063380119729,0.0070833333333333,0.0165610759141936,0.7898903929362884,0.6657207358113182,1.094336677355076,0.0089737910511305,0.6007674341007674,0.3820487153820487,4.307087205568924,0.009,0.3747915971990663,54.558746461161824,97.32368855466216,0.049581715163686,0.6395,0.0400133377792597,1289.0,1874.0,28.25849820274085,41.08334028854643,6.560930126096245,5.605628143272903,0.6878335112059765,3.601,2.290763587862621,18.78965921910517,333.8650549835585,0.0956382011091615,0.9986784142322256,196.4660460066437,334.30687018526453,0.9777312939338254,0.96352931824441,0.9999451116623266,0.9995174628964746,0.8543480753216851,0.1752415065668077,0.4579242808213423,0.3964237945003429,1.4035257213755354,0.4545682102628285,0.0732521274820624,1.0985152660563138,215.0,3.0,3601.0,3435.0,2000.0,2999.0,3.523136275759958,3.5514793955036112,0.0542074444704577,0.0289510191957479,0.0005554012774229,0.0014556040756914,7.328944988591323,0.005,0.5848616205401801
"Paderborn, Germany",DE,False,0.5.0,0.0067379674083324,0.0090274151133395,0.0001024949368612,0.0009514746783231,0.4656350581402564,0.9613248590455388,0.8199251509255606,1.02752185405402,1.0691056149012026,7.407880483609902e-05,0.0001563282636368,9.416178461830984e-05,0.0001606325761325,0.0080370682392586,0.0188574597892401,0.8801593277665603,,0.5668743358703348,0.0012983087301517,0.6369458958368448,0.4057074910820452,3.5192605362538614,0.0094355518112889,0.3263608271927739,55.70550098685185,150.49488555503268,0.0147080750863642,0.6960404380791912,0.0858093653434751,4195.0,2834.0,23.376912626890626,15.792650866414307,6.642563796022498,3.679406941249938,1.4802399435426958,3.8203875315922495,2.433087710957927,358.6474059108013,770.2328242706559,0.5678994693779439,0.9999999999999982,631.5332646879394,770.2328242706573,0.9838192843276876,0.965004624076478,1.0,0.9995398333322848,0.8023963360771001,0.5543918267686179,0.5296338384365148,0.2727624976405853,1.1959887710777075,0.4854614412136536,0.1084552265429896,1.0989613378362453,358.0,1.0,11337.0,5118.0,5935.0,4207.0,3.554089882972604,3.5472577315633465,0.0266080884230518,0.0327340177553134,0.0003528270265502,0.0015631105900742,4.292172928566949,0.0107834877843302,0.5878298074637509
"Padova, Italy",IT,False,0.5.0,0.0003495274676704,0.0093792305635594,1.267159450897571e-05,0.001338028169014,0.0628465942775455,0.9970122289023672,0.4557158731771026,1.0407408722373492,1.0745126286727436,3.112214642829214e-05,0.0001928600588455,2.6658432186841055e-05,0.0001988578830614,0.002990325417766,0.0170598680872653,0.774712439619522,0.6655933295442975,0.791209676395084,0.0039915144857331,0.6130763815557903,0.4087044791270143,3.672146524267642,0.0187335092348284,0.3139269406392694,49.16226578048161,116.6709742759352,0.0435309215418097,0.7176781002638523,0.0780060882800608,2809.0,3606.0,30.115774751156614,38.6605495737525,8.201136461231702,4.7978004118512105,0.7789794786466999,3.6765171503957785,2.4512937595129376,47.23514934156817,750.4400389826397,0.1379074067343749,0.9984640954244448,342.5135056926154,751.5944162855745,0.9728966690434022,0.9650318208299156,0.999925587069264,0.9995526967606444,0.7760137253383885,0.1170093991795191,0.3621142146002219,0.4138995107381665,1.3990678902937266,0.4551815181518152,0.1131626534691158,1.136793468109396,271.0,3.0,6967.0,6442.0,3790.0,5256.0,3.5491133265895125,3.506644658769027,0.0310721436294715,0.0687498952495234,0.0,0.0006209251785159,8.05797370775486,0.0234828496042216,0.6080669710806698
"Palermo, Italy",IT,False,0.5.0,0.0016147490962958,0.0095470784163418,0.0003450129215608,0.0017255403170422,0.0183280613946653,1.0,0.1026265316713222,1.0359032808153543,1.0790319486432585,0.000108214478558,0.0001557510234243,7.624309163729786e-05,0.0001620108020394,0.0050776583034647,0.0246955697701966,0.6766701391314114,0.4997167177983361,0.4236259869865637,0.0018500113093732,0.5834829443447038,0.4498791411915256,0.6926041963636981,0.025089605734767,0.2227434257285003,56.895858240463824,113.89322295448032,0.1762817686834846,0.6424731182795699,0.1411513859275053,731.0,5467.0,4.563386268456788,34.1286357450797,6.588736095471875,5.057005914171822,0.1337113590634717,3.4946236559139785,2.698507462686567,19.813999300225223,1080.768223127257,0.1785898938235956,0.9997167177983372,110.94692356890444,1081.074472283927,0.9827672795002402,0.968477228568131,1.0,0.999984744517995,0.7072723513273478,0.244172814565726,0.2087898916027701,0.4984824597245776,1.6316416008915882,0.3955994611585092,0.1748311411304657,1.1356392722986226,47.0,2.0,1950.0,9492.0,1116.0,7035.0,3.157965308333767,3.498522222133391,0.349844515569139,0.0758709188005047,0.001025641025641,0.0009481668773704,6.74878303967119,0.0125448028673835,0.6359630419331912
"Paris, France",FR,False,0.5.0,0.0051263829232102,0.0075584224825361,5.898814281712767e-05,0.0031354006828449,0.3270600625056695,0.9534490378546108,0.6045915042109626,1.017850546690236,1.0317647361526714,4.565170015281551e-05,0.0001981810594138,4.233006729395019e-05,0.000195731773872,0.0031904972267216,0.0426350612207241,0.8837627903004834,,0.8165919664187974,0.0007988747011387,0.492906234658812,0.5190568475452196,7.186218004864387,0.0774554557502577,0.067949072792693,37.687561301644685,111.2775141072027,0.0226284629242158,0.4153291120600795,0.2297259894824245,6039.0,6735.0,57.34321595148028,63.95207144116901,7.979609846606986,5.380421112169275,0.8966592427616926,2.957001914298336,3.1134791032383062,409.4009511622745,1251.760756191922,0.5409604009115336,0.9999999999999988,756.8039184983269,1251.7607561919233,0.9919147187587032,0.9828731013948366,1.0,0.9999008812206062,0.7573963487706146,0.6600269870847523,0.4539875163909255,0.303408832379689,1.1227667358891522,0.2620494127176995,0.2785353360559285,1.133934483195424,618.0,1.0,20081.0,11249.0,13582.0,7226.0,3.548091023114982,3.572686921989523,0.0319878968480232,0.0098354227407202,9.959663363378318e-05,0.0004444839541292,11.886071760540108,0.0293034899131203,0.7023249377248824
"Parma, Italy",IT,False,0.5.0,0.0010665047758672,0.0064785952339859,1.3605441390248082e-06,0.0002107037493576,0.0331742579951482,0.9922802153217192,0.248000484462185,1.141854323533658,1.1839869022521017,2.220798182135905e-05,2.7578660700000734e-05,7.866926167830104e-06,2.8194088512541912e-05,0.0063459686101195,0.0228278997910851,0.6782818669595827,0.8332978135837741,0.3820615662587046,0.0009274204260346,0.612310831491243,0.4028092353612501,0.4649213438477397,0.0137684854665986,0.3201137620477168,148.51924974386867,281.9962402958182,0.0144382206493016,0.6758456569777325,0.0553536630326012,4018.0,12908.0,1.164293020641098,3.7403420384358617,2.504279564808279,1.9951904765425408,0.3112798264642082,3.6726160122386537,2.416600832148312,214.62277774271587,6469.214923322186,0.1337669080247567,0.999947010049528,1604.4534549830132,6469.557744866662,0.9452262371001424,0.9289292148763628,0.994318237617113,0.994369452295874,0.4165919042362063,0.0236404471043373,0.2009052706805641,0.2156866335556422,2.324958558981341,0.470453192755718,0.1043219468513787,1.1160763491365358,613.0,6.0,10803.0,22942.0,5883.0,18987.0,3.549897177123049,3.539999616986382,0.0303696971856246,0.0392206962040669,0.0003702675182819,0.0022229971231801,1.8746791759539112,0.0071392146863844,0.6244799073049981
"Pau, France",FR,False,0.5.0,0.0033724408684596,0.0172856526631506,0.0001227334931526,0.0070750578980912,0.1352933813355299,0.9842795631973466,0.5158200936577857,1.0361072664003816,1.0954957828350615,0.0001273079205276,0.0003400406171302,9.673271103976223e-05,0.0003424313499809,0.0045233124565066,0.0346666666666666,0.7692440811756569,0.4979938660502032,0.7648981390143558,0.007890996594101,0.5632984901277585,0.4484000847637211,4.150777877970428,0.0591510090466249,0.2146031746031746,53.9119018582001,119.77949462398192,0.0984996447041084,0.5942936673625608,0.1079365079365079,873.0,1237.0,27.717071454827018,39.27378853335741,6.677560753595326,4.8805813934514815,0.7057396928051738,3.3750869867780096,2.686984126984127,34.29056893439026,252.94494913260053,0.2622879236365859,0.9979938660502036,130.73636200613527,253.45341062434576,0.9801237738085512,0.9536393175457308,1.0,0.9998382312680724,0.8321243125148075,0.281589421844431,0.4990304956964436,0.3330938168183637,1.408386181862998,0.3792262112234228,0.1726550079491255,1.1406144938434046,100.0,2.0,2425.0,2116.0,1437.0,1575.0,3.3683837254617592,3.452972210441204,0.186237700227158,0.115298684627103,0.0,0.0066162570888468,8.046948788939982,0.0132219902574808,0.6774603174603174
"Pavia, Italy",IT,False,0.5.0,0.0006087050591805,0.0223471612478405,9.055100617595183e-05,0.0064312255057076,0.1464451081053357,0.983949429974394,0.7600919756677587,1.0695594818084706,1.0938385735448517,7.205194974118943e-05,0.0003257770894688,6.047517426250031e-05,0.000336951102589,0.0185803074910042,0.0280914939242315,0.7260390464714088,,0.4525077773789539,0.0042993441314124,0.6509341199606686,0.4495347172512526,2.789840298460144,0.0058881256133464,0.2137240886347391,89.01940658355308,123.45733358597651,0.0442049007987095,0.6928361138370952,0.1172265904217298,708.0,1100.0,11.17245622938117,17.35833594960351,4.004693829803743,4.729278544553687,0.6436363636363637,3.8979391560353287,2.6933523945675484,34.062197309435845,232.5936164759799,0.1926676149642024,1.0000000000000009,176.7925414749364,232.59361647597976,0.962978932835467,0.9644172778147873,0.9995423973524152,0.9998748512642176,0.719335184296256,0.2398105154542469,0.4428981301491771,0.2764370541470788,1.44250251667312,0.515002459419577,0.1740064446831364,1.1477778680591697,80.0,1.0,1986.0,1884.0,1019.0,1399.0,3.4953011426251632,3.4872739106215893,0.0786873039269485,0.0856872969067915,0.0,0.0005307855626326,3.670398304112083,0.0019627085377821,0.6690493209435311
"Perpignan, France",FR,False,0.5.0,0.0005790881879142,0.0122029869208658,2.702697680986542e-05,0.0030074314191432,0.0513739988581928,0.968639192949822,0.2766784201487114,1.0680043425053185,1.0945079334625634,5.827562549517519e-05,0.0002792858134024,5.773796892980888e-05,0.000283210345794,0.005935194096888,0.0353043637697103,0.738567053355446,0.664436178768387,0.799243631288536,0.0054826478979875,0.5728061716489875,0.4729407448174647,2.2268275111397977,0.0413859480269489,0.1581408140814081,84.95686660453114,106.12507010817473,0.0614631546743349,0.5890279114533205,0.1471397139713971,619.0,3061.0,9.10481322456881,45.02396329629261,4.088692626178544,5.594128405246637,0.2022214962430578,3.4302213666987487,2.8360836083608363,28.11086895278282,545.4081233810559,0.1856812643016389,0.9967602337334946,151.3931362892745,547.1808614777489,0.965259568080985,0.9585727709161352,0.999055160228647,0.9998440871194793,0.7138512199764381,0.2353834664506411,0.3744499935582227,0.3394012264182154,1.5275871761057485,0.4167872648335745,0.2095775423145727,1.153700297931502,121.0,3.0,1782.0,5156.0,1039.0,3636.0,3.4749302598743053,3.5637674762625142,0.0963992556427851,0.0178977485558362,0.0,0.0040729247478665,8.048432219408015,0.0067372473532242,0.6947194719471947
"Perugia, Italy",IT,False,0.5.0,0.0008376068648501,0.010478565599245,0.0001043895819197,0.0007532956151474,0.018375442026261,1.0,0.0984043036190649,1.129815689698156,1.158149655210219,0.0001158612916054,9.753616215496008e-05,7.37211423812122e-05,9.932388799787564e-05,0.0220525869380831,0.0209046991655687,0.6675598830109157,0.6658449135528217,0.4875661697288247,0.002525189968441,0.6223358908780904,0.3887529027803929,0.260219018003292,0.0,0.3562958780350084,160.1468613465323,191.80326613753851,0.0747891456146067,0.6208651399491094,0.0431018257105213,244.0,3420.0,0.5431097111442899,7.612439393907669,2.087125358137425,2.8787165640227896,0.071345029239766,3.715012722646311,2.331639375117636,21.83056592483458,1186.6176957688413,0.1867341300172665,0.9988117005767014,116.90720878296855,1188.0294304559138,0.9317155739090622,0.9320308028858196,0.9909416631062664,0.9933693280936964,0.6145885353437285,0.0035203131583597,0.3323166914985398,0.2822718438451886,2.134613300576435,0.5044814340588989,0.0832313341493268,1.1444363150475332,57.0,3.0,730.0,6194.0,393.0,5313.0,3.5204795392179964,3.576565458354133,0.0565577911125695,0.0063193152447175,0.0,0.0014530190506942,2.6443865606796173,0.0,0.6006022962544701
"Pesaro, Italy",IT,False,0.5.0,0.0001466594029496,0.0066968300562903,2.530043770156915e-06,0.000221433324575,0.0053410883017024,0.9922619005936142,0.1091098748878591,1.171257468926333,1.2136701340942282,3.262902457458472e-05,2.9329810508734774e-05,2.927915131174425e-05,3.079778684038318e-05,0.0012111637704054,0.0258739578133954,0.6471272526808451,0.9086844603065952,0.5636665841584731,0.0018950069894565,0.5934239645905786,0.4137223362360641,0.2525824162600557,0.0126382306477093,0.2939382175142809,112.47613891740734,259.4059941189268,0.0245411983392562,0.6369668246445498,0.0683267705618102,2037.0,12731.0,0.8123594103414422,5.077146614166373,3.2162152154924644,2.1932121802519027,0.1600031419370041,3.55829383886256,2.4820586767234207,31.003564443620736,5796.385927618484,0.048951465732977,0.9985628951294936,633.3531382439207,5804.727930399225,0.9546334252700772,0.9327229706468372,0.9999264225167348,0.9941628026009832,0.3682600392204727,0.0077619996144702,0.2101840813869165,0.158075957833556,2.655127311129656,0.4463241106719368,0.1208364533932384,1.1100590587116268,357.0,11.0,5631.0,22377.0,3165.0,18031.0,3.526783887098739,3.566842180591596,0.0509757331120869,0.015122232301846,0.0003551767004084,0.0024131921169057,2.314936356765643,0.0066350710900473,0.6377350119239088
"Pescara, Italy",IT,False,0.5.0,0.0089468847030325,0.0088082253975199,4.108105711348603e-05,0.0007109207574117,0.0197320228025525,0.9925172531823784,0.0586693513806561,1.073035828384525,1.1874498545575711,7.706020701610083e-05,4.273861078168856e-05,7.824936293329289e-05,4.545118913742525e-05,0.0062061521856449,0.0323051474165612,0.808268471360891,0.7499315671650131,0.6802825375647944,0.0012472417260785,0.6196650459211237,0.4246553122465531,0.1537920121428148,0.0080949811117107,0.258830397976063,54.68094028188841,245.00204713786877,0.2389645077326608,0.6189962223421479,0.0637345528850832,1170.0,7617.0,0.9563106541009408,6.22582756605715,6.218207569928199,2.375060056885061,0.153603781016148,3.713977334052887,2.5474360221854626,63.28211248862593,3206.793111513031,0.3363259067673689,0.999911543895072,188.15711550997804,3207.076797034702,0.980333625481652,0.9356909414676876,1.0,0.9945207914319396,0.4949561695661162,0.0128349556345961,0.3193918410065995,0.1755643285595168,2.704703718988461,0.463658470683599,0.1370869628692393,1.1152074878986444,128.0,4.0,3441.0,13090.0,1853.0,10277.0,3.287958053253889,3.570312635550592,0.2509366768197868,0.0119847694645086,0.0,0.0016042780748663,2.6213347944651333,0.0124123043712898,0.6774350491388538
"Pforzheim, Germany",DE,False,0.5.0,0.0004689318596496,0.0150017866437773,4.590660284130333e-06,0.002989209073412,0.0408546553143671,0.962726735768024,0.3679275435225209,1.0402954538988272,1.0955232738146563,6.338540426928368e-05,0.0002019653398338,4.823853211426026e-05,0.0002079548797887,0.0049618320610687,0.0297557471264367,0.7097302254127082,,1.1538644797675737,0.0022462355745966,0.582059123343527,0.4446361806154731,1.672644910712991,0.0083969465648854,0.2301724137931034,71.71514820206374,143.98100931981995,0.0653965279941075,0.5648854961832062,0.1241379310344827,758.0,1786.0,7.740445538093543,18.23804186152384,4.6276681252054015,4.0117767362296926,0.4244120940649496,3.487022900763358,2.6655172413793102,18.18805461742477,445.1892808168822,0.1110399480376669,0.9999999999999976,163.79739849351358,445.1892808168832,0.9794255948756908,0.9621509348994166,0.9997568731609652,0.9982509531062944,0.7719080847372287,0.2420003165057762,0.3480811670776428,0.4238269176595859,1.7379373766113746,0.4447418738049713,0.166774541531823,1.130251469790792,189.0,1.0,2284.0,3092.0,1310.0,2320.0,3.5132331067913607,3.5414415163961874,0.0629536594503507,0.0379337876540185,0.0,0.0016170763260025,4.546125834176936,0.0137404580152671,0.6456896551724138
"Piacenza, Italy",IT,False,0.5.0,0.0042665225934345,0.0078337548974188,9.124083798578471e-06,0.0003912975378595,0.0215862597557312,0.9988881889066876,0.1084592247854298,1.1141866099685327,1.1984689218206166,6.150577442077808e-05,3.3175007883982434e-05,4.095619828753158e-05,3.3305713416227495e-05,0.0084738041002277,0.024588582009754,0.6209025985649561,0.6666554853375306,0.5153488764631449,0.0006327661090781,0.5702994376044992,0.4195685630070167,0.1989694309173681,0.0287015945330296,0.2816681010875518,137.0508428242491,294.75214831893595,0.0208532171620973,0.571753986332574,0.0791800328612784,1384.0,9181.0,0.5355227282283296,3.552481335162062,2.691482434056576,1.936475215815441,0.1507461060886613,3.4186788154897494,2.51701744777404,102.34236369191744,4741.025451510084,0.1990264986536309,0.999986742664142,514.2147622765826,4741.088305710085,0.9557428324200348,0.9333322219983736,0.9988004885012116,0.998403616285497,0.3504309551405226,0.0171271360483589,0.1489582060459874,0.2014727490945352,2.4277248041717217,0.4155074116305587,0.1293970340806824,1.121540772942781,265.0,3.0,3752.0,16085.0,2195.0,12781.0,3.5233460221082398,3.549510619860772,0.0540217627226087,0.0307161416895361,0.0005330490405117,0.0026111283804787,1.83450906376105,0.0587699316628701,0.6391518660511697
"Pisa, Italy",IT,False,0.5.0,0.0001111421741688,0.0094945471312559,1.8709070266061243e-06,0.0003680833954273,0.0114874552449672,0.9953138168321652,0.2271092625522382,1.163337430373375,1.14732106999322,2.159022373939072e-05,3.5475783499591515e-05,1.26814068456116e-05,3.665279433554966e-05,0.0087227414330218,0.0343061011785456,0.6171546639277024,0.7999607305509375,0.4409602581841625,0.00126447170519,0.5978802992518704,0.4299842300804533,0.3673102145991231,0.0046728971962616,0.2534274031908923,156.07231713589658,245.8022346471999,0.0204983454838332,0.6417445482866043,0.0842620059328148,2066.0,9312.0,0.8450211661434278,3.808730444882672,2.3005653873951517,2.354952103745897,0.2218642611683848,3.5850467289719625,2.5794917020764854,45.42393158271968,3953.984598457203,0.0505811833294338,0.9999403295012528,898.040112799949,3954.2205487695046,0.9487099871615712,0.9422206953963193,0.9996965446552926,0.99773587279229,0.509753811991779,0.0072135877762476,0.3320654210333152,0.1776883909584637,2.22647941337747,0.4583008573655495,0.1451024417625596,1.160144955398949,396.0,5.0,5754.0,16087.0,3210.0,12473.0,3.560987933180378,3.5766633124251297,0.0204034540994192,0.0062305245260871,0.002780674313521,0.0032324236961521,1.6173281990849524,0.0018691588785046,0.6623105908762927
"Plauen, Germany",DE,False,0.5.0,0.0017700677236102,0.0190257181099685,3.1358800708691686e-05,0.004887429534574,0.0500800228194607,0.9867912517676452,0.3251743022887916,1.0559412833765374,1.0903394047780897,0.0001302176570262,0.0002259534634491,8.442194803591594e-05,0.0002238146706439,0.0061728395061728,0.0343440348791121,0.6632304591051272,,0.9231756431550828,0.0026802946040442,0.6017014694508894,0.4412698412698412,1.187856257718429,0.0,0.2390011890606421,77.96938207912517,167.75778568942494,0.0251913746497168,0.6504629629629629,0.1218787158145065,562.0,1280.0,5.5025819657017,12.532571025085725,4.6323634951174695,3.430777093176692,0.4390625,3.601851851851852,2.644470868014269,18.684521747682197,373.0933153732806,0.1540097801916218,0.9999999999999986,121.32035851511876,373.0933153732811,0.9760489438508108,0.9579971977560172,0.9992046504335552,0.9966401152301928,0.8048914132012864,0.249628988374969,0.3935865889270999,0.4113048242741866,1.6829765856610803,0.4666279744631457,0.1616552545400416,1.104804588302268,112.0,1.0,1556.0,2224.0,864.0,1682.0,3.518064153390746,3.5555359034759086,0.0586920833464714,0.0253090598969791,0.0025706940874035,0.0022482014388489,3.65298318273465,0.0,0.6391200951248514
"Plymouth, United Kingdom",UK,True,0.5.0,0.0006035226209289,0.0068815296023959,1.3211375301951828e-05,0.000261745835822,0.0689173718266564,0.952340899706176,0.3004165721005641,1.0584145047415718,1.081462773624464,4.635378967892333e-05,0.0001585460438235,4.391247386798284e-05,0.0001565912893799,0.0084221207508878,0.013064713064713,0.7788042362024346,,0.8533955953973595,0.0012385226058695,0.6133401049602167,0.3832330105557009,2.876591210456659,0.0233384069000507,0.3703558346415489,66.95015925397375,91.89774679277156,0.0281815837160632,0.6621004566210046,0.0384615384615384,1318.0,4813.0,15.63052663878714,57.07869856789264,5.433697559100096,5.961009302050093,0.2738416787866196,3.676306443429731,2.2987964416535847,55.64482351799391,807.4136033212919,0.2294060255889826,1.000000000000001,242.56042697714688,807.413603321291,0.9669094356356848,0.963540844099543,0.998276114114451,0.99869208108201,0.8283899062003993,0.0936799868359429,0.3586077209868302,0.4697821852135691,1.4921168059845435,0.4721869443738887,0.0747889812209644,1.177735555823914,207.0,1.0,3623.0,8786.0,1971.0,7644.0,3.552127386811911,3.548982101449203,0.0283697058697215,0.0311897159632669,0.0,0.0010243569314819,9.575341301390404,0.006595636732623,0.5911826268969126
"Poitiers, France",FR,False,0.5.0,0.001337708833324,0.0143241305766856,9.160294692191777e-06,0.0033683218185774,0.0571880196556227,0.961231264669001,0.3528925788541431,1.049547865150509,1.089604826243688,8.235152829640036e-05,0.0002510096267992,8.397616651317553e-05,0.0002500543411284,0.0027925869510027,0.0338589981447124,0.6736340620350063,,1.3513223327887152,0.0028385215647678,0.5596236969234681,0.4258743423088827,2.897047975770973,0.0472201066260472,0.2680890538033395,56.48462956484824,128.0145613595043,0.0492978916673173,0.5178979436405179,0.085343228200371,710.0,1578.0,16.54488331227355,36.77158572784178,5.710945573095166,4.479187029203738,0.449936628643853,3.3526275704493527,2.5528756957328387,20.14711473939393,352.2960728613565,0.162055036241665,1.000000000000002,124.32266967223096,352.29607286135587,0.9718584313089318,0.9549536738267506,0.9996162832493336,0.9962097413405216,0.7725972232856445,0.1942187137218481,0.4392948622005791,0.3333023610850652,1.6681062630168102,0.4028996566196108,0.1386115625725563,1.144557396076277,168.0,1.0,2201.0,2752.0,1313.0,2156.0,3.5092963254440246,3.5725332181644647,0.0664192341883105,0.0099746353744608,0.0009086778736937,0.001453488372093,8.209432981497681,0.0228484386900228,0.6465677179962894
"Ponta Delgada, Portugal",PT,False,0.5.0,0.0019920885625658,0.0223857042830802,0.0,0.005460498433042,0.0080093853327677,1.0,0.0239246430261966,1.5002007413004574,1.121518887995738,0.0006456853365576,9.501888222112432e-05,0.0003851485993016,0.0001001860423412,0.0,0.035064935064935,0.5124532198412501,0.4998067128144683,1.016479026050238,0.003242519712249,0.4967320261437908,0.4329963087786872,0.063335169392167,0.0377358490566037,0.2419432419432419,194.1687098252797,228.6153701791877,0.9026761637459902,0.3396226415094339,0.0774410774410774,18.0,1576.0,0.0772546455581721,6.7640734110932925,1.2197748312602854,2.5551055332522616,0.0114213197969543,2.8679245283018866,2.5954785954785957,4.940223063262302,616.6850483823167,0.3347755418543858,0.9998067128144646,14.756821946721258,616.8042687434483,0.9234385634376054,0.9457573362757524,0.9895311735840394,0.995478946787173,0.5195761387411317,0.0422524950826837,0.1757206174651427,0.3438555212759889,2.5289831527876605,0.3762376237623762,0.1495304599084999,1.0852882884600608,15.0,2.0,76.0,2698.0,53.0,2079.0,2.5837465696800805,3.5504978859767444,0.7029924548714337,0.0298312005982703,0.0,0.0048183839881393,2.647277508919036,0.0,0.6806156806156806
"Pordenone, Italy",IT,False,0.5.0,0.0266559688588208,0.0188234111842931,0.004735483254046,0.0062292831401524,0.2805870640776148,0.9663709258135944,0.4076278477639785,1.0520731314637926,1.0824127251798707,0.0002720839453409,0.0003244821604822,0.0003076550365969,0.000332860568786,0.0097183098591549,0.0341451414514145,0.855510327720649,0.4996801095285481,0.4636086308857135,0.0083991017072332,0.6351224105461394,0.4407489529440749,2.5417387841061285,0.0126760563380281,0.2324723247232472,71.95302410803096,133.1026845341097,0.0816892863258943,0.7323943661971831,0.1003690036900369,524.0,1040.0,13.721487728682794,27.23348709509562,5.398464946313642,4.367532887761291,0.5038461538461538,3.8,2.6405904059040592,66.8135888474776,238.0445300876952,0.6883412544475571,0.9996801095285488,97.06462952173376,238.12070263152225,0.9689990211942008,0.9624496802584632,0.9998038125010322,0.999472045454852,0.5933316519958364,0.1343573553518305,0.3587917177745303,0.234539934221306,1.3787832825597184,0.4833922261484099,0.1611829944547134,1.1079482103751537,45.0,2.0,1349.0,1789.0,710.0,1355.0,3.5093368005277483,3.5110582788186,0.0663836363692819,0.0648689686689641,0.0,0.0016769144773616,6.235439502106407,0.0056338028169014,0.6671586715867158
"Porto, Portugal",PT,False,0.5.0,0.0009542279910066,0.0111220420266413,6.0046029797118095e-05,0.0035036006865337,0.0623345815366353,0.981700772021842,0.1969564428914622,1.0553052556236922,1.0575292032902643,0.0001289495557262,0.0002331567317149,0.0001117361706075,0.0002329082174816,0.0113156885308784,0.0280752254845519,0.7838728972052644,,0.8852129970130256,0.0019159165175052,0.5878508266051519,0.462173579109063,2.4793987958426382,0.048331415420023,0.1827864133563615,67.23356270821311,108.42197959695412,0.0866386926287446,0.5811277330264673,0.1315486470926885,513.0,2839.0,12.37286118609157,68.47281268482254,4.990266675469034,5.439286993197353,0.1806974286720676,3.518987341772152,2.771445020149683,32.53512403442448,521.9434097797373,0.3164891720297078,1.0000000000000002,102.80011738085786,521.9434097797371,0.9662320313455638,0.9655248062637584,0.9990046743817363,0.9988386031598672,0.7892026994062984,0.0223036223036223,0.388109435574817,0.4010932638314814,2.039365783799731,0.4333525678015003,0.1931441739881895,1.162780981379098,91.0,1.0,1529.0,4814.0,869.0,3474.0,3.481551186550773,3.564890868596694,0.0906613893683099,0.0168841234192127,0.0,0.0002077274615704,12.58856404717348,0.0092059838895281,0.6856649395509499
"Portsmouth, United Kingdom",UK,True,0.5.0,0.002083910467543,0.0132128722925197,0.0002848599942632,0.0022345116653042,0.0888307772654145,0.9930537694658784,0.2772442800662,1.03869375917915,1.056121248044459,0.0001202255529131,0.0002253905645861,8.955009511741786e-05,0.0002255909477239,0.0157232704402515,0.0153570755605803,0.8344857344530827,,0.5908407145606369,0.0022751001186411,0.6361525704809287,0.4188348416289593,2.0259800066214813,0.0377358490566037,0.2778405879027699,63.53506504785956,98.92889852591657,0.1073005438932456,0.7130089374379345,0.0667043527416619,731.0,2555.0,12.153194556627664,42.47799191817193,5.998674476997578,5.812880803128145,0.286105675146771,3.809334657398213,2.5115884680610514,39.04477721115431,439.5410961506464,0.3204061676013789,0.999999999999998,121.86025476179464,439.5410961506473,0.9673284014538848,0.9719804128256648,0.998685714560306,0.9999626462163276,0.813559576124117,0.1053541346224273,0.4157225675336582,0.3978370085904588,1.4634626783918927,0.4892981582877053,0.1281289775137887,1.1645375258624404,72.0,1.0,1918.0,4443.0,1007.0,3538.0,3.518731584181706,3.3757677804975312,0.0581025673119365,0.1801632432440588,0.0,0.00067521944632,7.307562868881264,0.012909632571996,0.6554550593555681
"Potenza, Italy",IT,False,0.5.0,0.020935960591133,0.0177797750314746,0.0172413793103448,0.0034197148171109,0.0261616401642149,1.0,0.0352376742938039,1.1579240492552691,1.1996791564231573,0.0006765772932021,0.0001651207420489,0.0007006621315454,0.0001735724879903,0.0,0.0226006191950464,0.6002081144674016,0.499699741781225,0.285535645559082,0.0040246448309927,0.6190476190476191,0.3891299855342013,0.1007329480571306,0.0,0.3535603715170278,336.749010672821,263.90773241701623,1.228158797460336,0.7333333333333333,0.036532507739938,22.0,1044.0,0.126556528351274,6.005682527215005,1.2563568404599612,2.1008646017782384,0.0210727969348659,3.466666666666667,2.331888544891641,13.000719945646203,496.78905034440976,0.7424337924825847,0.9996997417812238,17.51094855498669,496.9382601412415,0.9010645290947356,0.9083904234799786,0.9576211471819204,0.9697598674185473,0.5529323858678338,0.0082853938275625,0.188886533033566,0.3640458528342677,2.491236863430476,0.4909090909090909,0.0837209302325581,1.0531155860040082,5.0,2.0,52.0,1883.0,30.0,1615.0,2.516972330758094,3.561876145659264,0.7351933030033719,0.0196030953055145,0.0,0.0015932023366967,2.8586718640180835,0.0,0.6099071207430341
"Prato, Italy",IT,False,0.5.0,0.0008247980990536,0.0134686925909708,6.914431301454433e-06,0.001821326670568,0.0566589898300456,0.9986268851282144,0.468918827875476,1.1628260292277015,1.1608924039755542,3.191637014278993e-05,9.785240094524682e-05,2.954515889092229e-05,0.0001007907296066,0.0068335491296216,0.0247440851467697,0.6802776396679695,,0.4769344711924627,0.0009091201349795,0.6044636429085674,0.4263818243472363,1.4107473742138112,0.0129477772982304,0.2676428716697173,122.86663379396312,174.95858721354128,0.0394184934897735,0.6594734570565386,0.0911124669513931,1558.0,3599.0,4.2612823350765225,9.843616895982288,3.0205849842189307,3.2719233657915514,0.432898027229786,3.623651273198101,2.557250355908074,62.3228852271735,1099.964637811535,0.1208289931260591,1.0000000000000009,515.7941286670572,1099.9646378115342,0.9385087861219686,0.9467411744945792,0.9944303522295326,0.9979800747716004,0.5894086786254338,0.056351818107645,0.3307867111610755,0.2586219674643582,1.6920209131099804,0.4594944912508101,0.1394851968664157,1.1463222681867768,246.0,1.0,4198.0,6287.0,2317.0,4917.0,3.5109966591918518,3.4799384945396983,0.0649232067789828,0.0920606629355564,0.0,0.0011134086209638,3.008510834605351,0.0129477772982304,0.6408379092942851
"Preston, United Kingdom",UK,True,0.5.0,0.0011059826440415,0.0078851828993021,0.0001101633573133,0.000460286112266,0.076214642686677,0.9951976012699132,0.3095529611090287,1.054874500037517,1.085212729508421,6.948423783449636e-05,0.0002027311494597,6.602983445904947e-05,0.000204013483725,0.0054373522458628,0.0165242165242165,0.8324077613567293,,0.5390960519399955,0.0014899891000018,0.6264204545454546,0.3903321275896086,1.4535806758155057,0.0226950354609929,0.3578238001314924,78.51669878812928,94.23558681846824,0.0666185454918973,0.699290780141844,0.0560486522024983,997.0,3907.0,6.975613791945397,27.335730275958543,4.798917533787282,5.821387413707408,0.2551830048630663,3.753191489361702,2.3412228796844183,51.15114109665642,671.1458493211296,0.2462087340842244,0.999999999999998,207.7551849933901,671.1458493211309,0.9636552383281656,0.9649105203078696,0.9969202941168424,0.999977454340238,0.708114163893931,0.0131387415667759,0.3700665600383201,0.338047603855611,1.7182655815436387,0.4788632326820604,0.0854230041930444,1.173469139409386,112.0,1.0,2646.0,7122.0,1410.0,6084.0,3.513117240098803,3.5204239919052065,0.0630557493701359,0.0566069011879479,0.0,0.0011232799775344,4.695741467333388,0.0078014184397163,0.5861275476660092
"Póvoa de Varzim, Portugal",PT,False,0.5.0,0.020627224928132,0.0173648067119769,0.0103743092482535,0.004577714721666,0.0722858210945857,1.0,0.1049898186546482,1.018719080590566,1.0691164853259791,0.000226841088753,0.0001690783868656,0.0001736907851223,0.0001801973879879,0.0,0.0447802197802197,0.7881005390158515,,0.2878780072859773,0.0023249430599704,0.5990338164251208,0.4482126489459211,0.5507759549529274,0.0142857142857142,0.1978021978021978,182.0887789689207,146.59783933784368,0.5894284953491367,0.7357142857142858,0.0805860805860805,103.0,1752.0,1.2562536377235871,21.36850847856044,2.280879596188897,4.073300241068285,0.0587899543378995,3.5428571428571427,2.6868131868131866,31.09143717932753,430.11806061723297,0.6885031522186121,0.999999999999999,45.15801718429234,430.11806061723337,0.9757500036439514,0.964449375888996,0.9999994076770378,0.9961948712361944,0.6580079042798749,0.0678554216867469,0.1224651466092065,0.5355427576706684,1.770698925086037,0.44,0.1721292688517075,1.142457149431052,13.0,1.0,248.0,2934.0,140.0,2184.0,3.049580694445014,3.562195359790502,0.4269597314281694,0.0193153750204525,0.0,0.0010224948875255,5.245993964087513,0.0,0.7216117216117216
"Quimper, France",FR,False,0.5.0,4.216800756719108e-05,0.0106888465615176,0.0,0.0005761406496773,0.0290307068135057,0.9986886944650768,0.5611741288268302,1.0698730455337933,1.0795679242867708,3.937211489475314e-05,0.0002145638500287,3.3753515459399285e-05,0.0002117607563612,0.0110209601081812,0.0144008056394763,0.736146533508143,,1.5526408968529186,0.0020696007189366,0.5832205683355887,0.3783090592653659,3.206335711566745,0.0290736984448952,0.3952210931062895,52.42670438860017,116.993943995984,0.0161150369829151,0.5189317106152807,0.055753913759956,1543.0,2202.0,18.245839226330155,26.03845623874206,5.690557966375423,4.557260783098583,0.7007266121707538,3.496957403651116,2.268607525405109,14.027201743735912,483.1849887034132,0.0517320833627813,0.9999999999999984,271.1509150978401,483.1849887034139,0.957173867120206,0.9533610028784306,0.9924420135977976,0.9926974636451856,0.6530035051290319,0.0360651629072681,0.3689673782121466,0.2840361269168852,1.6922447961254168,0.4457790559972931,0.0673354404287481,1.1749640646513382,421.0,1.0,5172.0,4130.0,2958.0,3641.0,3.560370150315001,3.5565281167188147,0.0209599389393108,0.0244172067619891,0.0007733952049497,0.0012106537530266,5.713619974373715,0.0027045300878972,0.5490249931337544
"Ragusa, Italy",IT,False,0.5.0,0.0054557982640174,0.0144978114698518,0.0,0.002739850452345,0.008653431209269,1.0,0.05468084234851,1.091325282194103,1.124832733882545,0.0001091878553928,8.970693805565214e-05,0.0001112019999759,0.0001076310007532,0.0,0.0272075055187637,0.3975209450200359,0.8884179686752072,0.4285678740670544,0.0111005300640773,0.5092592592592593,0.4607951408061844,0.1002435902991817,0.0,0.2229580573951435,403.033645728302,161.92771990993234,0.2442640395890388,0.4324324324324324,0.206401766004415,32.0,2816.0,0.0723556755930427,6.367299452187758,0.7217985247445126,3.473232517826878,0.0113636363636363,2.972972972972973,2.763245033112583,7.01596053826776,810.1736141338627,0.1582534364433558,0.9992618400905744,44.33370103011322,810.7720935890312,0.9467578425671812,0.96780646315981,0.9789661419198856,1.0,0.6171158750612841,0.0487227303673445,0.4070237925569143,0.2100920825043696,2.4708870605365494,0.3846153846153846,0.1921855584702471,1.102979202605037,19.0,9.0,110.0,5007.0,74.0,3624.0,3.250813004391373,3.537867535576317,0.2799136740698603,0.0411220202046,0.0,0.0025963650888755,1.8332488307381247,0.0,0.5706401766004415
"Ravenna, Italy",IT,False,0.5.0,4.435144783100431e-05,0.0067974917120075,9.633910871507398e-07,0.0004494794347002,0.0138009202176633,0.9851996581157376,0.2738907317119542,1.0690566505679029,1.0941009581230157,1.3655233411558118e-05,3.698292530018961e-05,1.0364751938222268e-05,3.743501346114902e-05,0.0069009789760873,0.026239329039988,0.722361231604298,0.6666283889976485,0.4694649305987913,0.0006863812812534,0.6257826296355755,0.4408078689834232,0.6437198518489416,0.0040121970791205,0.2379062453197543,102.36937938809882,247.5363065572701,0.0494305712889285,0.6917027764403787,0.1179421896061105,4320.0,10176.0,2.3229907987131235,5.471933881413135,3.6086983989088575,2.328205306011553,0.4245283018867924,3.753490611458835,2.644451100793769,60.32035223539931,4370.527803004269,0.0503884163271999,0.9999494910599016,1197.1075225644277,4370.748564881718,0.9680222771209432,0.9639032132590531,0.9999402504113812,0.999954773944344,0.4469342762475266,0.0132941505737475,0.2657618852619007,0.181172390985626,2.008589573342095,0.4836638034839849,0.1612552896678276,1.1434856851691158,562.0,3.0,11694.0,17657.0,6231.0,13354.0,3.496711582983135,3.5062025453474104,0.0774545993770937,0.0691382039615792,0.0005130836326321,0.0014725038228464,2.350279791599264,0.0016048788316482,0.6440766811442264
"Reading, United Kingdom",UK,True,0.5.0,0.0009705854225645,0.0110831871269955,0.0001094223663243,0.0005332620131685,0.0899192033298059,0.9887031080645928,0.3364331817631051,1.0498964517646874,1.0665731301657222,8.705143100163276e-05,0.0002135313981546,7.956513971367577e-05,0.0002088662512415,0.0035380338640384,0.0111674675209111,0.8146586272734417,0.4999117542332802,0.8521068451477055,0.0050294213528976,0.6203492786636294,0.3769586894586894,3.309934162137269,0.0272934040940106,0.384410037373198,54.58426742119921,93.9206567323411,0.0356349127334699,0.7225170583775588,0.0282968499733048,962.0,2306.0,23.80036569646208,57.05160425783946,7.190585833614849,5.798922819890951,0.417172593235039,3.7164518574677774,2.2605445808862785,35.75727584565986,397.62496878779024,0.2672721009817673,0.99991175423328,133.7860394493593,397.66006060473217,0.9706333541945532,0.96669616374364,0.9994335733459052,0.9990387101363658,0.8050926944009115,0.0312789051439358,0.3657002858575437,0.4393924085433678,1.5754578532184274,0.4732244587922521,0.0654467744089755,1.159342058322389,114.0,2.0,2451.0,4234.0,1319.0,3746.0,3.4993009662856336,3.5512094517831883,0.0751893703798127,0.0291931345161778,0.0016319869441044,0.0009447331128956,9.83831067075873,0.0068233510235026,0.587293112653497
"Redditch, United Kingdom",UK,True,0.5.0,0.0170221540133808,0.0073364190765153,0.0006503830033241,0.0004868548595777,0.1160876980081299,0.998180511008496,0.2569990919267754,1.0524429200338463,1.0664095422807591,0.0001378471648549,0.0002157574259606,0.0001468433995268,0.0002139268569021,0.004482477587612,0.0023919565393659,0.7822069916231165,,0.4371636909577478,0.0029565966210394,0.633087633087633,0.3482599172548065,1.6021597133234244,0.0048899755501222,0.4619314035514473,112.450144710737,78.78563419777095,0.057273200349037,0.7212713936430318,0.0116759912430065,295.0,2212.0,5.437362785925823,40.77100502531498,3.393770758750937,6.539991725739238,0.1333634719710669,3.779951100244499,2.0885429335928,39.26396221318736,338.22672761103075,0.4517047011248033,1.0000000000000002,86.9239618613997,338.2267276110307,0.9672154211117324,0.9710813337976938,0.9941757933789636,0.9994104777005152,0.7310827403058053,0.0272569587841744,0.3161766106547051,0.4149061296511002,1.9774325947658848,0.4944649446494465,0.022270901788974,1.120062981900265,38.0,1.0,773.0,4293.0,409.0,4111.0,3.527093513138873,3.568436556730997,0.0507011567830375,0.0136814570309989,0.0,0.0004658746797111,6.234106514975213,0.0,0.5263926052055461
"Regensburg, Germany",DE,False,0.5.0,0.0087863708991832,0.0133462471718949,0.0004462117650354,0.0028518825177446,0.609726037335179,0.9197535927492064,1.0347799152045198,1.0242319407266138,1.0773937215976574,0.0001022734438305,0.0001960070504502,0.0001210710672987,0.0001929062854241,0.0066583002161333,0.0245546529856063,0.9075703632494154,0.4991665649383052,0.4726659435009663,0.00442629162838,0.6015205412568878,0.4244758237056055,5.796902657482163,0.0171512235933905,0.2796066695168875,54.21621740911104,151.8298086017994,0.0162572277475542,0.6299937251621,0.102607952116289,3136.0,1685.0,38.88070218573646,20.89093851497638,6.7071511258779655,3.729150696910183,1.8611275964391687,3.607613469985359,2.5446772124839674,275.5019725432462,451.4689265081189,0.589232578228646,0.9991665649383048,467.5606589361736,451.84551039895496,0.9883229231407368,0.9625089729417564,1.0,0.9989311372658972,0.8747058854188635,0.6921701238019672,0.5710676322406134,0.3036382531782502,1.160142491235009,0.4252380454117401,0.1367429916541836,1.0734134050627189,221.0,2.0,8624.0,2976.0,4781.0,2339.0,3.460282043500437,3.511121105277695,0.1090292451616419,0.0648136666755581,0.0,0.002016129032258,5.602063368553525,0.0259359966534197,0.6177853783668235
"Reggio di Calabria, Italy",IT,False,0.5.0,0.0150749617508368,0.0145200467064953,0.0089418777943368,0.0019166664444645,0.0065272742515417,1.0,0.0223501179243462,1.0389269620554142,1.1961392093865182,0.0003384808328238,0.0001372183106562,0.0003063404057517,0.0001523147733475,0.0,0.0242186694172253,0.5129045015960443,,0.60722414793544,0.001233775573897,0.6033057851239669,0.4345453086122481,0.076168540012492,0.040650406504065,0.2575210589651023,82.71790684388819,149.70819723121693,1.2304802752921495,0.7723577235772358,0.1191335740072202,95.0,3085.0,0.3994437088013032,12.97140885949495,5.244208550351527,3.80619764547245,0.0307941653160453,3.5609756097560976,2.6060168471720817,5.290487500027523,810.5201798098086,0.2920465240333917,1.0000000000000002,18.115221598811512,810.5201798098085,0.9811345153394272,0.9452410883429012,0.9999858403186028,0.9997505955636612,0.4352887305236717,0.0223279833932459,0.1373998130114357,0.297888917512236,2.275769388150457,0.4439834024896265,0.1517158338350391,1.088477052931713,11.0,1.0,219.0,5414.0,123.0,4155.0,2.393788989748016,3.5539936183039,0.7897497202302695,0.026694536769694,0.0,0.0016623568526043,3.407970386121358,0.0,0.6233453670276775
"Reggio nell'Emilia, Italy",IT,False,0.5.0,0.0095705831482302,0.0106168559811908,0.0008978224455611,0.0008356914650844,0.5811227931643531,0.9767784438432232,0.801985082742906,1.047759951254032,1.0841170658201935,0.0001445976480571,0.0001570247141608,0.0001650136517201,0.0001654732898023,0.0069643410852713,0.0126976885644768,0.9134088718308352,0.499976067913283,0.2211781072393456,0.0023036563978605,0.6979341150195422,0.3889396013996653,3.0076902329412025,0.0046511627906976,0.3670164233576642,61.89079497852649,169.79953657020363,0.0239758720520993,0.8053953488372093,0.0661496350364963,4345.0,2775.0,18.769136927804265,11.98719331982896,6.240382311395824,3.1963232520315787,1.5657657657657658,4.186046511627907,2.33257299270073,504.5221098980222,868.1642530040148,0.7246054891405564,0.9999760679132824,696.2714435084231,868.1850304834512,0.9778986509136018,0.9589900680542904,0.999999893194562,0.9998082354010146,0.6663005946816457,0.2703362741337425,0.4443416611592229,0.2219589335224226,1.1372375513500734,0.5610981852024197,0.0834189204610293,1.063644763368213,154.0,2.0,11250.0,5113.0,5375.0,4384.0,3.375058950135378,3.3815827496708954,0.1807473391710156,0.1753636891973194,0.0003555555555555,0.0019557989438685,3.75030695415738,0.0029767441860465,0.5668339416058394
"Reims, France",FR,False,0.5.0,0.000568234482468,0.0148038723391424,5.848895629917528e-05,0.0050730365434481,0.0440001077508231,0.9591127735370928,0.2567743487907555,1.0349770043837296,1.0701412562129755,6.893928467917814e-05,0.0002706127993174,6.041918370048437e-05,0.0002731002915136,0.0039168017287952,0.0309015651274091,0.7389780561620236,0.6663903101443609,0.9848069134384784,0.0067134465632601,0.5064935064935064,0.4827184466019417,2.3423560861254287,0.0956239870340356,0.1358168412883197,61.29450051532238,119.83490472490028,0.0947062797591866,0.4716369529983792,0.1579355840124175,616.0,2227.0,12.574950229099356,45.4617112990329,5.368504944054006,4.983615165460125,0.2766052986079928,3.034035656401945,2.8940628637951105,19.66207997764532,446.7384651967563,0.1713570999519061,0.9997182712837606,114.7433049646835,446.86435971915313,0.9763165364125956,0.9676766316210405,0.9999920130168316,0.9999099504491394,0.8419097901614583,0.2874155682339825,0.4856498728603779,0.3562599173010805,1.5123362259310376,0.3049127080795777,0.2243154010487473,1.1638772241415425,113.0,3.0,1872.0,3729.0,1234.0,2577.0,3.4323836446489637,3.54409783070053,0.1328379467359677,0.0355607476973376,0.001068376068376,0.0021453472780906,9.122235523744646,0.0275526742301458,0.7062475746992627
"Remscheid, Germany",DE,False,0.5.0,0.0005121995246547,0.017827584088921,2.8497314065471954e-05,0.0035334687778646,0.0379905436587568,0.9025850776932272,0.2390739493512091,1.059926590090878,1.110398713683849,0.0001296673621751,0.0001889217280319,8.739117061840721e-05,0.000189745738563,0.0148387096774193,0.0233590402742073,0.6902320953860654,,1.1742916575834577,0.0025756196721894,0.5717981888745148,0.4182535597872705,1.2460763339453496,0.024516129032258,0.280719794344473,70.00144391985017,159.2518789879049,0.0542765114725222,0.5470967741935484,0.067866323907455,441.0,1399.0,5.920150057393701,18.78070278978183,4.751033220131237,3.603291921393105,0.3152251608291637,3.421935483870968,2.506940874035989,14.750059594964071,388.2560809725118,0.1589070819378454,0.9999999999999992,92.82191463772132,388.2560809725121,0.9666072014303329,0.9510053095465176,0.9978580908192384,0.9915979067301756,0.796941748446716,0.0571294185752017,0.4185974320318554,0.3783443164148605,1.7925069070066917,0.4271844660194174,0.1271557271557271,1.113985915241182,109.0,1.0,1326.0,2438.0,775.0,1945.0,3.5534052999075314,3.5708877285931355,0.02722277960884,0.0114643750148661,0.0015082956259426,0.0020508613617719,5.212095827784288,0.0219354838709677,0.651413881748072
"Rennes, France",FR,False,0.5.0,0.0001354833107186,0.0130189905908891,1.8574411743854983e-06,0.003207919990707,0.0810995219741896,0.9836456635432288,0.7274039268713963,1.0445282704994467,1.0807462308681903,3.583917496835616e-05,0.0002637435555572,3.2262707170777995e-05,0.000259263429602,0.0092807424593967,0.0231720240197809,0.7821562179765762,0.4997874301881484,1.2230590520983975,0.0045623484989332,0.5646084803466419,0.4349004359608813,6.333143846015877,0.0703016241299303,0.2543270929000353,43.69913440214727,118.76746702682712,0.038513516363856,0.540139211136891,0.1109148710702931,2442.0,2111.0,48.50068040012565,41.92667335162377,7.658231295446888,4.815558840624036,1.1567977261961155,3.386078886310905,2.607559166372307,35.55165590403811,438.27753641437903,0.1114917296680031,0.9997874301881504,318.8725837324687,438.3707207960189,0.9771741821834968,0.9618966715407395,0.9999695316864644,0.9993177857857228,0.7743470932003576,0.0817622064473449,0.5191651027759032,0.2551819904244543,1.440230873314026,0.3919907138711549,0.1523775852925579,1.1737443325086998,390.0,2.0,7297.0,3691.0,4310.0,2831.0,3.53009459787489,3.4974456609600777,0.0480377372344305,0.0768126997233896,0.0,0.0016255757247358,8.706502140090267,0.0264501160092807,0.6347580360296715
"Reutlingen, Germany",DE,False,0.5.0,0.000888083497798,0.0140889632863284,3.5906628281499274e-06,0.0029228089628506,0.0780375336190521,0.909428263979348,0.5559299711107897,1.042494024663695,1.097484930067858,6.040588428104995e-05,0.0001835236404267,4.43745471440393e-05,0.0001899567722063,0.006917675183027,0.027212357441894,0.7493472716524046,,1.323890381329002,0.0024451506360335,0.5718558396889487,0.4447334200260078,2.614183938039761,0.0259973106230389,0.2234733650931139,59.45612282666607,132.86964206246105,0.0240363272766548,0.5405647691618108,0.1126028583802511,1254.0,1793.0,14.41847104693321,20.615884040790466,5.515476871051722,4.38415509040807,0.6993865030674846,3.428059166293142,2.6660892161108705,31.915225372635444,408.9727582682557,0.1403729564411275,1.000000000000001,227.36021368917105,408.9727582682551,0.9780600543556922,0.9605546954514976,0.9996787651987176,0.9984956498591466,0.8416561653691031,0.3743329734128288,0.4021232608271813,0.4395329045419217,1.49170415409372,0.424949517612744,0.1669195751138088,1.1276263151661436,301.0,1.0,3824.0,3078.0,2231.0,2309.0,3.564210446001032,3.5642329324099133,0.0174981240319911,0.0174778357820312,0.0,0.0038986354775828,4.702361941048844,0.0215150156880322,0.6639237765266349
"Rimini, Italy",IT,False,0.5.0,0.0004437035494197,0.0075445860948398,7.237121524271801e-06,0.000321649762215,0.0429938047295797,0.964392954306754,0.238565152697246,1.070228187419189,1.125055317841006,2.4691932381227104e-05,5.081283946817321e-05,1.8458817288818357e-05,5.209612924913052e-05,0.0086860951570587,0.0172949555434585,0.7764120393200142,,0.4321739180855411,0.0003221926148745,0.63836277222104,0.4174492990336191,0.8042901828639407,0.0119123590725377,0.3010342950462711,82.28054753828849,168.66283349715087,0.0183318231251619,0.7345245692405871,0.104858464888405,3467.0,10272.0,3.76595550535675,11.157742991354064,4.682334293758035,3.309562539991,0.3375194704049844,3.828547117634546,2.504354926510615,133.4413103985169,3103.733462014565,0.1802182935918622,0.9999999999999982,740.4426472970581,3103.7334620145703,0.9651991310016212,0.9567661548855642,0.9998620564810003,0.9997517495479784,0.5027559024927908,0.0346867167919799,0.2107148870409419,0.2920410154518489,1.37429891253251,0.4914334362030435,0.1261442134277061,1.2270279328357627,320.0,1.0,8999.0,18402.0,4701.0,14696.0,3.4959235669484454,3.5445029060216666,0.0781434156319905,0.0351986135041031,0.000444493832648,0.0010324964677752,3.371364902922912,0.0029780897681344,0.5941072400653239
"Roma, Italy",IT,False,0.5.0,0.0001043978929388,0.0039149032324632,1.0563845239667238e-06,0.0001764864318901,0.0138224289490799,0.9829483660369412,0.1723279124309167,1.1082855271303154,1.079300230396114,1.5020563239259987e-05,5.601139464346581e-05,1.2711721770631404e-05,5.56823514596641e-05,0.0186578657865786,0.0241801649288856,0.7396013149929903,0.9596498794723548,0.6031009421543472,0.0042594723912531,0.6255116862537964,0.441002850537562,0.7865339308844072,0.0137293729372937,0.2434015620791812,71.17298632645301,149.3605334102735,0.0118310891340186,0.6604620462046205,0.1292081874495017,5050.0,22473.0,3.927073346723571,17.47586521206313,4.99288484898271,3.8289249219453128,0.2247141013660837,3.752079207920792,2.645838944249933,81.12758858036187,5864.401816389773,0.0802100411598795,0.9991703051250904,1011.4393086852238,5869.271520890107,0.961747975281818,0.965365430521888,0.9997046710406076,0.9999066059998186,0.754645539433942,0.0155125870241924,0.3625002592693703,0.3921452801645716,1.6304178606881228,0.4784417299438758,0.1618941804285978,1.2391259547855498,610.0,25.0,14211.0,39296.0,7575.0,29704.0,3.5651688583619507,3.577049277456457,0.0166332154725958,0.0058802693235627,0.0019703046935472,0.0012214983713355,4.564170248390347,0.0062046204620462,0.627356584971721
"Rosenheim, Germany",DE,False,0.5.0,0.0063692528868182,0.022354580944687,0.0002370496794132,0.0065411970375746,0.2695658014826757,0.7977598953727943,0.5943782977237301,1.030986165398798,1.07459515018538,9.5314463895423e-05,0.0003035847058262,0.0001001737336689,0.0003037908008385,0.004816112084063,0.0449152542372881,0.8179836241099234,,0.7277546575768012,0.0044138936176634,0.5804093567251462,0.4603848330503678,3.6153460686331353,0.0271453590192644,0.1805084745762712,67.83917706892245,139.2485191554376,0.0486349449295892,0.6094570928196147,0.1186440677966101,718.0,967.0,19.276724357789945,25.96182793033827,5.331916776940237,4.268235128280527,0.7425025853154085,3.476357267950964,2.757627118644068,61.072111118386125,226.5573406658969,0.4535256460658515,0.9999999999999994,134.66076648181107,226.55734066589704,0.9850073551379462,0.963132414219288,0.9999967643848776,0.9993165711234968,0.8251221126295177,0.3855257417102967,0.3971921067907932,0.4279300058387247,1.6735778250371698,0.4129003949100482,0.1902335456475584,1.1252756781684408,98.0,1.0,1985.0,1627.0,1142.0,1180.0,3.537696147371744,3.549793078032734,0.0412747771099837,0.0304630000815843,0.0,0.0012292562999385,6.082567419568819,0.0192644483362521,0.7008474576271186
"Rostock, Germany",DE,False,0.5.0,0.007680720282822,0.0119813285439181,0.000341218599056,0.0015713822069492,0.3366013189313031,0.9729171105900448,0.6383124522097912,1.024281159318394,1.0898163215622263,5.197425351802036e-05,0.0001212854784388,5.779147779477346e-05,0.0001217158015499,0.0035816618911174,0.0334621163339772,0.8839302231752362,,0.5134515188422166,0.001638712490415,0.5397356266921485,0.4214991408934708,2.1454276674339723,0.0279369627507163,0.2733419188667096,57.46838443034968,155.47392941342585,0.039057567405309,0.5329512893982808,0.0737282678686413,2366.0,2257.0,13.03160970687133,12.431252370417834,6.074131467903423,3.698574090866849,1.0482941958351797,3.236867239732569,2.527366387636832,205.40596407246647,610.2351729476978,0.5273300211612885,1.0000000000000022,389.5207096689101,610.2351729476964,0.9853406335317454,0.9537490804659332,0.999999300660811,0.9993152756303788,0.8442806974141183,0.589566551591868,0.5903173253318215,0.2539633720822968,1.1737383694978942,0.3332935133197945,0.1321089092959561,1.0849271878438458,200.0,1.0,6778.0,3925.0,4188.0,3106.0,3.4890557893462733,3.526470519346033,0.0841357489839923,0.0512535871533715,0.0,0.0061146496815286,3.361093238909343,0.0319961795606494,0.652929813264649
"Rouen, France",FR,False,0.5.0,0.0228906749486994,0.0190357742714863,0.0034008363374188,0.00792762952432,0.1959457404643277,0.9801145864160437,0.3055893341170058,1.0453006652297052,1.0591905450268146,0.0002664746853199,0.0003444653161066,0.0002877912789932,0.0003437867840508,0.0024535576586049,0.036425902864259,0.8572592871430795,,0.7579564166060787,0.00392582028204,0.593607305936073,0.4729842061512884,3.644452781455459,0.0336487907465825,0.1625155666251556,46.0596966246071,111.91732670038029,0.1053694320653759,0.6908517350157729,0.1506849315068493,669.0,1345.0,31.322085288356647,62.97190540035828,8.594454961177401,5.280228279343878,0.4973977695167286,3.5541535226077814,2.834371108343711,49.91205057469014,254.7238355700649,0.6412060847297205,0.9999999999999976,77.840887295586,254.72383557006552,0.9780232960212388,0.9685373870545148,0.9999116239363336,0.999663014881961,0.6843835796500243,0.232570707980544,0.4068786891531318,0.2775048904968923,1.4473849282529467,0.4206642066420664,0.209229809791082,1.1176208764137257,59.0,1.0,1690.0,2276.0,951.0,1606.0,3.398296463383106,3.5127712856322746,0.1614905453859935,0.0633605360910903,0.0,0.000439367311072,11.925981618390024,0.0126182965299684,0.686799501867995
"Rushmoor, United Kingdom",UK,True,0.5.0,0.01229407197975,0.0132773605225211,0.0003311126276905,0.0009791214167924,0.2032684940121316,0.9985534910859114,0.3467132064678725,1.048857684990961,1.0753944250599896,0.0001146375440118,0.0001923179628723,0.0001140954561455,0.0001883845769228,0.0088551549652118,0.0081265731751168,0.834215547384394,,0.7813548436230764,0.003386325540272,0.6333967046894804,0.3732757586661869,2.6204245324101025,0.0237191650853889,0.3976986695433297,51.21873925991563,94.89246001423687,0.0628630262140137,0.7172675521821632,0.0323624595469255,767.0,1675.0,19.630227929665395,42.86914182814803,7.491239563236244,5.6720952799556,0.457910447761194,3.793168880455408,2.2380438691118303,60.02627083390351,295.30533556430555,0.5862727182587638,1.000000000000001,102.38625978057136,295.3053355643052,0.9662169168567738,0.9594718424156404,0.9994035515723052,0.9981817594360852,0.8118581048250915,0.1432155657962109,0.4508894614096248,0.3609686434154666,1.3602191584637198,0.4873989538754161,0.0597444664387259,1.1240601031446318,80.0,1.0,1999.0,3112.0,1054.0,2781.0,3.4992351472839807,3.5301700076792493,0.0752469841744645,0.0479707640628189,0.0,0.0009640102827763,7.557902276367192,0.0104364326375711,0.5699388709097447
"Saarbrücken, Germany",DE,False,0.5.0,0.0013789113083925,0.0124670003736937,5.215123150554001e-07,0.0014616276601618,0.0717075484860097,0.945059043501175,0.4397352850404024,1.046767913061684,1.1079329361288104,5.670628132168203e-05,0.0001327153808355,2.99122905587616e-05,0.0001279817667171,0.0104394649991314,0.0283183270403717,0.7347375175800606,,1.8630424072767349,0.0014577321779469,0.5681265206812652,0.4132519616390584,1.8016988575971624,0.023970818134445,0.2927679349404589,46.13905112168827,160.8056887012197,0.017922105148273,0.5216258467952058,0.0615742085390647,2041.0,2435.0,12.190222509149091,14.543455075834414,6.765960059166932,3.5495778533008515,0.8381930184804928,3.4069828035435124,2.478071449317456,49.19116801482776,685.9970679994053,0.1630698079628096,1.000000000000003,301.6571162335979,685.9970679994033,0.9748973235668768,0.9576900195227898,0.9998552838578304,0.9979135141701628,0.807810363461652,0.1083891571895934,0.49670278560618,0.3111075778554719,1.3902224868751367,0.425237909007952,0.1197500363319285,1.1487665729472174,562.0,1.0,6538.0,4266.0,3838.0,3443.0,3.569573141288726,3.569786928146775,0.0126537271455288,0.01246035560364,0.0,0.0004688232536333,4.097235129611272,0.0101615424700364,0.6456578565204764
"Saint-Brieuc, France",FR,False,0.5.0,0.0004407314244007,0.0214971830788821,5.760683983473875e-05,0.0068877625557996,0.0701201925984772,0.9994563465947962,0.4137462971456116,1.0508613613846978,1.0897202390047511,0.0001262075058277,0.0003617301354191,9.688723144388842e-05,0.0003628845009941,0.008578431372549,0.0402673350041771,0.7218206933625009,,1.0823885031255482,0.0053313599433473,0.5683382497541789,0.4476987447698745,4.02307375760074,0.038235294117647,0.2155388471177944,67.13334412899175,116.86567144636795,0.043831804970642,0.5352941176470588,0.1044277360066833,370.0,939.0,19.18066249413883,48.6774110324226,4.7676636447196765,5.006146986803156,0.3940362087326943,3.4,2.681704260651629,13.15240264090134,187.56940267142056,0.1694763024641632,1.0,77.60614581311447,187.5694026714206,0.9674017338366586,0.9543286725956888,0.995597989320483,0.9963263677515304,0.7956581191779334,0.2101634823714792,0.3703465169665985,0.4253116022113349,1.3952789468747435,0.4132841328413284,0.1712013394725826,1.1616803508246585,84.0,1.0,1156.0,1605.0,680.0,1197.0,3.530383615630438,3.572049872293699,0.0477810411691786,0.0104123476335333,0.0,0.0024922118380062,9.723528126669567,0.0088235294117647,0.6800334168755221
"Saint-Denis, France",FR,False,0.5.0,0.0021548147759004,0.0280517405250002,0.0001142151296319,0.0090871174331413,0.1510798678812725,0.8899056668662512,0.51084024363139,1.0360081300919717,1.0724614100487666,0.0001022032188912,0.0003454277226547,9.633141134755705e-05,0.0003556467135267,0.0,0.05256181254113,0.7328083940318406,,0.95010997707458,0.0055787863467286,0.5021893814997264,0.4715025906735751,5.80301317224061,0.0852459016393442,0.1571871768355739,49.90100649997464,131.31901583403038,0.0726404924957266,0.4475409836065573,0.1209927611168562,593.0,813.0,37.58052784184276,51.52271355045222,6.476036970175011,4.535553299890396,0.7293972939729397,3.0081967213114758,2.8231644260599795,27.081135302818023,179.2504566134512,0.2957477797898165,0.9999999999999986,91.56834692745346,179.25045661345146,0.9798872793633524,0.9670330904416204,0.999999063824931,0.9996981103855916,0.8031805943241458,0.2383484516734438,0.4993431063850368,0.3038374879391088,1.4882196366362472,0.2882956878850102,0.2068429237947122,1.0788633726149015,87.0,1.0,1835.0,1365.0,1220.0,967.0,3.4578902806640386,3.493794979443225,0.1110830297698145,0.0800027589313,0.0,0.0007326007326007,11.359741611171737,0.0385245901639344,0.7197518097207859
"Saint-Louis, France",FR,False,0.5.0,,0.1380718954248366,,0.1176470588235294,0.0844612461763225,1.0,0.0844612461763225,2.3690917546370507,1.1748036010576877,0.0029484502210428,0.0011635343850363,0.0029484502210428,0.0011665085732154,,0.0,,,1.4742251105214377,0.1245148899790674,,0.4375,0.0731315598414834,0.0,0.3888888888888889,339.1612287916793,382.4365714578634,2.482475011963079,0.0,0.1111111111111111,0.0,11.0,0.0,1.185936200789076,0.0,1.3696637897697417,0.0,2.0,2.333333333333333,0.6783224575833586,8.031168000615132,1.0,1.0000000000000002,0.6783224575833586,8.031168000615132,0.4221026889493361,0.9502589210889234,0.4221026889493361,0.9981642494463824,0.584283747589095,0.350788643533123,0.2751174530876304,0.3091662945014644,2.040028312834236,,0.1290322580645161,1.0000000000000002,1.0,1.0,2.0,21.0,2.0,18.0,0.6931471805599453,2.582513771493887,0.900481911514565,0.7036036890921786,0.0,0.0,0.8658593515043916,0.0,0.5
"Saint-Étienne, France",FR,False,0.5.0,0.0009208147479225,0.0142284229050017,6.310146038000893e-05,0.0050587184803845,0.0592696862221413,0.9874820061380414,0.2318428653743926,1.045817676849857,1.1156043752883056,0.0001106928103146,0.0002613427090682,9.335603794762365e-05,0.0002615764095658,0.0049751243781094,0.0387162654996353,0.6795815248712398,0.4992789624167646,0.8497045592695525,0.0045813474358776,0.5847578347578347,0.4552489414513068,1.2652192512389662,0.0511727078891258,0.2083150984682713,61.63925058654953,140.01051600019105,0.0701303700386245,0.5991471215351812,0.1404814004376367,575.0,1809.0,7.187918320880017,22.61381607386426,5.681164204418519,4.143828755751325,0.3178551686014372,3.5010660980810235,2.7291028446389496,25.87434681682777,436.23801792073954,0.2556459355625604,0.9992789624167618,101.21164946311433,436.55278888859567,0.974748296753858,0.9525698808152055,0.9999993403590882,0.9975447465434086,0.7735869364744006,0.3452554350757943,0.3685048237876633,0.4050821126867373,1.5039329722703103,0.4222340994120791,0.1829134720700986,1.140935967069713,86.0,2.0,1642.0,3118.0,938.0,2285.0,3.460007385942818,3.557747284793532,0.1092652115079746,0.0233207963167975,0.0,0.0028864656831302,5.457227459623657,0.0138592750533049,0.6512035010940919
"Salerno, Italy",IT,False,0.5.0,0.0328205128205128,0.016805635740734,0.0,0.003713220058019,0.0070557945620582,1.0,0.0231102644111984,1.0779965139606706,1.1654635018813229,0.0008581785871622,0.000248304088984,0.0007904057001907,0.0002641979484604,0.1111111111111111,0.0338578329882677,0.4504005217317754,0.4998764862781235,0.8086576375423761,0.0053395119490684,0.56,0.4374913662108026,0.1449630294366337,0.0,0.231055900621118,206.1028783122485,118.27157208282132,1.2203017608554074,0.5555555555555556,0.0807453416149068,15.0,1857.0,0.2511974162468874,31.09824013136466,1.7328377947336628,4.957736844710012,0.0080775444264943,3.111111111111111,2.622774327122153,2.642861231273858,374.5198047370511,0.305309988519179,0.9998764862781246,8.656320889114436,374.5660687862951,0.9707978439902152,0.9443590294395122,0.9999193726789052,0.9986864025402248,0.5732600303865163,0.0852948141131896,0.1589280851896111,0.4143319451969051,2.2610645445780087,0.4489795918367347,0.1562694300518134,1.1134113125133154,7.0,2.0,42.0,3167.0,27.0,2415.0,2.125201518133225,3.556756282036486,0.8869082694437337,0.0242120621701082,0.0,0.0022102936532996,6.2726685795247485,0.0,0.6881987577639752
"Sassari, Italy",IT,False,0.5.0,0.0040810998203506,0.0124588153484804,0.0017584538055741,0.0030287150805754,0.0110502164421205,0.9798166662527088,0.0804783349461611,1.1093042386899137,1.1053428130105976,0.0002125053814096,0.0001184810293539,0.0001896267742244,0.0001289205156034,0.0023148148148148,0.0194514501891551,0.5494853638249546,0.7497827685153815,0.3508009060497471,0.0040331246880697,0.6135940409683427,0.4303890641430073,0.1459950990962147,0.0166666666666666,0.2676544766708701,121.11889789091164,242.31293490158583,0.1802545792491836,0.7527777777777778,0.1144388398486759,272.0,2322.0,0.4975192124058116,4.247204452964319,3.4077802301975435,2.341228881424497,0.1171403962101636,3.661111111111111,2.580706179066835,10.959459274649008,991.4423683179716,0.1373067229772206,0.9996526731153916,79.81735371011077,991.7868425521908,0.9585078880383406,0.9510304211883768,0.9989528628758148,0.997992819942339,0.4655174169119129,0.0010281107112902,0.3779371319980117,0.0875802849139011,2.677726889231176,0.4573426573426573,0.1459220697270863,1.0736061711474645,28.0,4.0,659.0,4093.0,360.0,3172.0,3.462570573885847,3.5563585492126,0.1070618866941556,0.0245696517953826,0.0,0.0012215978499877,1.814091944047841,0.0027777777777777,0.6175914249684742
"Sassuolo, Italy",IT,False,0.5.0,0.005724120262475,0.0252165049621196,0.000891842008121,0.0072252823744964,0.1973371223285861,1.0,0.5974641856472878,1.0614936070089722,1.0916529135999669,0.0001576507150856,0.0003645353622037,0.0001479196015818,0.0003852312644345,0.0121412803532008,0.0246305418719211,0.7425076294829345,,0.2675382667038458,0.005708733308775,0.698781838316722,0.4402764067127344,2.7595147682119183,0.0,0.2453201970443349,82.93021042450833,130.9194378211863,0.1325068029254577,0.7880794701986755,0.1251231527093596,476.0,766.0,12.550688566528384,20.197116474707443,4.548150533965378,4.372889714521653,0.6214099216710183,4.178807947019868,2.6364532019704434,34.56758472588926,175.17020780474704,0.3302911322036695,0.9999999999999988,104.6579255557295,175.17020780474726,0.9567351466998568,0.967491690935786,0.9997487872837688,0.9999999524223766,0.7752552836491798,0.4889195311730523,0.3903209166960146,0.3849343669531652,1.318151129534637,0.5702410640066501,0.16,1.1233055941467691,28.0,1.0,1262.0,1338.0,604.0,1015.0,3.273162294881537,3.442085307904585,0.2625473994648077,0.1245950421058904,0.0,0.0007473841554559,4.618711605654291,0.0,0.6295566502463055
"Savona, Italy",IT,False,0.5.0,8.946269756345712e-06,0.0091179063399857,0.0,0.0002847890223606,0.010245503102517,0.998839679108492,0.3963403917626469,1.2824529379305656,1.290006292917668,7.407275801685325e-06,2.925948561933688e-05,3.980140173872156e-06,2.9313848256711605e-05,0.0138835817093363,0.015308195264394,0.5996015641241721,0.4997932395966151,0.4242959486019446,0.0006251510129821,0.5369024856596558,0.3854920634920635,0.8205331546136211,0.0248376003056935,0.3666920586554942,301.04057042692125,263.4626534055974,0.0205153137674063,0.4940771876194115,0.0434203008950676,1314.0,6651.0,0.8503116090329332,4.303974514214642,1.0362915919385784,2.078939693672144,0.1975642760487145,3.218952999617883,2.3125119024947627,32.77769015727253,3198.5655268390547,0.0258502623387743,0.9997932395966116,1267.9828826381922,3199.227000304169,0.8718748573763772,0.8950082271157076,0.9302786055759904,0.97291367145506,0.559724843362413,0.0017451062620906,0.2773993718474491,0.2823254715149638,2.640331304493809,0.4079173838209983,0.0782418210390971,1.1043213644937333,538.0,2.0,4212.0,12143.0,2617.0,10502.0,3.5703040780238413,3.575180308302849,0.0119925120281124,0.0075757456741718,0.0,0.0005764638063081,2.070273864756653,0.0080244554833779,0.5898876404494382
"Schweinfurt, Germany",DE,False,0.5.0,0.0144928705538402,0.021079348996357,0.0010373054522014,0.0070455614058374,0.7948501805941259,0.9945758134504524,1.354894861427537,1.0282382063542446,1.0704208670419302,0.0001591166603103,0.0003321655184203,0.0001831357959983,0.0003345612730828,0.0035426731078904,0.0343910806174957,0.8731872187035246,,0.4402197980825503,0.0048889470682025,0.6507826887661142,0.4355670103092783,7.772892114809478,0.012767425810904,0.2409948542024013,49.01561501714032,134.47930336571423,0.0250257654756534,0.7694962042788129,0.0909090909090909,2283.0,884.0,64.032180465847,24.79388853780497,8.237883598544773,4.321829208291083,2.582579185520362,3.90200138026225,2.608919382504288,162.58105671950992,204.5430204192511,0.5866508193533632,0.9999999999999988,277.13428730691135,204.54302041925132,0.9867019164657632,0.9662735214967912,0.9999889475898178,0.9980766125620136,0.8779857350021535,0.7113927291346647,0.6215036864040896,0.2564820485980639,1.1338854581290017,0.4969780694180625,0.1529866781263429,1.0633796900427668,122.0,1.0,5654.0,1521.0,2898.0,1166.0,3.552762488791545,3.551423430693909,0.0277997867745052,0.0290012170940532,0.0,0.0006574621959237,5.736896888530412,0.0182884748102139,0.6672384219554031
"Schwerin, Germany",DE,False,0.5.0,0.003332518193477,0.0207919493441881,6.0488543290413845e-05,0.0033546164751137,0.6440322669010993,0.9691012499830006,1.375731419203134,1.0357584427335624,1.1030932754090856,4.572966248524077e-05,0.0001705015767468,4.65487026538294e-05,0.0001689293187316,0.0067131422669765,0.0359322033898305,0.8353967897671599,,0.3620570638963442,0.0031326621279662,0.6434108527131783,0.4202308214528173,3.365355469693464,0.005422153369481,0.2854237288135593,88.18419533036455,171.89947072775652,0.0399771387757705,0.7436096049573974,0.0881355932203389,1924.0,1054.0,14.744020037136838,8.077025529699702,4.381118181990982,3.301825882876451,1.825426944971537,3.857474825716499,2.517966101694915,205.5862523926912,319.21731714144374,0.4681380812500034,0.9999999999999996,439.1572927452154,319.21731714144386,0.9802716425661157,0.9470887376436248,0.9999978012509214,0.9994906600188284,0.8930105231264553,0.7542953339244638,0.6153167710409004,0.2776937520855549,1.1373843499955958,0.4956386896685404,0.1300509337860781,1.0645719560145674,159.0,1.0,4980.0,1857.0,2582.0,1475.0,3.540097327773916,3.5508093812215558,0.0391335156284178,0.0295519064262176,0.0004016064257028,0.0032310177705977,2.4462300000699133,0.0015491866769945,0.6264406779661017
"Sheffield, United Kingdom",UK,True,0.5.0,4.402091477809493e-05,0.0051659852635213,9.498930299626556e-07,0.0001942250404542,0.0174225115392651,0.9963355045837836,0.2879254110114085,1.0527893275391202,1.0706811854929257,2.29583294391492e-05,0.0001138884301476,1.6100363516261877e-05,0.0001158831079611,0.0063122923588039,0.0167605238742529,0.739375024112833,0.4999929618241301,0.8740553654141023,0.0010551897288619,0.5879233934789491,0.395481323234285,1.4827882787842783,0.0465116279069767,0.3381448637452262,73.45968768579532,103.42083994913322,0.0089305879077798,0.6207878500237304,0.0478995404233283,2667.0,10223.0,7.246407020130795,27.77653504566821,4.887013961340484,5.393602299078012,0.260882324170987,3.525866160417656,2.3725807495630784,33.02251919767128,1895.3803936333168,0.0605105033212049,0.9999929618241268,545.7320198177733,1895.3937337477648,0.9663336835566372,0.9684076820550274,0.9961541912996128,0.9984641739818324,0.7171391530966299,0.0041687132403874,0.3274804341638941,0.3896587189327358,1.7523613241148013,0.4383236376587914,0.0932250024277344,1.2071786316305513,477.0,2.0,7429.0,18327.0,4214.0,15449.0,3.570576478252672,3.5776257473988093,0.0117460385371396,0.0053570199732857,0.0,0.0009275931685491,5.149904183780173,0.0121025154247745,0.613826137614085
"Siegen, Germany",DE,False,0.5.0,4.358886107634543e-05,0.0148983124070648,0.0,0.0019024384724186,0.0244273582594215,0.9554212771532378,0.2802596129590479,1.0855678641274815,1.11187824644357,5.825264502231074e-05,0.0001484222768322,2.6519829367769565e-05,0.000147717612209,0.0035372451102788,0.0201751046821469,0.6106990535647507,,1.3274494147356937,0.0018694997949574,0.489778890279516,0.4041904761904762,1.307947386004428,0.0249687890137328,0.3212790255043776,127.69297318575772,168.0497766203193,0.0750485772098424,0.3820224719101123,0.0647125999238675,316.0,1783.0,2.757034881858814,15.55630757707046,2.107909623399393,3.3333181344092018,0.1772293886707796,2.9313358302122348,2.423296535972592,13.066253510863332,534.9024389824754,0.0871597516371041,0.999999999999998,149.91155052007957,534.9024389824764,0.9512837458361658,0.9485676866560324,0.9894373665980508,0.991044170195107,0.7886293920463022,0.0299337126154809,0.3114911374596852,0.4771382545866171,1.8715323620873725,0.3581715716969317,0.1061154505620118,1.099921610128126,199.0,1.0,1174.0,3183.0,801.0,2627.0,3.5273582694729684,3.5623858945655966,0.0504663394038918,0.0191436183958475,0.0,0.0012566760917373,4.666913552740644,0.0124843945068664,0.6140083745717548
"Siracusa, Italy",IT,False,0.5.0,0.0986553397155216,0.0121140321777434,0.0572210151861399,0.0017000251176153,0.0665434815605769,1.0,0.0678189010350458,1.0458851769627509,1.0796172579337084,0.000265307904441,0.0001054632395722,0.0002650859238601,0.0001061517554001,0.0,0.0235864978902953,0.8172867282788594,,0.1223712581291398,0.0013831807074323,0.4330958036421219,0.4268828098615332,0.2381863379187169,0.0354609929078014,0.2812658227848101,89.6364191812188,142.99274784835276,0.1625476401111939,0.2765957446808511,0.1197468354430379,140.0,2839.0,0.680100442940003,13.79146541076192,2.855329356346597,3.926850028400483,0.0493131384290243,2.58628841607565,2.56,48.10902957438107,722.9713331212749,0.9811937460648348,1.0000000000000049,49.03112129212669,722.9713331212715,0.9672062590663656,0.9696020899788476,0.9992357805433252,0.9999999008648124,0.6747437649699296,0.0846211004899182,0.3711045054854276,0.303639259484502,2.125846146710116,0.1545778834720571,0.1402153261557948,1.1910124341801809,6.0,1.0,547.0,5056.0,423.0,3950.0,3.4323400932576087,3.5494576733475536,0.1328748617546077,0.0307635891625815,0.0,0.0009889240506329,3.512093742062152,0.0543735224586288,0.5989873417721518
"Slough, United Kingdom",UK,True,0.5.0,0.0042046435554681,0.01224973943985,0.0002510750109653,0.0005903186693719,0.0631435779567663,0.995349584627134,0.3318559847620416,1.0548882400858546,1.0681959873785576,0.0001262631588946,0.0002219257513822,0.0001162652772238,0.0002216962374667,0.0078571428571428,0.0088469478030079,0.7793981067675015,,0.5442607621861241,0.0031687051088178,0.6131805157593123,0.3700206550604898,3.2174002826520667,0.0257142857142857,0.4034208198171631,81.56480578569581,83.88791198967405,0.1230388524146403,0.68,0.0253612503686228,480.0,2023.0,14.746145095528966,62.14885735053146,4.583248523672624,6.4102904351384415,0.2372713791398912,3.6685714285714286,2.218814508994397,19.927249708737964,315.5863249051528,0.1902740371008937,0.999999999999997,104.7292106288334,315.5863249051538,0.9596002340823404,0.9652129903188024,0.9963946223635618,0.9997252973724728,0.831297260224109,0.1495560327317044,0.3848628730592652,0.4464343871648436,1.536452882103323,0.4594982078853046,0.0548915449313855,1.116675328685322,57.0,1.0,1284.0,3762.0,700.0,3391.0,3.382975336202574,3.4659460143595755,0.174212198340795,0.1041561948255936,0.0,0.0013290802764486,9.695170285866968,0.0057142857142857,0.571217929814214
"Southampton, United Kingdom",UK,True,0.5.0,0.0011856541465796,0.0086122097779107,4.4955542641686514e-05,0.0005179562769977,0.0544229315017032,0.9619832386936376,0.2623583035901807,1.0358065821322295,1.058334420693162,8.133563675771827e-05,0.0001903249797882,7.680939669261669e-05,0.0001879968963211,0.0029227557411273,0.0099290780141843,0.7684675368288791,,0.8844594434739227,0.0017988006138304,0.6192964123998607,0.3882411006231106,2.586348765009872,0.0339248434237995,0.3585568917668825,41.01569119787827,88.3403755438703,0.0190005945722539,0.715553235908142,0.0455134135060129,1437.0,3467.0,25.48191540207249,61.47933242796474,9.852466823814162,6.2364417281503215,0.4144793769829824,3.711899791231733,2.3285846438482887,30.255121709020987,555.925983297574,0.2074374272015232,0.9999999999999968,145.8517978996551,555.9259832975757,0.9805666723911888,0.9705362426803452,0.99990320346513,0.9998174559879162,0.8380589746091883,0.119822168486543,0.4132918582307582,0.4247671163784302,1.6690965339813573,0.4622419649856284,0.0822767237390097,1.1383752115676966,129.0,1.0,3556.0,6293.0,1916.0,5405.0,3.5664660396818912,3.5807400434725967,0.0154619825837991,0.0025278596796831,0.0,0.0011123470522803,9.858078549897558,0.034446764091858,0.5959296947271046
"St. Gallen, Switzerland",CH,False,0.5.0,0.0001368265537279,0.023065576813556,1.026954266390886e-05,0.0066587028087752,0.0227323207906426,0.923541573930338,0.3165543220064494,1.0555080630014848,1.1002527264222006,0.0001314570479914,0.00030353148128,9.63018270938418e-05,0.0003142664374976,0.0061807331628303,0.023042328042328,0.6154026456741863,0.4967267236605188,1.701309983525017,0.008481213045001,0.5243589743589744,0.4366719660837307,1.897282180046491,0.057544757033248,0.2444444444444444,60.83810915112144,143.09182266386065,0.155884420658587,0.5063938618925832,0.1023809523809523,411.0,952.0,10.44608316574906,24.196280228207076,5.5058141986518265,4.03705740942049,0.4317226890756303,3.1381074168797958,2.615873015873016,5.360629586835224,235.04343503032425,0.071811753024113,0.9967267236605192,74.64835992842602,235.8153237500423,0.9759516043642992,0.9563992378114312,0.9999123306979424,0.9957785179149904,0.7773219530126084,0.0875893504609965,0.3965713699534896,0.3807505830591187,1.7286345914394017,0.3669018601667735,0.1550695825049702,1.1243916583653093,127.0,2.0,1227.0,1648.0,782.0,1260.0,3.388459720073759,3.4460088571812486,0.1696695024502059,0.1212503711778604,0.0,0.0006067961165048,5.993543755841804,0.0191815856777493,0.6531746031746032
"Stavanger, Norway",NO,False,0.5.0,0.0005143132599,0.0079296838126323,1.873243742652728e-06,0.0003485534818009,0.2971967646759293,1.0,0.9574233050936748,1.0449161153914883,1.1000891770917125,2.6676249298967497e-05,0.0001532015050576,2.570419261413502e-05,0.0001532435432977,0.0120819680657408,0.0174069558148986,0.8263515441436087,0.8325438791610982,0.8127343967756924,0.0090832395212953,0.6379480776234328,0.3934483359470291,0.8149682421680092,0.0090497737556561,0.3647448179759623,51.576654305024775,97.51362280860322,0.0158287563233843,0.6771727258542675,0.0879637693781571,4353.0,3647.0,5.609380159277315,4.699611633559469,6.882943247401924,5.521095755693993,1.1935837674801206,3.826493992822593,2.359867618881728,196.3154867682372,659.4137622188917,0.3104131297982678,0.9982688576454432,632.4329350882138,660.5572809054781,0.9781989830164448,0.9508725950982976,0.998519653712904,0.998370628220174,0.872345102154138,0.4385714285714285,0.493409469902889,0.3789356322512489,1.275171551710391,0.4969171934753765,0.0905288838546658,1.1159904614044276,514.0,6.0,12262.0,6774.0,6409.0,5741.0,3.565039272695009,3.563864736493126,0.0167501808612959,0.0178100123408083,0.0004893165878323,0.0041334514319456,0.8512099484441445,0.0020283975659229,0.5472914126458805
"Stevenage, United Kingdom",UK,True,0.5.0,0.0289956368615186,0.0089983387440009,0.0053373075012419,0.0005664017249771,0.5215160645884424,1.0,0.6103816244608175,1.0254428444385495,1.067651476403903,0.0002166872223161,0.0002667261535392,0.000246052336636,0.0002709604006572,0.0304045668900471,0.0045364332293734,0.920624955200934,0.4975455884514703,0.2714058112502638,0.007362716442624,0.6885408898831717,0.3558392434988179,6.380517206827206,0.0096798212956068,0.4408846044797278,59.8568147446222,72.18678539706565,0.0265966592385076,0.7974683544303798,0.0153104621491352,1071.0,1972.0,41.21468487942188,75.88735628591965,6.459458307756278,7.259638412427352,0.5431034482758621,4.125093075204766,2.133824780266516,141.66403627044284,270.9721598611343,0.854409837532585,0.9975455884514683,165.80337684260348,271.63887344915804,0.982546972800102,0.9720415780085828,0.9998547706401965,0.99978199976154,0.8240565440155954,0.3460562248995984,0.4261438502815847,0.3979126937340106,1.1674842044828249,0.5490488623647892,0.0337636544190665,1.104927701853583,45.0,2.0,2770.0,3763.0,1343.0,3527.0,3.538205954335396,3.5217882893759898,0.0408203545952665,0.0554003388535156,0.0,0.0010629816635663,10.453324528672464,0.0,0.5438049333711369
"Stockholm, Sweden",SE,False,0.5.0,0.0059856730350181,0.0061475824487111,0.0001090081110791,0.0003214418376338,1.1041255134850665,0.9867698311616908,1.3737866573505395,1.036904302163402,1.0915838974854868,4.361694538929925e-05,9.053478310432882e-05,4.900054711116377e-05,9.182016170677206e-05,0.0135616265098336,0.0257670041175195,0.9334882612480716,0.8884214561054846,0.3400453853591408,0.0052686069169174,0.6513771621920754,0.4205294937296795,10.876783162779878,0.013849364446974,0.2972972972972973,56.96399167484489,125.78097663684596,0.0042309569734518,0.6942705369000189,0.1156310950125383,14821.0,7566.0,68.69291910373632,35.06717670459948,6.315554707277978,4.429142214821901,1.958895056833201,3.907892240561564,2.522708275285595,1886.1019199321247,1706.854108436359,0.8037095917167103,0.9991937068751886,2346.745565028585,1708.231443705005,0.9808320570506136,0.953493986791219,0.999857954638869,0.9977263391858098,0.8698481794624835,0.7004569410909468,0.5166578047454272,0.3531903747170562,1.079072635595103,0.495956170101748,0.131125458683636,1.061142801609043,798.0,9.0,41197.0,13581.0,21084.0,10767.0,3.568818151478743,3.572168494113945,0.0133364686201407,0.0103049340885807,0.0001699152850935,0.0036816140195861,7.917374291403185,0.0086795674445076,0.5870716076901644
"Stoke-on-Trent, United Kingdom",UK,True,0.5.0,0.0007306967975762,0.0081173046976374,1.4814807599869677e-05,0.0002220002165315,0.0759622716988265,0.8785181312309519,0.3781588008978908,1.052642595483014,1.0616828285754167,3.25302392585985e-05,0.0001472927444133,3.0460304390695304e-05,0.0001492400554725,0.0151216305062458,0.0127237757064654,0.8178005238864077,0.4988161517255549,0.5310194229869338,0.0023214990549159,0.6074366567949984,0.3884572697003329,3.486524207575175,0.0364891518737672,0.3570794496227252,88.24172803771778,82.04879087624163,0.033882412046607,0.6301775147928994,0.0440523746116289,1302.0,5794.0,13.933748664528226,62.00625173753959,3.996458316352531,6.725382762091476,0.2247152226441146,3.641025641025641,2.33022636484687,65.44243172356329,860.4924043458013,0.2008740019231698,0.998816151725561,325.788459915254,861.5123042005371,0.9674887039066116,0.9734577120433956,0.9972255033556436,0.9999545014028766,0.764587838283736,0.0528670562454346,0.3577103095453129,0.4068775287384232,1.413511315502121,0.453468279437176,0.0826904933681114,1.220329765961155,173.0,2.0,3692.0,10500.0,2028.0,9012.0,3.530609953722122,3.5712712591942672,0.0475799909589007,0.0111172468501626,0.0,0.0013333333333333,9.219735728209576,0.0118343195266272,0.5988681757656458
"Strasbourg, France",FR,False,0.5.0,0.0108059522886079,0.0139452807149544,0.0009788483584904,0.0031817557966561,0.7492264908524002,0.9903377121129338,1.0648805393158696,1.0420286039582822,1.0792972193984145,0.0001370915371458,0.000212892356771,0.0001509759605628,0.0002073060452029,0.0036800894854586,0.0311314363143631,0.9214235764260346,0.499572324508883,0.3551183110025629,0.0038197836216297,0.6087053821192794,0.4638418079096045,7.127107672441744,0.034228187919463,0.1747967479674796,51.24638422723677,127.54929778664544,0.0223854807369306,0.6454697986577181,0.1270325203252032,4012.0,2436.0,51.28402703611784,31.13855679461192,7.195629614860013,4.652496451145093,1.6469622331691298,3.651006711409396,2.7811653116531163,392.2873990085992,523.3659408604899,0.7035779725430417,0.9995723245088842,557.5606603923361,523.5898674141795,0.98498122688974,0.9626000112803452,0.9999957343729808,0.9987636855116288,0.8021754958485815,0.5470969556711971,0.5542644775263899,0.2479110183221916,1.0927014233568608,0.4295425933697021,0.1957958976097643,1.0854290657409351,198.0,2.0,10880.0,4105.0,5960.0,2952.0,3.569100119092385,3.569189418822853,0.0130815113693653,0.0130007590097368,0.0,0.0021924482338611,6.692870617224858,0.0276845637583892,0.698170731707317
"Stuttgart, Germany",DE,False,0.5.0,0.0006281313494116,0.0079489988308759,1.5112262169524829e-06,0.0006987143382897,0.168686588219717,0.9709370596767612,0.584639323341797,1.0328707554688237,1.0799338231915685,2.497414265046961e-05,0.00011011004836,1.6229640759930158e-05,0.000107460848907,0.0083018596453365,0.0263910229547888,0.7923313876430489,0.4999739156737268,0.9402289051096644,0.0015122277603018,0.6237452779276849,0.4406874388710353,3.732514674412017,0.0185604834358476,0.2469618661824277,44.59917891232394,139.7751109656208,0.0155539601965563,0.6855508794647674,0.134236625226987,6426.0,5391.0,31.01997422399807,26.02375988820006,8.310744077351725,4.076209927893565,1.1919866444073457,3.741663968921981,2.6433859477580666,223.09680148451864,1322.5176020762126,0.288531033553311,0.9999739156737246,773.2159648029601,1322.552099956704,0.9778323573007566,0.9648313811668606,0.9999221348338748,0.99887108242501,0.7965890398370739,0.2406266923590383,0.430063632519638,0.366525407317436,1.393507754733609,0.4747692805871876,0.1610424089988122,1.14896301697661,727.0,2.0,17337.0,9462.0,9267.0,7159.0,3.5725055673801003,3.559253251647164,0.0099996782051376,0.0219656146970405,0.0001153602122627,0.0010568590150073,6.384303151346324,0.0078774144814934,0.6188015085905852
"Sunderland, United Kingdom",UK,True,0.5.0,0.0009320378092791,0.0049983440195893,3.5199980007111106e-05,0.000172651931129,0.0525468910888811,0.9583473785540916,0.3255422480517596,1.0584525931037043,1.0832246474333742,3.3975634184668904e-05,0.0001208609587808,2.962763148402797e-05,0.0001206660429093,0.0112708555200567,0.0140070768965219,0.782474421241186,,0.4280881227713211,0.000876482829253,0.6224235963041933,0.3852107610415767,2.659680061188038,0.020234291799787,0.3652369034262535,106.02879077030008,85.21987323549443,0.0310091472108045,0.6922257720979765,0.0405626995771122,1321.0,7355.0,9.45950191366089,52.6681578917304,3.556631510571793,6.4465312091561175,0.1796057104010877,3.730564430244941,2.310865625269699,59.95199145391448,1140.9236628767962,0.16141343067867,0.9999999999999972,371.4188540683612,1140.9236628767994,0.9662837841446258,0.9612153423060412,0.997457546827894,0.9999398263106728,0.7772595193373351,0.0175060767496631,0.3534080691577483,0.4238514501795868,1.3740084121676877,0.4756065049320181,0.0777763390737623,1.197861681415874,159.0,1.0,3503.0,13388.0,1878.0,11587.0,3.54529588728148,3.553122251678212,0.0344894976275871,0.0274768735580159,0.0,0.002390200179265,8.169999676248356,0.011182108626198,0.5942003969966342
"Swansea, United Kingdom",UK,True,0.5.0,0.0064600971266693,0.0065155080213903,4.537716880897779e-05,0.0002546797319703,0.1377476634699984,0.9867070113418296,0.3893103759471122,1.0596433498463909,1.077481023751144,5.153327124405214e-05,0.0001138970544191,3.580096910526667e-05,0.0001160075149218,0.0075122687806719,0.0100135777325186,0.8233051952429657,,0.3906231770068002,0.0008998441177169,0.6205593348450491,0.378745437568967,1.0270345929069835,0.0062287655719139,0.3834012219959267,131.7423931427693,124.5297615096598,0.0201851325996165,0.6761041902604756,0.0381873727087576,1196.0,4844.0,2.8391448794694982,11.499011535242683,2.764410175740432,4.358844906221142,0.2469033856317093,3.719139297848245,2.2718940936863543,153.07947316417324,1111.3035917122068,0.3538247937391513,1.0000000000000024,432.6420190808543,1111.303591712204,0.9638941784663928,0.9659931936473896,0.9935390698217706,0.9977298460101228,0.699833595924488,0.0270553637642245,0.395479274570029,0.3043543213544588,1.5019032173967233,0.4783101786220584,0.0680588272744636,1.183548899564105,169.0,1.0,3284.0,8924.0,1766.0,7856.0,3.5492836258484584,3.562884364722734,0.0309195518547029,0.0186942038140823,0.0,0.0004482294935006,2.6380868745365933,0.001132502831257,0.5784114052953157
"Swindon, United Kingdom",UK,True,0.5.0,0.0042701257038193,0.0048024894865086,0.0001540378672155,0.000208289935079,0.2412110912737189,0.9998024111929062,0.5788655017055492,1.0591408947056402,1.088173863359115,6.279663405844573e-05,0.0001423624307333,4.332171805742682e-05,0.000140164851908,0.0086342880863428,0.0082942911677945,0.8718632800987696,,0.4036838328279453,0.0011022577566998,0.654373286817842,0.3620396403901558,2.2823810132140108,0.0149439601494396,0.4276939094221759,66.66202893861352,86.98262861164774,0.0117422473029943,0.7556662515566626,0.0264445601249349,3050.0,5497.0,13.25541963176076,23.890177611734067,5.807715519458647,6.05911088857906,0.5548480989630707,3.924283935242839,2.1717855283706404,218.83365284350867,907.2288164194848,0.4166962628849413,0.9999999999999988,525.1634639783973,907.228816419486,0.9669356378509856,0.9636347024098876,0.9967639916452916,0.9978364058061936,0.7710636757345972,0.23337088464995,0.4448759829778949,0.3261876927567022,1.297832170890024,0.5077881619937694,0.0430096329080968,1.1727345503148212,212.0,1.0,7878.0,10430.0,4015.0,9605.0,3.567111322209862,3.565975928056365,0.0148790934424161,0.0159045892785689,0.0003808073115003,0.0012464046021093,3.942852020874077,0.0039850560398505,0.5458615304528891
"Tampere, Finland",FI,False,0.5.0,0.0087648307971941,0.0109700016204124,0.0008472052522226,0.0005161355369625,1.0709513804861412,0.9995661598629728,1.1823301201311731,1.022600557781418,1.097302550334958,9.893176591180938e-05,6.969868803916883e-05,0.0001037036411639,7.419114946718392e-05,0.0089807707218733,0.0169235970250169,0.9630944764494282,0.799582773460636,0.2162504467537933,0.0036318098961481,0.7037338606490636,0.3940070346320346,2.3568809109635054,0.0010467550593161,0.3707910750507099,44.841385729066005,236.3474750214246,0.0077943094911018,0.8326354966271226,0.1038539553752535,14337.0,3102.0,20.759183796900768,4.491524596358107,8.807905270196407,2.253174859570336,4.621856866537717,4.221912072575018,2.363083164300203,1474.4045133281445,1375.9533343603964,0.9057972576790354,0.9994401872736368,1627.742301965096,1376.7240419997984,0.9889031729246784,0.9556575406814564,0.9999823034009628,0.9963887222956344,0.7814086847036343,0.7054135338345865,0.5893400550109633,0.1920686296926711,1.0250243952082665,0.5657952133073545,0.091324200913242,1.0350958336586582,352.0,5.0,36300.0,5825.0,17196.0,4930.0,3.562816946270772,3.572520808224066,0.0187549934832143,0.0099858748791091,0.0001652892561983,0.0015450643776824,1.9934203407606852,0.001104908118167,0.5253549695740365
"Taranto, Italy",IT,False,0.5.0,0.0053000710944179,0.0168480280262622,0.0002645448810565,0.0032008431195423,0.0202306851259338,0.997166677953411,0.0696486569212705,1.1414479238800157,1.072366211832875,0.0002386644097996,0.0001447348067745,0.0002060143770196,0.0001484786964891,0.0255026455026455,0.0246965593339352,0.6833801430363076,0.4998221484104308,0.8351355350680533,0.0031441118034981,0.6400425985090522,0.456689752082706,0.1851306576660718,0.0095238095238095,0.2127595546193199,73.71744742624283,139.80432854562517,0.3145741358117743,0.6253968253968254,0.1619018958772193,203.0,2616.0,0.8482612362711748,10.931287655593067,4.581959827535536,4.112498238975637,0.0775993883792049,3.815873015873016,2.7384893168823354,12.868934942723593,635.996561762219,0.2904676991661468,0.9998221484104304,44.30418590317194,636.1096948825946,0.9157788349631364,0.968989571098552,0.9999944844890206,0.9999999999892588,0.5782124692662458,0.0259522173879856,0.2274178365212701,0.3507946327449757,2.1750759869717102,0.5168,0.1850624905887667,1.089394007274672,37.0,2.0,601.0,4550.0,315.0,3323.0,3.32736196811835,3.5035761159316614,0.2195727455612368,0.0714433304949576,0.0099833610648918,0.0015384615384615,2.658065005838372,0.019047619047619,0.6253385495034607
"Telford and Wrekin, United Kingdom",UK,True,0.5.0,0.0032094504845617,0.0052633774332447,2.2022019265825053e-05,0.0002160760537301,0.2840843756030204,0.9918604389001492,0.6639977499440317,1.0693070382138865,1.0839782974662056,4.3898698758518846e-05,0.0001253053620745,3.1233271220356074e-05,0.0001296142685975,0.0251729599066433,0.0098462756957194,0.8343929625066244,,0.3083390070040865,0.0009348694377657,0.6876824284880327,0.3643008894170177,2.446708640595568,0.0050012503125781,0.4169996759909277,86.13354362848862,105.72977005981416,0.0126019426823368,0.724931232808202,0.0183605140943946,2910.0,5398.0,10.02442796286944,18.59514163009252,4.097107353341972,5.046425225059303,0.539088551315302,4.124031007751938,2.185333189329301,303.8759896590132,1069.668083695144,0.4278393648577361,1.0000000000000038,710.2572007605172,1069.66808369514,0.9607103989486356,0.9614565188274512,0.9932066691699986,0.9961560999809688,0.7101188633015603,0.0916409295731861,0.4235801927364315,0.2865386705651285,1.342414644344179,0.5587388965344676,0.0463998271484902,1.1534391036424436,219.0,1.0,8246.0,10117.0,3999.0,9259.0,3.5766566891806355,3.577000417743951,0.0062365344435046,0.0059246119035819,0.0007276255154014,0.0010872788376,3.684814656076471,0.0027506876719179,0.5646398099146777
"Terni, Italy",IT,False,0.5.0,0.0002907586597051,0.011317853832901,5.6179554570776415e-06,0.0004487936840909,0.0059845656640365,0.9989319188601056,0.0955736124833446,1.2170688225097774,1.2373871696564942,3.915751946703538e-05,2.6502307994722365e-05,2.4862530070701308e-05,2.8467338541352392e-05,0.0153846153846153,0.0289569746934088,0.6430822814381691,0.49968895705369,0.4739961816317023,0.0006471646768836,0.5600748013090229,0.4097230769230769,0.1390361017742561,0.0027972027972027,0.2993724621631598,246.5450994223669,309.4426281179512,0.0573491516565482,0.5370629370629371,0.0548787990648455,386.0,5694.0,0.1817028314363021,2.680352130047421,1.3068751864988364,1.8424778350876656,0.0677906568317527,3.351048951048951,2.457733480989295,18.494722835785243,3089.442278795657,0.0626173428892775,0.9996889570536924,295.3610291079956,3090.403527013978,0.9080795621653333,0.9198952889245458,0.9679594020334326,0.987638033268706,0.3771446467412065,0.0064721540790229,0.2078055609111057,0.1693390858301008,2.827807338721759,0.4371929824561403,0.1145916671795187,1.105374411557258,140.0,2.0,1198.0,9987.0,715.0,8127.0,3.523100050582962,3.5819047818496275,0.054239511617848,0.0014687289735396,0.001669449081803,0.0039050765995794,1.4547540703087425,0.0027972027972027,0.6457487387719946
"Thanet, United Kingdom",UK,True,0.5.0,0.0063739471774651,0.0100466856129181,0.0002771530734462,0.0008112787833018,0.0887628229956164,0.9897541870517368,0.3482852534523972,1.0384596529442376,1.060341822864156,0.0001186725428057,0.0001745974582609,6.558950206954014e-05,0.0001802742138108,0.0,0.0113527105983285,0.7225591546210233,,0.4200440508717696,0.0018999369963512,0.6342376052385407,0.3924528301886792,1.6335321919516177,0.0056022408963585,0.3425782116707344,90.1249295942642,99.23326594772004,0.123683461353726,0.773109243697479,0.0381628577767916,828.0,2963.0,7.378399178250249,26.40361928158876,4.516837326257471,5.6295133201887415,0.2794465069186635,3.798319327731092,2.353672065675616,46.71882444843276,526.3332425867085,0.2548566788738541,1.0000000000000029,183.3141067947334,526.3332425867071,0.9735283806767926,0.9706014183848332,0.9988123253159495,0.9998868412944432,0.7353488924909516,0.028249014496039,0.3692026115506922,0.3661462809402592,1.662887426247982,0.4866635470285447,0.0885780885780885,1.1775592797584484,77.0,1.0,2034.0,5304.0,1071.0,4507.0,3.4811997586366124,3.5520000704430568,0.0909664022598693,0.0284839351787471,0.0,0.0007541478129713,4.690213483801387,0.0,0.6192589305524739
"Torbay, United Kingdom",UK,True,0.5.0,0.0020096354815869,0.0139211862096118,2.118756290057736e-05,0.0009517010581621,0.0226866780842802,0.976833189094228,0.1161290602913201,1.0802501417878732,1.0854303407986678,0.0001358975154712,0.0001502632737911,9.938092721103992e-05,0.0001518345032207,0.0080275229357798,0.0142257093041686,0.6743129224429718,,1.3329082285251397,0.0019348672504149,0.5529953917050692,0.3924833491912464,0.503913525529204,0.0160550458715596,0.3461721350451736,83.35991085752045,104.41036819289872,0.0759937411188,0.5458715596330275,0.0446980504041845,239.0,2750.0,2.0066155728709294,23.088672909602742,3.982063332718854,5.320884938640995,0.0869090909090909,3.302752293577982,2.353780313837375,11.725185838674642,516.831322554849,0.1953574585669483,1.0000000000000009,60.01913581741472,516.8313225548486,0.961553275797682,0.9604370429152144,0.9944321125521705,0.996977044310152,0.7644751624180065,0.0171693404634581,0.2939364508608767,0.4705387115571298,1.956393808867975,0.419838523644752,0.0886166289996431,1.15893122061125,80.0,1.0,720.0,4950.0,436.0,4206.0,3.5074379163339846,3.5720678164815687,0.068052973259707,0.0103960993207212,0.0,0.002020202020202,4.33925431123865,0.0022935779816513,0.609129814550642
"Torino, Italy",IT,False,0.5.0,0.0081763454661046,0.0087677698694764,0.0004142674132342,0.0027230768062094,0.3356481251542234,0.9893232132152064,0.5161849782773412,1.036883204586467,1.0613227942715755,7.09607519661744e-05,0.000176093793052,7.990182758434419e-05,0.0001801253458159,0.009304556354916,0.0200735068485507,0.9165478043658236,0.9217123093289388,0.2554660973422609,0.0107816409106525,0.652593421824191,0.4994628381677898,4.787247152306494,0.0127897681854516,0.1384007029876977,50.84069463331696,117.88750320548476,0.0131022687136627,0.7275779376498801,0.2665495020503808,4628.0,5882.0,35.59715986147344,45.242544145459554,7.435830808175998,4.878277833573721,0.786807208432506,3.914308553157474,2.995899238429994,404.70886233038215,1203.479266927564,0.6502477586123843,0.9981139461098754,622.3917837010662,1205.753382785698,0.9761310107907202,0.9774515899270172,1.0,0.9999853240347018,0.7873928876097586,0.5113032581453634,0.4098466251750977,0.3775462624346609,1.152709909383853,0.4914834066373451,0.2500183136766537,1.1572755358902775,159.0,13.0,12242.0,10228.0,6255.0,6828.0,3.4286247476486693,3.4151005466469027,0.1360211692525555,0.147425725512552,0.0001633719980395,0.0001955416503715,9.274286067531303,0.0123101518784972,0.5949033391915641
"Toulon, France",FR,False,0.5.0,0.0032917894210234,0.0153613189662098,0.0002157846469223,0.0034782443370231,0.0406712045102612,1.0,0.1372851857941577,1.0546985314462367,1.1165116954086294,0.0002256934133843,0.0002721074130399,0.0001683512448029,0.0002772847860625,0.0,0.0218390804597701,0.6933646618259142,0.748991975584272,0.8301512545164271,0.0103606790194128,0.5725725725725725,0.4369757967888809,1.2030787462256878,0.035820895522388,0.2413793103448276,92.66151981892206,105.86100406015876,0.128882607314385,0.6119402985074627,0.0991379310344827,207.0,2112.0,4.698605168306593,47.93939186214264,3.905484311020464,5.470438522249959,0.0980113636363636,3.4149253731343285,2.619971264367816,15.702138608504574,385.4884827354844,0.2962534105554749,0.9984806088257018,53.00238933642342,386.075081807399,0.9653133538530128,0.9613752511317994,0.9983115877740508,0.9996386045161432,0.7779361792480851,0.0703431917574679,0.3595306112629681,0.4184055679851171,1.57909196922089,0.4225563909774436,0.1558511594463419,1.1431998809627086,44.0,4.0,572.0,3647.0,335.0,2784.0,3.444215065269846,3.539582966286368,0.1227802993181671,0.0395924004072723,0.0,0.000822593912805,8.76335446731708,0.0059701492537313,0.6594827586206896
"Toulouse, France",FR,False,0.5.0,0.0006586152786747,0.0094205081259298,7.709474379830663e-06,0.002169004320618,0.1664857192746069,0.9859742251630638,0.7472113228032355,1.041631091064675,1.0849874421394632,2.563638486876891e-05,0.0001808321471738,2.6798351658174087e-05,0.0001839611323452,0.0064124666193421,0.0377500427423491,0.8777209975383753,0.8330010147839442,0.6944554662933964,0.0057978210904695,0.5974236738005883,0.4582977025255116,6.547350414940135,0.0381300070986715,0.1788339887160198,43.76161443748013,128.7313761671773,0.0135576629049962,0.6075448737450563,0.1017267909044281,6272.0,4803.0,53.105774834242304,40.667575977178856,8.111032932201457,4.64115578292089,1.3058505100978557,3.5838150289017343,2.7488459565737733,172.29133152964172,1034.3470103253455,0.2228094170870158,0.9994931518880724,773.2677271102738,1034.8715330079383,0.9782940838517964,0.9577113861357002,0.9999999651825512,0.9985761479053334,0.8613468050525982,0.3629551265097417,0.5684213841651756,0.2929254208874227,1.2168627074814242,0.4232895470913425,0.1878046694603609,1.161222670419308,537.0,6.0,17670.0,8039.0,9861.0,5849.0,3.5699243013489395,3.5746939659320303,0.0123360906963102,0.0080167045511064,0.0002263723825693,0.0026122652071153,8.762381156614593,0.0284960957306561,0.7194392203795521
"Tours, France",FR,False,0.5.0,0.0019479007405651,0.0159818791739648,8.832485288686785e-05,0.003654157514923,0.2242572402903687,0.9886783168310544,0.5962340530613938,1.0367335794462629,1.0673867953335916,9.39237160785938e-05,0.000245454178132,0.0001002630529121,0.0002499532494186,0.0101194500788821,0.0269191138588356,0.8614017081404408,0.4996683579374938,0.7197272911304498,0.0055371086437368,0.6020523229589535,0.4709976798143852,6.445543027224924,0.0321162947937795,0.1646058732612055,40.3370196260955,98.85039470025512,0.032558728989589,0.6446923597025017,0.151854714064915,1995.0,2161.0,59.70884696506104,64.67710190049971,9.263586747130628,5.982845889557665,0.923183711244794,3.609871534820825,2.823802163833076,81.0015676842575,361.07955333989753,0.376122831527164,0.9996683579374936,215.35934778372385,361.1993422347322,0.9800395523888512,0.9654636672445248,0.9999820714701584,0.9998482410370272,0.8539239541605076,0.5756029845566545,0.5070999511937664,0.3468240029667412,1.300476190850331,0.4290306208763322,0.2065364532972345,1.1378770367410054,155.0,2.0,5339.0,3654.0,2958.0,2588.0,3.358909599446914,3.395037415748036,0.1939984612397753,0.1642047860913262,0.0003746019853905,0.0016420361247947,10.810424185150042,0.0297498309668695,0.6831530139103554
"Trapani, Italy",IT,False,0.5.0,0.3333333333333333,0.0222716103960317,0.3333333333333333,0.0115093609833386,0.0259480415915638,1.0,0.0259480415915638,1.0049617239571027,1.064791374747983,0.0008935908294852,0.0003889981328546,0.0009003529099728,0.0004035783886209,0.0,0.0174330995063652,,,0.1978773185741661,0.0051345288923895,0.8,0.4842570908144679,0.0280039767852638,0.0,0.1582229150428682,421.13635829413806,104.65332349408318,1.9396527312037648,0.7142857142857143,0.2135619641465315,5.0,1080.0,0.027706759178406,5.984659982535709,0.9893865928708306,5.5452912037807645,0.0046296296296296,3.4285714285714284,2.901013250194856,5.053636299529657,194.75983502248928,1.0,1.0000000000000022,5.053636299529657,194.7598350224888,0.995441125542808,0.976439040626472,0.9985765952494352,1.0,0.6621152071934504,0.2348623853211009,0.1514601330439811,0.5106550741494692,2.045614507459608,0.6666666666666666,0.2260835611089418,1.0913350435827964,1.0,1.0,12.0,1861.0,7.0,1283.0,1.4415444197420075,3.434371989571229,0.999367709597328,0.131151749503388,0.0,0.0,1.0792327693188384,0.0,0.6282151208106002
"Trento, Italy",IT,False,0.5.0,0.0045554744880587,0.0183390447068486,0.0002066379973848,0.00355251193065,0.1020275329324429,0.998859574271384,0.438290294714869,1.094903799724208,1.183199299093057,9.50581930868356e-05,0.0001386186487654,9.052811716686704e-05,0.0001405920701853,0.0017815784785319,0.0324221338634857,0.7738972562460393,0.666572328500358,0.595943487437567,0.0055182305649806,0.6172641341180667,0.4192371475953566,1.5099996107947091,0.0101549973276322,0.2813121272365805,68.8464683555743,215.05242428442315,0.1138730512547252,0.772314270443613,0.0710735586481113,1458.0,1445.0,9.239555809140311,9.157172938414094,6.118912709042061,2.657947722132353,1.0089965397923877,3.699625868519509,2.512922465208748,55.46752626462636,543.5869755788431,0.2327852890258892,0.9998794211215232,238.27762697864264,543.6525285910217,0.9651643397317604,0.9292382063559064,0.999985935703498,0.9865653604142202,0.630011312451021,0.051704718618734,0.4892741403592108,0.1407371720918102,1.564133688517535,0.4634733743644634,0.1291366011445633,1.124890610704373,142.0,3.0,3461.0,2528.0,1871.0,2012.0,3.418568778749961,3.5230696075522427,0.1445082926760602,0.0542664598898831,0.0,0.0007911392405063,3.4452043063765387,0.0069481560662747,0.647117296222664
"Treviso, Italy",IT,False,0.5.0,0.0004964313278395,0.0147355765066304,3.7764350453172205e-05,0.0028499467896417,0.0414809364432921,1.0,0.3622835479491674,1.0769771378249478,1.0720414386009236,7.656837205373002e-05,0.0002839655839581,6.21022271569548e-05,0.0002870282667259,0.0020110608345902,0.0198629327661585,0.6786528760723307,0.7485210368457915,0.8982502333640207,0.0104974606932027,0.5614300100704934,0.409483268298451,2.487812778111288,0.0294117647058823,0.3062743707904998,61.90410990228477,110.03307313974626,0.0317356192855245,0.55052790346908,0.0669975186104218,746.0,1956.0,13.444113651163908,35.25024973415095,5.403989307173866,5.1332582789761405,0.3813905930470347,3.363499245852187,2.455157745480326,15.806084025692668,380.2927535712834,0.1144985376181432,0.9980270581310962,138.04616508209506,381.04453228294136,0.9693890927618484,0.9674413317863072,0.9996668968764124,0.9997683434908892,0.7659768898738644,0.0734682638028362,0.311179196200864,0.4547976936730005,1.643626711115982,0.3883641858707971,0.1145999645201348,1.1321726083612875,124.0,4.0,2230.0,3463.0,1326.0,2821.0,3.5216462877580144,3.5490602000992846,0.0555259587101145,0.0311197436412175,0.000896860986547,0.0008663008951775,6.867032169123939,0.0120663650075414,0.6263736263736264
"Trier, Germany",DE,False,0.5.0,0.0009294095916993,0.0184694742117704,1.7777772905887037e-05,0.0030121811911664,0.1985830346996287,0.9821599810458548,0.7832676393935813,1.0391503802325954,1.0991565044536558,4.997191184792636e-05,0.0001524882554045,4.691206879300237e-05,0.000149150617958,0.0046244913059563,0.0290589626626119,0.7901029484433506,,0.7810425805237388,0.0025490224096362,0.5995310378872023,0.4148486385929308,2.625667004215264,0.0181280059193488,0.2914343639128231,63.25269294290493,159.92958055331653,0.0373565179170635,0.6182019977802442,0.0694374049670552,1705.0,1398.0,14.568924725120803,11.945663792210487,5.548656665804061,3.563533328671477,1.2195994277539342,3.594524602293748,2.486568677141409,77.90556644339856,392.3072610972847,0.2535315193838149,0.9999999999999982,307.2815823166321,392.3072610972855,0.97993513309717,0.9518769727424112,0.9998664506188524,0.9947273351596432,0.8173274576689974,0.4706150399351923,0.5045138773461338,0.3128135803228635,1.379010332337653,0.4434364006665432,0.1220502410555696,1.1449727618911325,240.0,1.0,4858.0,2453.0,2703.0,1973.0,3.551870576819412,3.537329365157045,0.0286001110506588,0.0416016462125261,0.0,0.0024459845087647,3.3521964551581616,0.0125786163522012,0.6391282311201216
"Trieste, Italy",IT,False,0.5.0,0.000792243740219,0.0156439140435854,0.0001191216744913,0.0040961387545179,0.0220790370434043,0.982072082926731,0.1653447780470743,1.0779596180823965,1.104346008747818,0.0001099680369157,0.0001848799058816,8.212685602579657e-05,0.0001871389408916,0.0052002080083203,0.0344367648842003,0.6298950441185325,0.6641871087768978,0.9116261959066012,0.0057974088855413,0.5331246739697444,0.4450916150952554,1.0084799201636587,0.0312012480499219,0.2259003273917788,83.71955487603965,141.07757824542156,0.0526188381815481,0.5585023400936038,0.1174972717351764,370.0,2128.0,4.361051075753666,25.08193699784811,4.324380672890288,4.112295369477347,0.1738721804511278,3.188767550702028,2.6686067660967625,11.425295755041017,516.0175097947567,0.1335333193112292,0.9971881654596848,85.56138508331252,517.4725570042062,0.9694182946923522,0.949909429638918,0.9999423769157414,0.9955243281313256,0.6493391887884513,0.005498018156246,0.4092598618388356,0.2400793269496155,2.0479351784516755,0.3594361785434612,0.1678499908975059,1.151154569245772,78.0,3.0,1022.0,3668.0,641.0,2749.0,3.5000188938846035,3.5491806985443475,0.0745608253800095,0.0310117783547674,0.0,0.0010905125408942,6.099254733503226,0.0187207488299532,0.6566024008730448
"Trondheim, Norway",NO,False,0.5.0,0.0011236058218444,0.0074985812518122,1.5152865433589075e-05,0.0006035143923152,0.3589161362681128,0.9973919931540136,1.041148399678472,1.0456633988062394,1.138422415022792,2.8595688983331585e-05,0.0001110727361057,2.6536551823946727e-05,0.0001169373847435,0.0075328224321273,0.0270623065536266,0.8954189221994295,0.8329513188058135,0.5447090754862555,0.005587418544166,0.663784907902555,0.399232633279483,1.566497932663768,0.0037426483692746,0.3399273314493338,50.03929656791209,181.05566650717557,0.0114981523691351,0.7403314917127072,0.0726685506661283,8354.0,3270.0,11.705005323497945,4.581681518774033,7.472084756341837,3.0451431065705017,2.55474006116208,3.981999643557298,2.39442874444893,385.4189194144385,1073.1925326914204,0.3447310070100991,0.9993959764367636,1118.0280032168598,1073.8411580540585,0.9773624642697464,0.9365694281459656,0.9997868255666362,0.9930176888910884,0.7753676832885263,0.4142627495158412,0.5751149359561845,0.2002527473323419,1.1725512486878928,0.5227505682071394,0.0992628496415227,1.0970560517343948,609.0,6.0,22343.0,5931.0,11222.0,4954.0,3.568521518934682,3.563395128341821,0.0136046504612928,0.0182335988244154,0.0002685404824777,0.0042151407857022,1.504586601821157,0.0040990910711103,0.5874041178845377
"Troyes, France",FR,False,0.5.0,0.0008311644577811,0.0221870526411162,0.0001241910477619,0.0094300737644224,0.0550775642053413,1.0,0.4227073579106239,1.0587501519813232,1.0727842613377865,0.0001747158650515,0.0004238688845576,0.0001506830321525,0.0004163446399312,0.0092353951890034,0.0361871138570167,0.6888398953815904,,0.8772497338155526,0.0058860304318884,0.5788113695090439,0.4585912172119069,5.403922939814567,0.0824742268041237,0.1862312444836716,53.43404300177966,109.1862383804751,0.1217870361914447,0.5412371134020618,0.1147396293027361,441.0,922.0,33.18412972358461,69.37815783479594,6.140748136708868,5.426920058201123,0.4783080260303687,3.463917525773196,2.7466902030008824,9.35733595717594,169.89378692001935,0.1302971504389729,1.0000000000000004,71.81535379439187,169.89378692001924,0.973885135198918,0.963536444109307,0.9999364341436412,0.9996259759026482,0.7303794167218459,0.0976870078740157,0.4056841561442433,0.3246952605776025,1.5299223836368618,0.4078862314156432,0.1875276426360017,1.1489843087447733,63.0,1.0,1344.0,1556.0,776.0,1133.0,3.382616608263694,3.357347803497372,0.174508897261453,0.1952742413207564,0.0,0.0051413881748071,12.784075882959096,0.027061855670103,0.6990291262135923
"Tübingen, Germany",DE,False,0.5.0,0.0003925878959037,0.017291728026103,3.846150691347432e-06,0.0036025229556479,0.0772117105420567,0.9760979782137328,0.539247965558063,1.047030887722883,1.085912934119146,7.831052338819349e-05,0.0001902141245177,5.125231547639005e-05,0.0001966847046973,0.0098101940712305,0.0265706282513005,0.7119135348681267,,1.3318706615312268,0.0033405048586845,0.5733504163997437,0.4208733974358974,1.49579443024929,0.0204734484964811,0.2785114045618247,60.12181978966096,142.4826027454398,0.1010625230184636,0.5758157389635317,0.0780312124849939,913.0,1202.0,8.459920497316572,11.137814280147335,5.655804251060512,4.015286840138869,0.759567387687188,3.435700575815739,2.522208883553421,23.11378483444596,299.3559483681694,0.1431840553392743,1.000000000000001,161.42708613523968,299.35594836816904,0.973973154695125,0.9638059721087672,0.9996995795294404,0.9975813389219712,0.8273052370803711,0.5108936881040449,0.4290832703756002,0.3982219667047709,1.637564050195222,0.4283883370714514,0.131048993086865,1.0952500009205115,215.0,1.0,2685.0,2101.0,1563.0,1666.0,3.5293188178941115,3.530439056654858,0.0487265883968087,0.0477317963189688,0.0,0.0,2.773852709302864,0.0083173384516954,0.6434573829531812
"Udine, Italy",IT,False,0.5.0,0.0004879955525906,0.0167441020549178,3.604803202134757e-05,0.0054400999561345,0.0379014535611776,0.9996178449378932,0.3831962523706626,1.037024090460302,1.0643569618191846,6.814438889269871e-05,0.0002786498303796,6.299567606700364e-05,0.0002813531973612,0.0016655562958027,0.0223477070499657,0.6391748679935396,0.6665252806471682,0.8436171435120062,0.0082187524024434,0.6181899043806982,0.4443302500856457,2.4636005525412386,0.0106595602931379,0.2268993839835729,50.314344002971936,140.71661708066668,0.0184484979879054,0.7588274483677548,0.1108829568788501,1153.0,1506.0,20.30780522886037,26.52519919745336,8.243140393807993,4.125813706026636,0.7656042496679947,3.7041972018654232,2.663244353182752,13.834747065713753,364.9614475450575,0.0989087271253266,0.999842591270066,139.873876328262,365.01890470724936,0.9763093820460346,0.9726946691730436,0.9999944957162016,0.9997927957401648,0.6900377248477259,0.0552623597209584,0.4052286483062578,0.2848090765414679,1.5449660223629134,0.4661327994661328,0.1667951683371883,1.1886432584784568,118.0,3.0,2780.0,2594.0,1501.0,1948.0,3.473432679198352,3.4541226363519324,0.0976945794255867,0.1143134642225567,0.0,0.0007710100231303,6.42908310637187,0.0093271152564956,0.662217659137577
"Ulm, Germany",DE,False,0.5.0,0.0010616712115908,0.0136881985314286,3.984063183351071e-05,0.0020574545474403,0.175496387816544,0.9808091802092248,0.7485798950923398,1.02644577812509,1.08727833315513,5.197898926684041e-05,0.0001465913946932,4.512012859648371e-05,0.0001451160625778,0.0045559094125973,0.032112676056338,0.8396848302832789,0.4961361873214713,0.6621024789299544,0.004130305035148,0.6381660470879802,0.4155508574113225,3.0551558982327416,0.0092887473460721,0.2904929577464789,50.27484763697408,136.86425581617578,0.0284909113875802,0.7518577494692145,0.0718309859154929,2844.0,2015.0,23.97049158078783,16.983312424503332,7.84591437531996,4.161282322911639,1.4114143920595534,3.826963906581741,2.491549295774648,84.97986774492765,482.3547795354398,0.2344390878877344,0.996136187321472,362.4816514625831,484.2257370776299,0.98439078682602,0.9552437618135056,0.9999999186276708,0.997812563132338,0.7964303159742133,0.3254586163906063,0.513730696432423,0.2826996195417903,1.2278581188286368,0.4889124950205816,0.1233480176211453,1.1174914577324693,240.0,2.0,7210.0,3538.0,3768.0,2840.0,3.540875607450078,3.55564066467856,0.0384389693014944,0.0252149143085358,0.0002773925104022,0.0022611644997173,4.081268971104117,0.0029193205944798,0.6376760563380282
"Umeå, Sweden",SE,False,0.5.0,0.0154327825949095,0.0171887498504878,0.0022010328021561,0.004718616210346,1.4413498088365653,0.986504523473244,1.5639963811149715,1.0360952767560132,1.1243711372893646,0.0001608896576123,0.000204251712533,0.0001750347997206,0.0002016008532203,0.0118787638144398,0.0369350768524891,0.9618176979238542,,0.1992537930098562,0.002575472819759,0.7171797418073486,0.4624396967608545,7.3315617527622035,0.0009926543577526,0.1906400550584996,56.05702295409783,192.8853547834142,0.0259132618063617,0.7976970418900139,0.1520991052993806,4020.0,1176.0,48.53374199548688,14.197930494202131,6.619836759501009,3.02875603603666,3.4183673469387754,4.301369863013699,2.770818995182381,559.644736989072,388.2782191790128,0.9215812940750082,1.0,607.2657296617417,388.2782191790128,0.9831595788757918,0.9418833271473726,0.9999961349119726,0.9985046452555784,0.7751116221110814,0.6460893890105439,0.5526600410323369,0.2224515810787445,1.0352687421816615,0.5876452477902473,0.1933815925542916,1.0467824779699284,121.0,1.0,10833.0,2013.0,5037.0,1453.0,3.501222886688546,3.5205452020822205,0.0735062514050722,0.0564997361028158,0.0007384842610541,0.009438648782911,4.687710177139629,0.000397061743101,0.6572608396421198
"Uppsala, Sweden",SE,False,0.5.0,0.0052894915532452,0.0073493273961006,0.0001707761811565,0.0002321470046544,0.3554672151898287,0.9903163511370108,0.5317779740434043,1.054859842423871,1.1135982316916344,8.6719365707011e-05,4.5110812568325526e-05,0.0001087451029064,4.648311602964125e-05,0.0137708729655463,0.0218773010890206,0.9125016402281878,0.6665071372516349,0.2912707065566112,0.0009349578243311,0.6880186036678823,0.3915571578090475,0.7596036506643585,0.0071337983512999,0.3660039530287176,65.53681275403937,317.66170544939314,0.021360615407167,0.7310558021559924,0.0799906987559586,9273.0,5453.0,4.128076374270893,2.4275208097594283,5.4345136054315,1.6994416720259762,1.7005318173482489,4.127457197209893,2.348796651552145,1140.5879685881375,3208.0944689269377,0.6684504295787458,0.9998110083056082,1706.3164568641694,3208.70088674432,0.9782743828257442,0.945573219727542,0.9999146110203884,0.993521393919398,0.4734395636125781,0.3014714386686371,0.3372049171605586,0.1362346464520194,1.3180407917822603,0.5516708288738257,0.0873989649357446,1.0697323072344678,497.0,3.0,26036.0,10101.0,12616.0,8601.0,3.561303170537636,3.575558546543154,0.0201194344912758,0.0072327353531655,0.0005377170072207,0.0035640035640035,1.4284225517816556,0.0039632213062777,0.5540053482153238
"Valence, France",FR,False,0.5.0,0.001970882612533,0.0175118748165296,0.0001020653133274,0.0057405390820417,0.0865260807650522,0.9330587207319528,0.3087962591971022,1.0489091725017432,1.092742970225875,0.000118029646587,0.000332985305318,0.0001259764611105,0.0003368419407043,0.0012106537530266,0.0295584988962472,0.7306062171493195,,1.0195152436075028,0.0037930420894026,0.5165857605177994,0.4394341290893015,2.212763510243491,0.0847457627118644,0.23841059602649,63.751949743520406,132.6160102618663,0.0557032524729378,0.4757869249394673,0.1079470198675496,422.0,1150.0,11.469991162878207,31.2570849225354,5.1835594313538085,4.361998402813037,0.3669565217391304,3.0920096852300243,2.633112582781457,22.811790305938587,263.6406284005908,0.2802044331431596,1.0000000000000022,81.41123982247557,263.64062840059023,0.9737617869871824,0.9578552055458482,0.9999723708561856,0.9993784621166094,0.6538623762629827,0.0787211436298657,0.3855209539933122,0.2683414222696705,1.579986249062307,0.3242258652094718,0.1588723051409618,1.136972608341505,83.0,1.0,1277.0,1988.0,826.0,1510.0,3.3778243352681603,3.4755226432125306,0.1784674069273073,0.0958866206411286,0.0,0.0025150905432595,7.165771748650301,0.0351089588377723,0.6536423841059603
"Valenciennes, France",FR,False,0.5.0,0.0028826330532212,0.0230795571746227,0.0003488349885408,0.0091742702370251,0.0581689586653951,1.0,0.3449111274850347,1.028793072223933,1.0655109217182848,0.0002134152385624,0.0004443196378627,0.000181750377929,0.0004289637442957,0.0,0.0341295693087224,0.6754260058365416,,0.932117788546635,0.0071443954976994,0.5398809523809524,0.465360899528473,3.4865994604031414,0.0782918149466192,0.1693811074918566,53.22729924081119,109.09575583590453,0.067609966970725,0.5427046263345195,0.1194353963083604,319.0,765.0,23.038331550370188,55.24866343584073,6.607679434363923,5.465462555740109,0.4169934640522876,3.227758007117438,2.786102062975027,8.141900694624992,139.96985473746557,0.1686491215564479,1.0000000000000004,48.27716041141575,139.9698547374655,0.9815914721966312,0.9664719755713772,0.999999372617496,0.9989451647699326,0.8694988995327135,0.46711664935964,0.4252704419887353,0.4442284575439781,1.619330777815891,0.3485254691689008,0.1976047904191616,1.07739454355308,45.0,1.0,907.0,1283.0,562.0,921.0,3.391411626722894,3.4941876722915457,0.1672192902605305,0.0796598788463268,0.0,0.0,10.108689405952614,0.0249110320284697,0.7111834961997828
"Vannes, France",FR,False,0.5.0,0.0041327508616839,0.0138502186514696,0.0002743830800764,0.0029955097338775,0.0921229203797133,0.9826179254089,0.3826585451036229,1.068805585013236,1.1027673557171185,0.0001026340359611,0.0003094732742042,0.0001016779661219,0.0003008591860238,0.0028490028490028,0.0271082337317397,0.7636732251798077,,0.6783750504143023,0.0037083715689447,0.5931477516059958,0.4101030242605517,3.131396965701246,0.0512820512820512,0.3087649402390438,62.08649651671332,109.26261789153362,0.088354811431241,0.6549145299145299,0.0717131474103585,628.0,1388.0,19.05766098243085,42.12107236244271,6.08599330943117,5.147219737695338,0.4524495677233429,3.551282051282051,2.458167330677291,24.84187969489995,269.6601409563052,0.2407444484344827,1.0000000000000009,103.18775721077752,269.660140956305,0.9726177550094828,0.9427550460668692,0.9980053491969938,0.9945081832214828,0.7963506805078066,0.1612579349656691,0.4522006783285925,0.344150002179214,1.4070479424803053,0.4263524370648098,0.1149339316878583,1.156469516036582,70.0,1.0,1662.0,2468.0,936.0,2008.0,3.522033430985981,3.556018586640645,0.0551834579066393,0.0248752499769824,0.0,0.0036466774716369,8.183266794299008,0.016025641025641,0.6195219123505976
"Varese, Italy",IT,False,0.5.0,0.0004087233622323,0.0190217881713629,5.08509051461116e-05,0.0031542297675364,0.0119631067880622,0.9846452141309832,0.2104044206735521,1.235831077076447,1.1388162170367435,0.0001545124591655,0.0002494337834032,9.495465660714469e-05,0.0002513134148909,0.0028985507246376,0.0220999999999999,0.4769760385952175,,1.0208243272583195,0.0030683707312322,0.5568513119533528,0.4050717384050717,1.25722870020852,0.0,0.32,119.67196079047392,134.22811341057553,0.1188310634392257,0.5681159420289855,0.0645,198.0,1360.0,3.630215844797748,24.9348159036613,2.8874745256735324,4.172984194475818,0.1455882352941176,3.3217391304347825,2.428,3.898846598389388,325.90585936087786,0.0568576779412033,1.000000000000001,68.57203353294156,325.90585936087734,0.9131689729329792,0.9414982563089088,0.989095333787808,0.9948307534345282,0.7485826022360649,0.0276215597471756,0.41033094488823,0.3382516573478348,2.090032603367557,0.4350364963503649,0.1073842302878598,1.133091652459384,70.0,1.0,573.0,2428.0,345.0,2000.0,3.4144828560721296,3.5628430554612205,0.147944796214255,0.0187314516494748,0.0034904013961605,0.0016474464579901,5.975296033152946,0.0057971014492753,0.6155
"Venezia, Italy",IT,False,0.5.0,0.0012214718812954,0.0126988307244689,4.82342728472196e-05,0.001354210998313,0.0734544105863526,0.9920334753444906,0.60612387045714,1.069500486641813,1.0876092408396858,3.539808549876132e-05,0.000185096454838,3.139279684696732e-05,0.0001845666693377,0.0037292025243832,0.0172356567093409,0.7758473446106855,,0.4436527255771744,0.0014535594981929,0.6267699961729812,0.405044275774826,1.0006011848970364,0.0100401606425702,0.3309625414888573,63.65330749998841,134.2897393196889,0.0408189933217645,0.7323580034423408,0.0870080606922712,2587.0,2822.0,6.207673506865913,6.771571177570779,6.203943789557568,4.101944903900514,0.9167257264351524,3.7584624211130233,2.429113323850166,50.53416160650474,687.9663345347649,0.1211871271972066,0.999999999999998,416.992817432424,687.9663345347661,0.9694300083328192,0.9648036734963972,0.9999256453136331,0.9998445472013212,0.7697068959196682,0.1315393086338493,0.4564882005767279,0.3132186953429403,1.3430082308881175,0.4664848571838668,0.1074605622108883,1.1221063019201214,185.0,1.0,6551.0,5123.0,3486.0,4218.0,3.5511636728559863,3.5202283612580625,0.0292341911166209,0.0567798505166433,0.0,0.0005855943782939,1.6508196322022108,0.0097532989099254,0.5820293978188715
"Verona, Italy",IT,False,0.5.0,0.005148881499322,0.011292296327128,2.661408270332021e-05,0.0018816464823408,0.0835839838583105,0.98102846552558,0.3054134270318528,1.0669959316723847,1.095540762063752,6.003347470700503e-05,0.0001490359109344,3.783645238994494e-05,0.0001533483952828,0.0036089238845144,0.0229840725662452,0.7196307039561936,0.7497173550160379,0.6386415429035095,0.0041946172529692,0.5911330049261084,0.4380850303679885,1.4641172609609805,0.0241141732283464,0.2504821084208271,80.90088601466509,155.5379377338746,0.0216013556463379,0.6604330708661418,0.1244911077780158,1369.0,3498.0,6.882140429258106,17.58489935832349,4.700539098037121,3.668192787721624,0.39136649514008,3.543307086614173,2.627383758302978,79.70594580389277,953.21711177322,0.273674882832159,0.9995952357173707,291.24318965279434,953.6030962463852,0.9644596048613452,0.9614204015920196,0.999990369221402,0.9996193778032484,0.6371274062001241,0.208687548015768,0.3156457021052002,0.3214817040949239,1.3368060807989044,0.4321261394432126,0.1573587737163683,1.1998504612856695,186.0,4.0,3600.0,6131.0,2032.0,4667.0,3.5310816963161966,3.5505987021713348,0.047160886131955,0.0297408107587937,0.0005555555555555,0.0001631055292774,4.793886356568996,0.0132874015748031,0.6250267838011571
"Viana do Castelo, Portugal",PT,False,0.5.0,0.0059020971619209,0.0116674948100015,0.0006265227984684,0.0011147097881422,0.0161766044790206,1.0,0.0373666216447133,1.087859493281502,1.1153977422813228,0.0002083096697229,8.878809198832289e-05,0.0001384508148518,8.765693117074362e-05,0.0,0.0317934018996234,0.7019551689333454,,0.5769384535349853,0.0008623296362211,0.5838264299802761,0.4285714285714285,0.1359140555826719,0.0,0.2468386444107233,146.39249462739767,152.12506198746811,0.355250535652118,0.6783625730994152,0.0627212948912493,116.0,4467.0,0.3638411689927212,14.011021568021429,2.676994424402332,3.852026484999708,0.0259682113275128,3.461988304093567,2.570561456752656,18.759188829354773,1159.6493475304744,0.4329158957111486,1.0000000000000042,43.33217840970971,1159.6493475304696,0.9582738022375225,0.9480302552550752,0.9969759352520806,0.987763138058422,0.6985469598573961,0.0098184263618022,0.1184988152929102,0.5800481445644858,2.263322721797619,0.4451038575667655,0.1427848528295521,1.131945442139897,25.0,1.0,296.0,7623.0,171.0,5931.0,3.1467356755558584,3.5594372263246368,0.3580603401227247,0.0217999961218688,0.0,0.0017053653417289,3.637311846785625,0.0,0.6904400606980273
"Vicenza, Italy",IT,False,0.5.0,0.0039191538271771,0.0141762579553345,4.047971472784768e-05,0.0020237864628921,0.1264671688062156,0.9901983248220938,0.4282251595257438,1.0655586856411168,1.078608490124668,7.599735372085625e-05,0.0002109208127234,7.430756169140811e-05,0.0002119249797605,0.006606831214161,0.0192754541613857,0.7719655570171213,0.7495162689206061,0.5812466854331032,0.0088894448069071,0.5975031210986267,0.4055168040583386,2.39413068005932,0.0306656694091249,0.3225602027883397,80.52205217294423,117.27179004699556,0.0450970048238549,0.6566940912490651,0.0747782002534854,906.0,2138.0,11.256892439143144,26.564278184203133,4.701870508949924,4.751408249291876,0.4237605238540692,3.579655946148093,2.431558935361217,56.906666975624745,449.67780284511855,0.295328674630601,0.99934650232074,192.68927084985552,449.971858410322,0.9643872286166576,0.9622691086321672,0.9997234501305472,0.9998431873430768,0.6163556506890735,0.071253648884274,0.3013126012772291,0.3150430494118443,1.4970340859265276,0.4376170850505807,0.1086094815284604,1.1549732459618356,112.0,4.0,2393.0,3837.0,1337.0,3156.0,3.5197330092706824,3.555299461228224,0.0572177007470292,0.0255215263766025,0.0,0.0015637216575449,5.590822086938568,0.0209424083769633,0.6026615969581749
"Viseu, Portugal",PT,False,0.5.0,0.0087222755479912,0.009388850436577,0.0013926304734943,0.0009084858153507,0.0302874456171806,0.9973622235950246,0.0582598785898234,1.0689888888574184,1.1163593542542525,0.0001555665146337,8.96835373128051e-05,6.008843986574482e-05,9.200109763805656e-05,0.0,0.03573228505191,0.7459659208797997,,0.3194692350008618,0.0007158553401666,0.6068139963167587,0.4175741076830006,0.1605873221777403,0.0027472527472527,0.2800120955548836,123.49770629421188,168.65028116774334,0.0938592705994686,0.771978021978022,0.0616873299062594,284.0,4762.0,0.5603834364083283,9.39628846541007,3.489587028470952,3.408903129873784,0.0596388072238555,3.620879120879121,2.504687027517387,42.30944985355281,1396.9302789124145,0.5198679837700709,0.9999999999999974,81.38498844788563,1396.930278912418,0.9604679754879348,0.9432363644989392,0.9955320691774256,0.9849504652015908,0.5800074813469173,0.0080984733021621,0.1141870189588172,0.4658204623881,2.262362717044984,0.4439834024896265,0.1262950918853513,1.1486856538753818,26.0,1.0,659.0,8283.0,364.0,6614.0,3.488387071262678,3.5716972578728785,0.0847181808209018,0.0107316099926657,0.0,0.0025353132922854,2.756396444083752,0.0082417582417582,0.6583005745388569
"Warrington, United Kingdom",UK,True,0.5.0,0.0016771102147752,0.0050114285339214,1.303584694635612e-05,0.0001798399395437,0.1497749303085107,0.9953769495850352,0.3993711170535297,1.0422285179111817,1.078361936067238,6.442079269901702e-05,0.0001379831366938,5.0571710867840565e-05,0.000139214433886,0.0119238476953907,0.0077849694354548,0.8859967363774655,0.4999794453912811,0.8116944369075275,0.0020516918605942,0.6321637426900585,0.3642630222382065,2.134742805567593,0.034068136272545,0.4200827040632865,51.44827040685538,80.20448012329716,0.0162904094109476,0.6710921843687375,0.0246314275440489,2769.0,6451.0,15.183573677140815,35.37350443887158,7.112600936066277,6.617732096346826,0.4292357773988529,3.791082164328657,2.185185185185185,146.00138859558416,974.785214678039,0.3750269458981323,0.9999794453912866,389.3090621686746,974.8052514185536,0.9752638749188725,0.9692413473310268,0.999551728177658,0.9996038008582616,0.7510170788922118,0.0397117794486215,0.3989747284497352,0.3520423504424766,1.5735228106899708,0.4876550946233864,0.0463966191610843,1.1607385837327988,316.0,2.0,7567.0,12154.0,3992.0,11124.0,3.54583521029415,3.5553618489291328,0.0340070643682212,0.0254654671761056,0.0001321527686005,0.001069606713839,5.345260872436759,0.0225450901803607,0.5552858683926645
"Waterford, Ireland",IE,False,0.5.0,0.0061128802547566,0.0133518601838758,0.002415458937198,0.0007719025105578,0.0871973853582047,0.9952366860392003,0.1684126426067081,1.0704712273220758,1.0965754510981032,0.0006311847320976,0.0002609227522111,0.000360383660136,0.0002561685074934,0.0237639553429027,0.0172834746851709,0.735200110872978,,0.2956354428125826,0.0038299035517131,0.6972624798711755,0.3694701646090535,1.0554209427644885,0.0526315789473684,0.4047802621434078,101.55444963767349,90.881719780043,0.2495333314441086,0.6889952153110048,0.0250578257517347,152.0,1543.0,3.648231949285665,37.03435459044593,3.4566605621163498,5.90954118029344,0.0985093972780298,4.143540669856459,2.2151117964533538,22.767514685637416,261.1031809280636,0.517760329679261,1.0000000000000002,43.97307669311261,261.1031809280635,0.9617359245039516,0.9502018150706694,0.996486789747079,0.9988666222354708,0.7352449195637778,0.00781434998816,0.3618073570929145,0.3734375624708633,2.118725555420206,0.5738498789346247,0.0540227667374107,1.1360910428555815,13.0,1.0,433.0,2873.0,209.0,2594.0,3.292080196937991,3.567431901580107,0.2476857410855988,0.0145894472617265,0.0,0.0073094326487991,6.266874781064979,0.0382775119617224,0.5697764070932922
"Wiesbaden, Germany",DE,False,0.5.0,0.0001111619425238,0.0120387445446061,3.4328862497365885e-06,0.0025213851161968,0.0176681119824403,0.9983293973924948,0.3729796913417454,1.0365474362973142,1.077904686784574,3.484807416026618e-05,0.0001388111189582,2.81260003128434e-05,0.0001438641371673,0.0065157750342935,0.0332896346792518,0.6454834399964002,0.4999700462521312,1.183061876799494,0.0026109944002772,0.5399222145962023,0.4487583071003847,1.4021648445644066,0.0432098765432098,0.2097535395909806,60.52952165549491,149.25792769402045,0.0097035610534772,0.5065157750342936,0.1095962244362873,1552.0,3014.0,7.616957819715307,14.792210611225476,5.432284120688801,3.9347685612178704,0.5149303251493033,3.2373113854595337,2.691137912952281,13.533626866885692,765.9687406039128,0.0473701716007155,0.9999700462521308,285.69934221393595,765.991684925713,0.9812364003590064,0.9652288381141332,0.9999983449024552,0.9989835433879056,0.7848956218670641,0.2084688042151256,0.4445703276700656,0.3403252941969984,1.5640729957017596,0.3675991076025399,0.1731601731601731,1.1382545468792526,338.0,2.0,4720.0,5132.0,2916.0,3814.0,3.5467378059120582,3.560695638663537,0.0331994082411262,0.0206667660991464,0.0004237288135593,0.0017537022603273,3.759359764389055,0.0257201646090535,0.680650235972732
"Worcester, United Kingdom",UK,True,0.5.0,0.0032997061886838,0.0124274474501592,0.0005791892086273,0.0006136850640493,0.1092792802777509,1.0,0.4039020624156431,1.0487887517066732,1.0618443603372811,0.0001165371349557,0.0002324625788104,9.561916918580634e-05,0.0002249528703361,0.0082565284178187,0.0134375638667484,0.8314559645768598,,0.4823776508611693,0.0031939889843613,0.6297151655119323,0.370040899795501,3.798621028861135,0.0080645161290322,0.4012875536480687,77.29641599920072,86.51232881783116,0.0518700275066355,0.7027649769585254,0.0214592274678111,613.0,1953.0,18.41381543602793,58.66587527987366,4.847499999637653,6.23786048645762,0.3138760880696364,3.769585253456221,2.218884120171674,34.21404419765194,313.0881179917318,0.2705588568282551,1.0000000000000029,126.45693657469238,313.088117991731,0.9723735248729214,0.9691224630244472,0.997472650123128,0.998377884670792,0.8071556048033472,0.1071270473660911,0.3563650337699435,0.4507905710334037,1.5624771287283226,0.4789139225880993,0.0549163982205859,1.1972970124677993,61.0,1.0,1636.0,3619.0,868.0,3262.0,3.5389073435021388,3.558428792222673,0.0401949870355502,0.0227076413393468,0.0,0.0008289582757667,9.404807210298648,0.0034562211981566,0.5772532188841202
"Worthing, United Kingdom",UK,True,0.5.0,0.0061512120498177,0.0139899861893737,0.0002891473366317,0.0031749021378436,0.0705175138883894,0.99825244941187,0.2085120177398292,1.0284200509193389,1.0741487983447149,0.0001719351973904,0.0003003690515796,0.0001554774894706,0.0003018351877448,0.0193602693602693,0.0160228898426323,0.7828664867233406,,0.6716651349227917,0.003334529822101,0.5964467005076142,0.4110824742268041,1.850151486611432,0.0303030303030303,0.2944206008583691,88.69668081246246,104.45571391495552,0.1295433577294563,0.6414141414141414,0.0527896995708154,256.0,1644.0,7.574444177569346,48.64213370282815,4.093958917624636,5.481967027534197,0.1557177615571776,3.560606060606061,2.4643776824034336,21.147663284041712,299.8923546498376,0.3381940026899439,1.0000000000000009,62.53115997278603,299.89235464983733,0.972633384600782,0.9651776198615636,0.9989886208271976,0.9997840264507588,0.8305838750266566,0.0601077666295057,0.2709384338476684,0.5596454411789882,1.968462249576869,0.445997458703939,0.1164339419978517,1.0933389047054232,42.0,1.0,705.0,2871.0,396.0,2330.0,3.330588363152504,3.2286078663472706,0.2169761752404775,0.2969630113318762,0.0,0.0013932427725531,8.87311679521493,0.005050505050505,0.6527896995708155
"Wrexham, United Kingdom",UK,True,0.5.0,0.0001251316459996,0.0076671939751956,1.9070267821754142e-05,0.0003168567648367,0.011164975515517,0.9133436141629364,0.1348957238764741,1.0687351213298906,1.1003957078427091,8.03722375396196e-05,0.0001087894317168,6.74455280680605e-05,0.0001124721493313,0.0031670625494853,0.0135866983372921,0.577742868021544,,0.7621234420978263,0.0008567266117084,0.5801587301587302,0.3802735096890015,0.3126032966642295,0.005938242280285,0.3752969121140142,107.69822686377536,162.07074399012947,0.0463713986223838,0.5783847980997625,0.0302454473475851,495.0,3945.0,0.9827494894175912,7.832215627782619,3.143759198653534,3.3797864831899145,0.1254752851711026,3.472684085510689,2.2809184481393507,13.032133428483094,1167.2334982169114,0.0827674532199473,0.9999999999999992,157.4548076748396,1167.2334982169125,0.9555136648115288,0.9601739501726296,0.9936342919650444,0.9978049970421952,0.5210572448485155,0.0022305764411027,0.3312488607153077,0.1898083841332078,2.461147604073827,0.4407385348421679,0.0703366336633663,1.111366093103077,120.0,1.0,1462.0,7202.0,842.0,6315.0,3.537267818676012,3.5739000713809066,0.0416564897665593,0.0087363055632707,0.0,0.0018050541516245,2.317369948290464,0.009501187648456,0.5944576405384007
"Wuppertal, Germany",DE,False,0.5.0,0.0001213905489337,0.0102042922886728,3.073768880880843e-06,0.0015905477488904,0.0339326241743047,0.9505041038246828,0.3468180781437352,1.0659251554361182,1.1020308243101826,3.0124825603941158e-05,0.0001401947144496,1.932034468524935e-05,0.0001383819379738,0.0048593350383631,0.0235876001393242,0.7094971971522468,,0.8594014578794509,0.0010644855784845,0.5427547363031234,0.4237925987873719,1.9351033920870893,0.0235294117647058,0.2733542319749216,102.45539341144531,154.4846077674297,0.0157828419595153,0.5166240409207161,0.0867293625914315,1040.0,3477.0,6.176971083426428,20.65127736257086,3.19206255783796,3.701216356390797,0.2991084268047167,3.253196930946292,2.541692789968652,31.877016335545477,939.42089983374,0.0978398368271959,1.0,325.80815104839616,939.42089983374,0.9649153210041598,0.9556405631518312,0.9972814373100896,0.9963399034435606,0.8289952445369322,0.1869781366732586,0.4556806120102852,0.3733146325266468,1.5526540588122046,0.3854033290653009,0.1355985363303711,1.1463327174359192,280.0,1.0,3180.0,6081.0,1955.0,4785.0,3.544076420489082,3.56396660601637,0.0355798863688344,0.0177181139872445,0.0,0.0011511264594639,5.579592051384084,0.0153452685421994,0.6399164054336468
"Würzburg, Germany",DE,False,0.5.0,0.0007126759305688,0.0150202995950321,2.0311437461791556e-05,0.0028549411895076,0.0936352494304874,0.9625052752131874,0.6253431947717354,1.0370319891695896,1.086027520659203,7.699619868007712e-05,0.0001761763626567,5.1850904580607725e-05,0.0001751012949146,0.016176304813437,0.0275559625559625,0.7833189641551666,,0.8414605956337915,0.0022202601567433,0.6169204737732656,0.4281437125748503,3.214720158583113,0.0219817382482245,0.2658119658119658,51.49993005737087,149.98257388394563,0.0244869161393491,0.5941832938789313,0.0957264957264957,1804.0,1718.0,20.590417098501664,19.608834021743824,6.405041833431898,3.814406949284993,1.050058207217695,3.6990192762935408,2.566666666666667,42.17309811469684,450.3976693734889,0.1497341783093465,1.0000000000000002,281.65311748376126,450.3976693734887,0.9756666473150696,0.9615022676420358,0.9999192322496882,0.996965508139289,0.7755816861092825,0.081552399922894,0.4848983302598843,0.2906833558493982,1.3947692260123916,0.4652225418852598,0.1420320855614973,1.1498052826386955,237.0,1.0,5469.0,3003.0,2957.0,2340.0,3.55321339265366,3.5598670885306887,0.0273950594269608,0.0214129688294173,0.0010970927043335,0.0006660006660006,5.140729419397551,0.0158944876564085,0.6384615384615384
"York, United Kingdom",UK,True,0.5.0,0.0003177950138922,0.0074930592322406,1.2610337974930648e-05,0.0002853066931005,0.0530653923712155,0.9932499800787672,0.4539296879086161,1.0426590122687425,1.0707765326034588,3.678465238715324e-05,0.0001476145500094,3.479016614405092e-05,0.0001512054032203,0.0053543307086614,0.0091164028708588,0.8281345567450444,,0.7924467292692754,0.0012621582333382,0.6041601008509297,0.3675652545999144,1.321809765013079,0.0617322834645669,0.4112362754883787,62.53618952793236,102.48269134483095,0.0388750823193908,0.6494488188976378,0.0263795807785541,2125.0,4129.0,7.81003729167266,15.175361871678312,5.908594034025299,5.211451345453699,0.5146524582223299,3.6226771653543306,2.204762583772993,42.04337536258316,792.2936867868912,0.1169022291000682,1.0000000000000038,359.64562597513896,792.2936867868882,0.9726860248168638,0.968423774148228,0.9990835315120682,0.9994699535419476,0.7534801394278186,0.1999093210412967,0.4411623160429122,0.3123178233849064,1.4599016288944493,0.4509062253743104,0.0512802225233578,1.1574880637826577,285.0,1.0,5751.0,7731.0,3175.0,7013.0,3.559296164447961,3.565223638129885,0.0219269847815296,0.0165837685847806,0.0,0.0007760962359332,2.9119262304764306,0.0198425196850393,0.5623841437330671
"Zurich, Switzerland",CH,False,0.5.0,6.765661015232331e-05,0.0118273390739176,8.72981147795994e-07,0.0032280017197272,0.0350754147959156,0.9619323786528804,0.4467547422831421,1.0420108016626108,1.062961952862458,3.156443686604356e-05,0.0002120133483266,2.662139518035458e-05,0.000208797202526,0.0045292620865139,0.0260160353884434,0.6961839158842951,0.6663350212256998,1.8312899200677584,0.0045536407585468,0.5492035784420685,0.4646380820654679,3.2060723675253886,0.0700109051254089,0.191042300248825,38.97868558180133,130.7429050820647,0.034764907760921,0.5598691384950927,0.1656068565109206,2717.0,2925.0,29.59588282418946,31.86159634183076,9.231196127688497,4.439799739583197,0.9288888888888888,3.293784078516903,2.786286978158695,23.108156740349944,658.5448026572999,0.0785115668088101,0.9995921515698284,294.32805482818185,658.8134987085241,0.9806577978239588,0.972177506802026,0.9999997100520172,0.9986231534588836,0.8124162410892233,0.3521057277872981,0.488793450221579,0.3236227908676443,1.515324854581726,0.3824331696672122,0.1971227002351639,1.1477502579231014,539.0,3.0,7551.0,5039.0,4585.0,3617.0,3.5414481939035607,3.551347122078828,0.0379278259133896,0.0290696603731952,0.0005297311614355,0.0003969041476483,7.176358892444525,0.0327153762268266,0.643074371025712
"Örebro, Sweden",SE,False,0.5.0,0.0057831589426558,0.0103911103611501,0.0003108004538969,0.0008812075289189,0.4904022342913381,0.9997583496763144,0.6349110974471319,1.045752631781675,1.1390262081211977,0.000135393380628,6.773308932699495e-05,0.0001535687080606,7.513064772374434e-05,0.0197951565042595,0.0354394403148229,0.9401555661122684,0.4998073608246061,0.2000215790016204,0.0010119196831635,0.7534705600765916,0.423665791776028,0.7707248224226505,0.0016272614147602,0.2811543506777437,53.14970802088641,340.1207097218853,0.0246799999751813,0.7855843782904183,0.1025360734586794,8208.0,3287.0,5.0412684446724105,2.018841298445201,6.540944702969326,1.6630899992793144,2.4971098265895955,4.519957882645736,2.540883253170092,969.2513001786758,1976.0607041438536,0.7723951215582165,0.999807360824607,1254.864606373128,1976.441444193876,0.975188712051855,0.9465510147194108,0.999728058087642,0.9955845355358596,0.5761017106761159,0.370461329202403,0.4589301265061357,0.1171715841699802,1.1949509050796212,0.6421561587438365,0.1355135076014437,1.0762248378112234,251.0,2.0,23610.0,5811.0,10447.0,4574.0,3.505730446315757,3.53396306562592,0.0695527596696956,0.0445990232243872,0.0002541296060991,0.0032696609877817,1.2139098300873967,9.572125969177756e-05,0.6160909488412768
