place_id,place_key,country,geom_source,year,value,numerator,denominator,measure_type,source,sample_n,notes
Aachen,aachen,DE,modalshare,2016,10.4895105,,commuters (to work),commute_mode_share,modalshare,,ModalShare (Prieto-Curiel et al.); orig: Eurostat
Aarhus,aarhus,DK,modalshare,2004,28.125,,commuters (to work),commute_mode_share,modalshare,,ModalShare (Prieto-Curiel et al.); orig: Urban Audit
Aberdeen,aberdeen,UK,modalshare,2011,2.0584603,,commuters (to work),commute_mode_share,modalshare,,ModalShare (Prieto-Curiel et al.); orig: Eurostat
Accra,accra,GH,modalshare,2018,0.9901,,commuters (to work),commute_mode_share,modalshare,,ModalShare (Prieto-Curiel et al.); orig: Local Governments for Sustainability - ICLEI
Adelaide,adelaide,AU,modalshare,2016,1.0,,commuters (to work),commute_mode_share,modalshare,,ModalShare (Prieto-Curiel et al.); orig: ABS census data 2016 journey to work
Aguadilla-Isabela,aguadilla-isabela,US,modalshare,2019,0.213,,commuters (to work),commute_mode_share,modalshare,,ModalShare (Prieto-Curiel et al.); orig: US CENSUS DATA - Commuting
Agueda,agueda,PT,modalshare,2011,2.0,,commuters (to work),commute_mode_share,modalshare,,ModalShare (Prieto-Curiel et al.); orig: The European Platform on Mobility Management
Aix,aix,FR,modalshare,2009,1.0,,commuters (to work),commute_mode_share,modalshare,,ModalShare (Prieto-Curiel et al.); orig: The European Platform on Mobility Management
Akron,akron,US,modalshare,2019,0.11820000000000001,,commuters (to work),commute_mode_share,modalshare,,ModalShare (Prieto-Curiel et al.); orig: US CENSUS DATA - Commuting
Albany,albany,US,modalshare,2019,0.5740999999999999,,commuters (to work),commute_mode_share,modalshare,,ModalShare (Prieto-Curiel et al.); orig: US CENSUS DATA - Commuting
Albany,albany,US,modalshare,2019,0.24750000000000003,,commuters (to work),commute_mode_share,modalshare,,ModalShare (Prieto-Curiel et al.); orig: US CENSUS DATA - Commuting
Albuquerque,albuquerque,US,modalshare,2019,0.7362,,commuters (to work),commute_mode_share,modalshare,,ModalShare (Prieto-Curiel et al.); orig: US CENSUS DATA - Commuting
Ålesund,alesund,NO,modalshare,2014,3.0,,commuters (to work),commute_mode_share,modalshare,,ModalShare (Prieto-Curiel et al.); orig: The European Platform on Mobility Management
Alexandria,alexandria,US,modalshare,2019,0.43010000000000004,,commuters (to work),commute_mode_share,modalshare,,ModalShare (Prieto-Curiel et al.); orig: US CENSUS DATA - Commuting
Alicante,alicante,ES,modalshare,2008,0.3864447,,commuters (to work),commute_mode_share,modalshare,,ModalShare (Prieto-Curiel et al.); orig: Eurostat
Allentown,allentown,US,modalshare,2019,0.12,,commuters (to work),commute_mode_share,modalshare,,ModalShare (Prieto-Curiel et al.); orig: US CENSUS DATA - Commuting
Almada,almada,PT,modalshare,2017,1.0,,commuters (to work),commute_mode_share,modalshare,,ModalShare (Prieto-Curiel et al.); orig: Local Governments for Sustainability - ICLEI
Almere,almere,NL,modalshare,2020,22.0,,commuters (to work),commute_mode_share,modalshare,,ModalShare (Prieto-Curiel et al.); orig: MOBILITEITSVISIE ALMERE 2020-2030
Alta,alta,NO,modalshare,2014,5.0,,commuters (to work),commute_mode_share,modalshare,,ModalShare (Prieto-Curiel et al.); orig: The European Platform on Mobility Management
Amarillo,amarillo,US,modalshare,2019,0.22200000000000003,,commuters (to work),commute_mode_share,modalshare,,ModalShare (Prieto-Curiel et al.); orig: US CENSUS DATA - Commuting
Amersfoort,amersfoort,NL,modalshare,2008,33.001000000000005,,commuters (to work),commute_mode_share,modalshare,,ModalShare (Prieto-Curiel et al.); orig: Central Bureau of Statistics - The Netherlands
Ames,ames,US,modalshare,2019,1.2106999999999999,,commuters (to work),commute_mode_share,modalshare,,ModalShare (Prieto-Curiel et al.); orig: US CENSUS DATA - Commuting
Amiens,amiens,FR,modalshare,2020,5.6000000000000005,,commuters (to work),commute_mode_share,modalshare,,ModalShare (Prieto-Curiel et al.); orig: Eurostat
Amsterdam,amsterdam,NL,modalshare,2014,40.0,,commuters (to work),commute_mode_share,modalshare,,ModalShare (Prieto-Curiel et al.); orig: Urban Audit
Anchorage,anchorage,US,modalshare,2019,0.9101,,commuters (to work),commute_mode_share,modalshare,,ModalShare (Prieto-Curiel et al.); orig: US CENSUS DATA - Commuting
Ann Arbor,ann arbor,US,modalshare,2019,1.1364,,commuters (to work),commute_mode_share,modalshare,,ModalShare (Prieto-Curiel et al.); orig: US CENSUS DATA - Commuting
Annemasse,annemasse,FR,modalshare,2020,6.4,,commuters (to work),commute_mode_share,modalshare,,ModalShare (Prieto-Curiel et al.); orig: Eurostat
Antwerp,antwerp,BE,modalshare,2010,23.0,,commuters (to work),commute_mode_share,modalshare,,ModalShare (Prieto-Curiel et al.); orig: The European Platform on Mobility Management
Apeldoorn,apeldoorn,NL,modalshare,2008,28.000000000000004,,commuters (to work),commute_mode_share,modalshare,,ModalShare (Prieto-Curiel et al.); orig: Cycling Academics. Bringing science on cycling to practice and back
Appleton,appleton,US,modalshare,2019,1.0551,,commuters (to work),commute_mode_share,modalshare,,ModalShare (Prieto-Curiel et al.); orig: US CENSUS DATA - Commuting
Arnhem,arnhem,NL,modalshare,2016,26.087,,commuters (to work),commute_mode_share,modalshare,,ModalShare (Prieto-Curiel et al.); orig: The European Platform on Mobility Management
Asheville,asheville,US,modalshare,2019,0.11789999999999999,,commuters (to work),commute_mode_share,modalshare,,ModalShare (Prieto-Curiel et al.); orig: US CENSUS DATA - Commuting
Athens,athens,GR,modalshare,2006,2.0,,commuters (to work),commute_mode_share,modalshare,,ModalShare (Prieto-Curiel et al.); orig: The European Platform on Mobility Management
Athens,athens,US,modalshare,2019,1.3285,,commuters (to work),commute_mode_share,modalshare,,ModalShare (Prieto-Curiel et al.); orig: US CENSUS DATA - Commuting
Atlanta,atlanta,US,modalshare,2019,0.13190000000000002,,commuters (to work),commute_mode_share,modalshare,,ModalShare (Prieto-Curiel et al.); orig: US CENSUS DATA - Commuting
Atlantic City,atlantic city,US,modalshare,2019,0.6772,,commuters (to work),commute_mode_share,modalshare,,ModalShare (Prieto-Curiel et al.); orig: US CENSUS DATA - Commuting
Auckland,auckland,NZ,modalshare,2018,1.0101,,commuters (to work),commute_mode_share,modalshare,,ModalShare (Prieto-Curiel et al.); orig: NZ Census 2018
Augsburg,augsburg,DE,modalshare,2016,13.900000000000002,,commuters (to work),commute_mode_share,modalshare,,ModalShare (Prieto-Curiel et al.); orig: Eurostat
Augusta-Richmond County,augusta-richmond county,US,modalshare,2019,0.11069999999999999,,commuters (to work),commute_mode_share,modalshare,,ModalShare (Prieto-Curiel et al.); orig: US CENSUS DATA - Commuting
Austin,austin,US,modalshare,2019,0.5891000000000001,,commuters (to work),commute_mode_share,modalshare,,ModalShare (Prieto-Curiel et al.); orig: US CENSUS DATA - Commuting
Aveiro,aveiro,PT,modalshare,2011,2.8054483,,commuters (to work),commute_mode_share,modalshare,,ModalShare (Prieto-Curiel et al.); orig: Eurostat
Balchik,balchik,BG,modalshare,2013,8.9109,,commuters (to work),commute_mode_share,modalshare,,ModalShare (Prieto-Curiel et al.); orig: The European Platform on Mobility Management
Ballerup,ballerup,DK,modalshare,2006,17.8218,,commuters (to work),commute_mode_share,modalshare,,ModalShare (Prieto-Curiel et al.); orig: The European Platform on Mobility Management
Baltimore,baltimore,US,modalshare,2019,0.2571,,commuters (to work),commute_mode_share,modalshare,,ModalShare (Prieto-Curiel et al.); orig: US CENSUS DATA - Commuting
Bamberg,bamberg,DE,modalshare,2016,23.176823199999998,,commuters (to work),commute_mode_share,modalshare,,ModalShare (Prieto-Curiel et al.); orig: Eurostat
Bangor,bangor,US,modalshare,2019,0.4723,,commuters (to work),commute_mode_share,modalshare,,ModalShare (Prieto-Curiel et al.); orig: US CENSUS DATA - Commuting
Barcelona,barcelona,ES,modalshare,2018,2.2800000000000002,,commuters (to work),commute_mode_share,modalshare,,ModalShare (Prieto-Curiel et al.); orig: Urban Audit
Bari,bari,IT,modalshare,2011,1.6003201000000002,,commuters (to work),commute_mode_share,modalshare,,ModalShare (Prieto-Curiel et al.); orig: Eurostat
Barnstable Town,barnstable town,US,modalshare,2019,0.3667,,commuters (to work),commute_mode_share,modalshare,,ModalShare (Prieto-Curiel et al.); orig: US CENSUS DATA - Commuting
Basel,basel,CH,modalshare,2021,20.990000000000002,,commuters (to work),commute_mode_share,modalshare,,ModalShare (Prieto-Curiel et al.); orig: Eurostat
Baton Rouge,baton rouge,US,modalshare,2019,0.4357,,commuters (to work),commute_mode_share,modalshare,,ModalShare (Prieto-Curiel et al.); orig: US CENSUS DATA - Commuting
Bauska,bauska,LV,modalshare,2015,10.0,,commuters (to work),commute_mode_share,modalshare,,ModalShare (Prieto-Curiel et al.); orig: The European Platform on Mobility Management
Bayonne,bayonne,FR,modalshare,2020,2.8971028999999997,,commuters (to work),commute_mode_share,modalshare,,ModalShare (Prieto-Curiel et al.); orig: Eurostat
Beaujolais,beaujolais,FR,modalshare,2006,1.0,,commuters (to work),commute_mode_share,modalshare,,ModalShare (Prieto-Curiel et al.); orig: The European Platform on Mobility Management
Beaumont,beaumont,US,modalshare,2019,0.2075,,commuters (to work),commute_mode_share,modalshare,,ModalShare (Prieto-Curiel et al.); orig: US CENSUS DATA - Commuting
Bellingham,bellingham,US,modalshare,2019,1.4423,,commuters (to work),commute_mode_share,modalshare,,ModalShare (Prieto-Curiel et al.); orig: US CENSUS DATA - Commuting
Bend-Redmond,bend-redmond,US,modalshare,2019,1.2547000000000001,,commuters (to work),commute_mode_share,modalshare,,ModalShare (Prieto-Curiel et al.); orig: US CENSUS DATA - Commuting
Bergamo,bergamo,IT,modalshare,2011,4.5209041999999995,,commuters (to work),commute_mode_share,modalshare,,ModalShare (Prieto-Curiel et al.); orig: Eurostat
Bergen,bergen,NO,modalshare,2014,3.0,,commuters (to work),commute_mode_share,modalshare,,ModalShare (Prieto-Curiel et al.); orig: Change trends in the use of passenger cars on urban trips: car-pooling in Gdynia
Berlin,berlin,DE,modalshare,2016,12.7872128,,commuters (to work),commute_mode_share,modalshare,,ModalShare (Prieto-Curiel et al.); orig: Eurostat
Bern,bern,CH,modalshare,2021,13.059999999999999,,commuters (to work),commute_mode_share,modalshare,,ModalShare (Prieto-Curiel et al.); orig: Eurostat
Bernau bei Berlin,bernau bei berlin,DE,modalshare,2008,12.0,,commuters (to work),commute_mode_share,modalshare,,ModalShare (Prieto-Curiel et al.); orig: The European Platform on Mobility Management
Bernheze,bernheze,NL,modalshare,2015,27.0,,commuters (to work),commute_mode_share,modalshare,,ModalShare (Prieto-Curiel et al.); orig: The European Platform on Mobility Management
Besanzon,besanzon,FR,modalshare,2020,5.800000000000001,,commuters (to work),commute_mode_share,modalshare,,ModalShare (Prieto-Curiel et al.); orig: Eurostat
Bethune,bethune,FR,modalshare,2004,2.0,,commuters (to work),commute_mode_share,modalshare,,ModalShare (Prieto-Curiel et al.); orig: The European Platform on Mobility Management
Bielefeld,bielefeld,DE,modalshare,2016,6.9,,commuters (to work),commute_mode_share,modalshare,,ModalShare (Prieto-Curiel et al.); orig: Eurostat
Bilbao,bilbao,ES,modalshare,2018,2.0,,commuters (to work),commute_mode_share,modalshare,,ModalShare (Prieto-Curiel et al.); orig: ELTIS - The Urban Mobility Observatory
Billings,billings,US,modalshare,2019,0.1116,,commuters (to work),commute_mode_share,modalshare,,ModalShare (Prieto-Curiel et al.); orig: US CENSUS DATA - Commuting
Binghamton,binghamton,US,modalshare,2019,0.4561,,commuters (to work),commute_mode_share,modalshare,,ModalShare (Prieto-Curiel et al.); orig: US CENSUS DATA - Commuting
Birmingham,birmingham,UK,modalshare,2011,1.611279,,commuters (to work),commute_mode_share,modalshare,,ModalShare (Prieto-Curiel et al.); orig: Eurostat
Birmingham,birmingham,US,modalshare,2019,0.1157,,commuters (to work),commute_mode_share,modalshare,,ModalShare (Prieto-Curiel et al.); orig: US CENSUS DATA - Commuting
Bismarck,bismarck,US,modalshare,2019,0.33,,commuters (to work),commute_mode_share,modalshare,,ModalShare (Prieto-Curiel et al.); orig: US CENSUS DATA - Commuting
Blackburn with Darwen,blackburn with darwen,UK,modalshare,2011,1.0060362,,commuters (to work),commute_mode_share,modalshare,,ModalShare (Prieto-Curiel et al.); orig: Eurostat
Blacksburg,blacksburg,US,modalshare,2019,0.4624,,commuters (to work),commute_mode_share,modalshare,,ModalShare (Prieto-Curiel et al.); orig: US CENSUS DATA - Commuting
Bloomington,bloomington,US,modalshare,2019,0.9627,,commuters (to work),commute_mode_share,modalshare,,ModalShare (Prieto-Curiel et al.); orig: US CENSUS DATA - Commuting
Bloomington,bloomington,US,modalshare,2019,0.5215,,commuters (to work),commute_mode_share,modalshare,,ModalShare (Prieto-Curiel et al.); orig: US CENSUS DATA - Commuting
Bloomsburg,bloomsburg,US,modalshare,2019,0.1136,,commuters (to work),commute_mode_share,modalshare,,ModalShare (Prieto-Curiel et al.); orig: US CENSUS DATA - Commuting
Bochum,bochum,DE,modalshare,2016,2.5,,commuters (to work),commute_mode_share,modalshare,,ModalShare (Prieto-Curiel et al.); orig: Eurostat
Bodo,bodo,NO,modalshare,2014,7.000000000000001,,commuters (to work),commute_mode_share,modalshare,,ModalShare (Prieto-Curiel et al.); orig: The European Platform on Mobility Management
Bogota,bogota,CO,modalshare,2023,7.3015828,,commuters (to work),commute_mode_share,modalshare,,ModalShare (Prieto-Curiel et al.); orig: Encuesta de Movilidad Bogotá-Región
Boise City,boise city,US,modalshare,2019,1.4406,,commuters (to work),commute_mode_share,modalshare,,ModalShare (Prieto-Curiel et al.); orig: US CENSUS DATA - Commuting
Bologna,bologna,IT,modalshare,2016,5.0352,,commuters (to work),commute_mode_share,modalshare,,ModalShare (Prieto-Curiel et al.); orig: ELTIS - The Urban Mobility Observatory
Bolzano,bolzano,IT,modalshare,2011,22.256677,,commuters (to work),commute_mode_share,modalshare,,ModalShare (Prieto-Curiel et al.); orig: Eurostat
Bonn,bonn,DE,modalshare,2017,14.851500000000001,,commuters (to work),commute_mode_share,modalshare,,ModalShare (Prieto-Curiel et al.); orig: Urban Audit
Bordeaux,bordeaux,FR,modalshare,2020,9.6,,commuters (to work),commute_mode_share,modalshare,,ModalShare (Prieto-Curiel et al.); orig: Eurostat
Boston,boston,US,modalshare,2019,0.9589000000000001,,commuters (to work),commute_mode_share,modalshare,,ModalShare (Prieto-Curiel et al.); orig: US CENSUS DATA - Commuting
Boulder,boulder,US,modalshare,2019,4.2386,,commuters (to work),commute_mode_share,modalshare,,ModalShare (Prieto-Curiel et al.); orig: US CENSUS DATA - Commuting
Braga,braga,PT,modalshare,2021,0.34291479999999996,,commuters (to work),commute_mode_share,modalshare,,ModalShare (Prieto-Curiel et al.); orig: Portugal Census data
Bratislava,bratislava,SK,modalshare,2014,1.6226999999999998,,commuters (to work),commute_mode_share,modalshare,,ModalShare (Prieto-Curiel et al.); orig: Urban Audit
Braunschweig,braunschweig,DE,modalshare,2016,19.3806194,,commuters (to work),commute_mode_share,modalshare,,ModalShare (Prieto-Curiel et al.); orig: Eurostat
Breclav,breclav,CZ,modalshare,2001,26.0,,commuters (to work),commute_mode_share,modalshare,,ModalShare (Prieto-Curiel et al.); orig: The European Platform on Mobility Management
Breda,breda,NL,modalshare,2013,27.0,,commuters (to work),commute_mode_share,modalshare,,ModalShare (Prieto-Curiel et al.); orig: The European Platform on Mobility Management
Bregenz,bregenz,AT,modalshare,2014,20.0,,commuters (to work),commute_mode_share,modalshare,,ModalShare (Prieto-Curiel et al.); orig: The European Platform on Mobility Management
Bremen,bremen,DE,modalshare,2018,24.752499999999998,,commuters (to work),commute_mode_share,modalshare,,ModalShare (Prieto-Curiel et al.); orig: Urban Audit
Bremerton,bremerton,US,modalshare,2019,1.107,,commuters (to work),commute_mode_share,modalshare,,ModalShare (Prieto-Curiel et al.); orig: US CENSUS DATA - Commuting
Brescia,brescia,IT,modalshare,2011,4.6209242,,commuters (to work),commute_mode_share,modalshare,,ModalShare (Prieto-Curiel et al.); orig: Eurostat
Brest,brest,FR,modalshare,2020,3.5999999999999996,,commuters (to work),commute_mode_share,modalshare,,ModalShare (Prieto-Curiel et al.); orig: Eurostat
Bridgeport,bridgeport,US,modalshare,2019,0.1307,,commuters (to work),commute_mode_share,modalshare,,ModalShare (Prieto-Curiel et al.); orig: US CENSUS DATA - Commuting
Brisbane,brisbane,AU,modalshare,2016,1.0,,commuters (to work),commute_mode_share,modalshare,,ModalShare (Prieto-Curiel et al.); orig: ABS census data 2016 journey to work
Bristol,bristol,UK,modalshare,2013,14.000000000000002,,commuters (to work),commute_mode_share,modalshare,,ModalShare (Prieto-Curiel et al.); orig: The European Platform on Mobility Management
Brno,brno,CZ,modalshare,2014,2.0,,commuters (to work),commute_mode_share,modalshare,,ModalShare (Prieto-Curiel et al.); orig: The European Platform on Mobility Management
Brugge,brugge,BE,modalshare,2011,25.1937194,,commuters (to work),commute_mode_share,modalshare,,ModalShare (Prieto-Curiel et al.); orig: Eurostat
Brussels,brussels,BE,modalshare,2024,8.6,,commuters (to work),commute_mode_share,modalshare,,ModalShare (Prieto-Curiel et al.); orig: Brussel Mobiliteit
Bucharest,bucharest,RO,modalshare,2015,2.0,,commuters (to work),commute_mode_share,modalshare,,"ModalShare (Prieto-Curiel et al.); orig: Past, Present and Future Mobility challenges and opportunities in Bucharest"
Budapest,budapest,HU,modalshare,2014,2.0,,commuters (to work),commute_mode_share,modalshare,,ModalShare (Prieto-Curiel et al.); orig: The European Platform on Mobility Management
Buenos Aires,buenos aires,AR,modalshare,2023,4.8,,commuters (to work),commute_mode_share,modalshare,,ModalShare (Prieto-Curiel et al.); orig: Informes de movilidad - Buenos Aires
Buffalo,buffalo,US,modalshare,2019,0.3505,,commuters (to work),commute_mode_share,modalshare,,ModalShare (Prieto-Curiel et al.); orig: US CENSUS DATA - Commuting
Burgas,burgas,BG,modalshare,2016,3.0,,commuters (to work),commute_mode_share,modalshare,,ModalShare (Prieto-Curiel et al.); orig: Local Governments for Sustainability - ICLEI
Burgos,burgos,ES,modalshare,2010,4.0,,commuters (to work),commute_mode_share,modalshare,,ModalShare (Prieto-Curiel et al.); orig: The European Platform on Mobility Management
Burlington,burlington,US,modalshare,2019,1.1858,,commuters (to work),commute_mode_share,modalshare,,ModalShare (Prieto-Curiel et al.); orig: US CENSUS DATA - Commuting
Cagliari,cagliari,IT,modalshare,2011,0.34006800000000004,,commuters (to work),commute_mode_share,modalshare,,ModalShare (Prieto-Curiel et al.); orig: Eurostat
Calgary,calgary,CA,modalshare,2016,1.5,,commuters (to work),commute_mode_share,modalshare,,ModalShare (Prieto-Curiel et al.); orig: Census Profile Canada
California,california,US,modalshare,2019,0.5044,,commuters (to work),commute_mode_share,modalshare,,ModalShare (Prieto-Curiel et al.); orig: US CENSUS DATA - Commuting
Canberra,canberra,AU,modalshare,2016,2.9703,,commuters (to work),commute_mode_share,modalshare,,ModalShare (Prieto-Curiel et al.); orig: ABS census data 2016 journey to work
Canton-Massillon,canton-massillon,US,modalshare,2019,0.1144,,commuters (to work),commute_mode_share,modalshare,,ModalShare (Prieto-Curiel et al.); orig: US CENSUS DATA - Commuting
Cape Coral,cape coral,US,modalshare,2019,0.4723,,commuters (to work),commute_mode_share,modalshare,,ModalShare (Prieto-Curiel et al.); orig: US CENSUS DATA - Commuting
Catania,catania,IT,modalshare,2011,0.32006399999999996,,commuters (to work),commute_mode_share,modalshare,,ModalShare (Prieto-Curiel et al.); orig: Eurostat
Chambersburg,chambersburg,US,modalshare,2019,0.6629999999999999,,commuters (to work),commute_mode_share,modalshare,,ModalShare (Prieto-Curiel et al.); orig: US CENSUS DATA - Commuting
Chambery,chambery,FR,modalshare,2006,2.0,,commuters (to work),commute_mode_share,modalshare,,ModalShare (Prieto-Curiel et al.); orig: The European Platform on Mobility Management
Champaign-Urbana,champaign-urbana,US,modalshare,2019,0.7273,,commuters (to work),commute_mode_share,modalshare,,ModalShare (Prieto-Curiel et al.); orig: US CENSUS DATA - Commuting
Changwon,changwon,KO,modalshare,2012,9.5602,,commuters (to work),commute_mode_share,modalshare,,ModalShare (Prieto-Curiel et al.); orig: Local Governments for Sustainability - ICLEI
Charleroi,charleroi,BE,modalshare,2008,0.5979669,,commuters (to work),commute_mode_share,modalshare,,ModalShare (Prieto-Curiel et al.); orig: Eurostat
Charleston,charleston,US,modalshare,2019,0.1111,,commuters (to work),commute_mode_share,modalshare,,ModalShare (Prieto-Curiel et al.); orig: US CENSUS DATA - Commuting
Charleston,charleston,US,modalshare,2019,0.9547,,commuters (to work),commute_mode_share,modalshare,,ModalShare (Prieto-Curiel et al.); orig: US CENSUS DATA - Commuting
Charlotte,charlotte,US,modalshare,2019,0.1335,,commuters (to work),commute_mode_share,modalshare,,ModalShare (Prieto-Curiel et al.); orig: US CENSUS DATA - Commuting
Charlottesville,charlottesville,US,modalshare,2019,0.9079,,commuters (to work),commute_mode_share,modalshare,,ModalShare (Prieto-Curiel et al.); orig: US CENSUS DATA - Commuting
Chattanooga,chattanooga,US,modalshare,2019,0.11670000000000001,,commuters (to work),commute_mode_share,modalshare,,ModalShare (Prieto-Curiel et al.); orig: US CENSUS DATA - Commuting
Chemnitz,chemnitz,DE,modalshare,2016,5.800000000000001,,commuters (to work),commute_mode_share,modalshare,,ModalShare (Prieto-Curiel et al.); orig: Eurostat
Chennai,chennai,IN,modalshare,2018,9.0,,commuters (to work),commute_mode_share,modalshare,,ModalShare (Prieto-Curiel et al.); orig: Local Governments for Sustainability - ICLEI
Chicago,chicago,US,modalshare,2019,0.7643,,commuters (to work),commute_mode_share,modalshare,,ModalShare (Prieto-Curiel et al.); orig: US CENSUS DATA - Commuting
Chico,chico,US,modalshare,2019,1.3746,,commuters (to work),commute_mode_share,modalshare,,ModalShare (Prieto-Curiel et al.); orig: US CENSUS DATA - Commuting
Christchurch,christchurch,NZ,modalshare,2018,6.0606,,commuters (to work),commute_mode_share,modalshare,,ModalShare (Prieto-Curiel et al.); orig: NZ Census 2018
Cincinnati,cincinnati,US,modalshare,2019,0.24130000000000001,,commuters (to work),commute_mode_share,modalshare,,ModalShare (Prieto-Curiel et al.); orig: US CENSUS DATA - Commuting
Clarksville,clarksville,US,modalshare,2019,0.6508,,commuters (to work),commute_mode_share,modalshare,,ModalShare (Prieto-Curiel et al.); orig: US CENSUS DATA - Commuting
Clermont-Ferrand,clermont-ferrand,FR,modalshare,2020,4.1000000000000005,,commuters (to work),commute_mode_share,modalshare,,ModalShare (Prieto-Curiel et al.); orig: Eurostat
Cleveland,cleveland,US,modalshare,2019,0.2395,,commuters (to work),commute_mode_share,modalshare,,ModalShare (Prieto-Curiel et al.); orig: US CENSUS DATA - Commuting
Cleveland,cleveland,US,modalshare,2019,0.2395,,commuters (to work),commute_mode_share,modalshare,,ModalShare (Prieto-Curiel et al.); orig: US CENSUS DATA - Commuting
Coeur d'Alene,coeur d'alene,US,modalshare,2019,0.46299999999999997,,commuters (to work),commute_mode_share,modalshare,,ModalShare (Prieto-Curiel et al.); orig: US CENSUS DATA - Commuting
Coimbra,coimbra,PT,modalshare,2011,0.2024906,,commuters (to work),commute_mode_share,modalshare,,ModalShare (Prieto-Curiel et al.); orig: Eurostat
College Station-Bryan,college station-bryan,US,modalshare,2019,1.0181,,commuters (to work),commute_mode_share,modalshare,,ModalShare (Prieto-Curiel et al.); orig: US CENSUS DATA - Commuting
Cologne,cologne,DE,modalshare,2017,19.0,,commuters (to work),commute_mode_share,modalshare,,ModalShare (Prieto-Curiel et al.); orig: Urban Audit
Colorado Springs,colorado springs,US,modalshare,2019,0.2439,,commuters (to work),commute_mode_share,modalshare,,ModalShare (Prieto-Curiel et al.); orig: US CENSUS DATA - Commuting
Columbia,columbia,US,modalshare,2019,0.3297,,commuters (to work),commute_mode_share,modalshare,,ModalShare (Prieto-Curiel et al.); orig: US CENSUS DATA - Commuting
Columbia,columbia,US,modalshare,2019,0.1124,,commuters (to work),commute_mode_share,modalshare,,ModalShare (Prieto-Curiel et al.); orig: US CENSUS DATA - Commuting
Columbus,columbus,US,modalshare,2019,0.3901,,commuters (to work),commute_mode_share,modalshare,,ModalShare (Prieto-Curiel et al.); orig: US CENSUS DATA - Commuting
Copenhagen,copenhagen,DK,modalshare,2014,30.0,,commuters (to work),commute_mode_share,modalshare,,ModalShare (Prieto-Curiel et al.); orig: The European Platform on Mobility Management
Cordoba,cordoba,ES,modalshare,2010,2.0,,commuters (to work),commute_mode_share,modalshare,,ModalShare (Prieto-Curiel et al.); orig: The European Platform on Mobility Management
Cork,cork,IE,modalshare,2011,3.0208333,,commuters (to work),commute_mode_share,modalshare,,ModalShare (Prieto-Curiel et al.); orig: Eurostat
Corpus Christi,corpus christi,US,modalshare,2019,0.21250000000000002,,commuters (to work),commute_mode_share,modalshare,,ModalShare (Prieto-Curiel et al.); orig: US CENSUS DATA - Commuting
Corvallis,corvallis,US,modalshare,2019,3.1724,,commuters (to work),commute_mode_share,modalshare,,ModalShare (Prieto-Curiel et al.); orig: US CENSUS DATA - Commuting
Coswig/Radebeul,coswig/radebeul,DE,modalshare,2008,22.0,,commuters (to work),commute_mode_share,modalshare,,ModalShare (Prieto-Curiel et al.); orig: The European Platform on Mobility Management
Cottbus,cottbus,DE,modalshare,2016,24.4,,commuters (to work),commute_mode_share,modalshare,,ModalShare (Prieto-Curiel et al.); orig: Eurostat
Crestview,crestview,US,modalshare,2019,0.45510000000000006,,commuters (to work),commute_mode_share,modalshare,,ModalShare (Prieto-Curiel et al.); orig: US CENSUS DATA - Commuting
Cumberland,cumberland,US,modalshare,2019,0.1101,,commuters (to work),commute_mode_share,modalshare,,ModalShare (Prieto-Curiel et al.); orig: US CENSUS DATA - Commuting
Curitiba,curitiba,BR,modalshare,2016,5.0,,commuters (to work),commute_mode_share,modalshare,,ModalShare (Prieto-Curiel et al.); orig: Local Governments for Sustainability - ICLEI
Daejeon,daejeon,KO,modalshare,2012,2.0,,commuters (to work),commute_mode_share,modalshare,,ModalShare (Prieto-Curiel et al.); orig: Korea National Transportation DB Report 2013
Dallas,dallas,US,modalshare,2019,0.1261,,commuters (to work),commute_mode_share,modalshare,,ModalShare (Prieto-Curiel et al.); orig: US CENSUS DATA - Commuting
Darmstadt,darmstadt,DE,modalshare,2016,19.519519499999998,,commuters (to work),commute_mode_share,modalshare,,ModalShare (Prieto-Curiel et al.); orig: Eurostat
Daugavpils,daugavpils,LV,modalshare,2015,5.0,,commuters (to work),commute_mode_share,modalshare,,ModalShare (Prieto-Curiel et al.); orig: The European Platform on Mobility Management
Davenport,davenport,US,modalshare,2019,0.1112,,commuters (to work),commute_mode_share,modalshare,,ModalShare (Prieto-Curiel et al.); orig: US CENSUS DATA - Commuting
Dayton,dayton,US,modalshare,2019,0.2326,,commuters (to work),commute_mode_share,modalshare,,ModalShare (Prieto-Curiel et al.); orig: US CENSUS DATA - Commuting
Decatur,decatur,US,modalshare,2019,0.5525,,commuters (to work),commute_mode_share,modalshare,,ModalShare (Prieto-Curiel et al.); orig: US CENSUS DATA - Commuting
Decatur,decatur,US,modalshare,2019,0.5525,,commuters (to work),commute_mode_share,modalshare,,ModalShare (Prieto-Curiel et al.); orig: US CENSUS DATA - Commuting
Delhi,delhi,IN,modalshare,2011,12.0,,commuters (to work),commute_mode_share,modalshare,,ModalShare (Prieto-Curiel et al.); orig: Census of India 2011
Deltona,deltona,US,modalshare,2019,0.5959,,commuters (to work),commute_mode_share,modalshare,,ModalShare (Prieto-Curiel et al.); orig: US CENSUS DATA - Commuting
Denver,denver,US,modalshare,2019,0.8286999999999999,,commuters (to work),commute_mode_share,modalshare,,ModalShare (Prieto-Curiel et al.); orig: US CENSUS DATA - Commuting
Des Moines,des moines,US,modalshare,2019,0.37929999999999997,,commuters (to work),commute_mode_share,modalshare,,ModalShare (Prieto-Curiel et al.); orig: US CENSUS DATA - Commuting
Dessau-Rosslau,dessau-rosslau,DE,modalshare,2008,22.0,,commuters (to work),commute_mode_share,modalshare,,ModalShare (Prieto-Curiel et al.); orig: The European Platform on Mobility Management
Detroit,detroit,US,modalshare,2019,0.2497,,commuters (to work),commute_mode_share,modalshare,,ModalShare (Prieto-Curiel et al.); orig: US CENSUS DATA - Commuting
Dhaka,dhaka,BD,modalshare,2009,39.0,,commuters (to work),commute_mode_share,modalshare,,ModalShare (Prieto-Curiel et al.); orig: Dhaka mobility study
Dippoldiswalde,dippoldiswalde,DE,modalshare,2008,3.0,,commuters (to work),commute_mode_share,modalshare,,ModalShare (Prieto-Curiel et al.); orig: The European Platform on Mobility Management
Dortmund,dortmund,DE,modalshare,2019,10.0,,commuters (to work),commute_mode_share,modalshare,,ModalShare (Prieto-Curiel et al.); orig: Urban Audit
Dothan,dothan,US,modalshare,2019,0.1055,,commuters (to work),commute_mode_share,modalshare,,ModalShare (Prieto-Curiel et al.); orig: US CENSUS DATA - Commuting
Dover,dover,US,modalshare,2019,0.1091,,commuters (to work),commute_mode_share,modalshare,,ModalShare (Prieto-Curiel et al.); orig: US CENSUS DATA - Commuting
Drammen,drammen,NO,modalshare,2005,4.0,,commuters (to work),commute_mode_share,modalshare,,ModalShare (Prieto-Curiel et al.); orig: The European Platform on Mobility Management
Dresden,dresden,DE,modalshare,2018,18.0,,commuters (to work),commute_mode_share,modalshare,,ModalShare (Prieto-Curiel et al.); orig: Urban Audit
Dublin,dublin,IE,modalshare,2020,7.0707,,commuters (to work),commute_mode_share,modalshare,,ModalShare (Prieto-Curiel et al.); orig: Urban Audit
Duisburg,duisburg,DE,modalshare,2016,5.8941059,,commuters (to work),commute_mode_share,modalshare,,ModalShare (Prieto-Curiel et al.); orig: Eurostat
Duluth,duluth,US,modalshare,2019,0.3464,,commuters (to work),commute_mode_share,modalshare,,ModalShare (Prieto-Curiel et al.); orig: US CENSUS DATA - Commuting
Dundee,dundee,UK,modalshare,2001,1.0,,commuters (to work),commute_mode_share,modalshare,,ModalShare (Prieto-Curiel et al.); orig: The European Platform on Mobility Management
Dunkerque,dunkerque,FR,modalshare,2020,3.4000000000000004,,commuters (to work),commute_mode_share,modalshare,,ModalShare (Prieto-Curiel et al.); orig: Eurostat
Durham,durham,US,modalshare,2019,0.8547000000000001,,commuters (to work),commute_mode_share,modalshare,,ModalShare (Prieto-Curiel et al.); orig: US CENSUS DATA - Commuting
Dusseldorf,dusseldorf,DE,modalshare,2018,16.0,,commuters (to work),commute_mode_share,modalshare,,ModalShare (Prieto-Curiel et al.); orig: Mobilitätsbefragung: Verkehrswende nimmt Fahrt auf
Eau Claire,eau claire,US,modalshare,2019,0.5760000000000001,,commuters (to work),commute_mode_share,modalshare,,ModalShare (Prieto-Curiel et al.); orig: US CENSUS DATA - Commuting
Eberswalde,eberswalde,DE,modalshare,2008,13.0,,commuters (to work),commute_mode_share,modalshare,,ModalShare (Prieto-Curiel et al.); orig: The European Platform on Mobility Management
Edinburgh,edinburgh,UK,modalshare,2019,4.9505,,commuters (to work),commute_mode_share,modalshare,,ModalShare (Prieto-Curiel et al.); orig: Edinburgh City Mobility Plan-2030
Edmonton,edmonton,CA,modalshare,2016,1.0,,commuters (to work),commute_mode_share,modalshare,,ModalShare (Prieto-Curiel et al.); orig: Census Profile Canada
Eichwalde/Zeuthen,eichwalde/zeuthen,DE,modalshare,2008,18.0,,commuters (to work),commute_mode_share,modalshare,,ModalShare (Prieto-Curiel et al.); orig: The European Platform on Mobility Management
Eindhoven,eindhoven,NL,modalshare,2014,40.0,,commuters (to work),commute_mode_share,modalshare,,ModalShare (Prieto-Curiel et al.); orig: The European Platform on Mobility Management
El Paso,el paso,US,modalshare,2019,0.2225,,commuters (to work),commute_mode_share,modalshare,,ModalShare (Prieto-Curiel et al.); orig: US CENSUS DATA - Commuting
Elbeuf,elbeuf,FR,modalshare,2007,1.0,,commuters (to work),commute_mode_share,modalshare,,ModalShare (Prieto-Curiel et al.); orig: The European Platform on Mobility Management
Elizabethtown-Fort Knox,elizabethtown-fort knox,US,modalshare,2019,0.1106,,commuters (to work),commute_mode_share,modalshare,,ModalShare (Prieto-Curiel et al.); orig: US CENSUS DATA - Commuting
Elkhart-Goshen,elkhart-goshen,US,modalshare,2019,1.4957,,commuters (to work),commute_mode_share,modalshare,,ModalShare (Prieto-Curiel et al.); orig: US CENSUS DATA - Commuting
Elverum,elverum,NO,modalshare,2014,7.000000000000001,,commuters (to work),commute_mode_share,modalshare,,ModalShare (Prieto-Curiel et al.); orig: The European Platform on Mobility Management
Emden,emden,DE,modalshare,2007,30.0,,commuters (to work),commute_mode_share,modalshare,,ModalShare (Prieto-Curiel et al.); orig: The European Platform on Mobility Management
Enschede,enschede,NL,modalshare,2008,26.0,,commuters (to work),commute_mode_share,modalshare,,ModalShare (Prieto-Curiel et al.); orig: Global BRT data
Erd,erd,HU,modalshare,2012,3.0,,commuters (to work),commute_mode_share,modalshare,,ModalShare (Prieto-Curiel et al.); orig: The European Platform on Mobility Management
Erfurt,erfurt,DE,modalshare,2016,11.200000000000001,,commuters (to work),commute_mode_share,modalshare,,ModalShare (Prieto-Curiel et al.); orig: Eurostat
Erie,erie,US,modalshare,2019,0.2281,,commuters (to work),commute_mode_share,modalshare,,ModalShare (Prieto-Curiel et al.); orig: US CENSUS DATA - Commuting
Erlangen,erlangen,DE,modalshare,2016,29.2,,commuters (to work),commute_mode_share,modalshare,,ModalShare (Prieto-Curiel et al.); orig: Eurostat
Eskilstuna,eskilstuna,SE,modalshare,2010,13.0,,commuters (to work),commute_mode_share,modalshare,,ModalShare (Prieto-Curiel et al.); orig: The European Platform on Mobility Management
Espoo,espoo,FI,modalshare,2018,10.0,,commuters (to work),commute_mode_share,modalshare,,ModalShare (Prieto-Curiel et al.); orig: Eurostat
Essen,essen,DE,modalshare,2019,7.000000000000001,,commuters (to work),commute_mode_share,modalshare,,ModalShare (Prieto-Curiel et al.); orig: Haushaltsbefragung zum Mobilitätsverhalten in Essen 2019
Eugene,eugene,US,modalshare,2019,1.5738999999999999,,commuters (to work),commute_mode_share,modalshare,,ModalShare (Prieto-Curiel et al.); orig: US CENSUS DATA - Commuting
Evansville,evansville,US,modalshare,2019,0.33149999999999996,,commuters (to work),commute_mode_share,modalshare,,ModalShare (Prieto-Curiel et al.); orig: US CENSUS DATA - Commuting
Fairbanks,fairbanks,US,modalshare,2019,1.6321999999999999,,commuters (to work),commute_mode_share,modalshare,,ModalShare (Prieto-Curiel et al.); orig: US CENSUS DATA - Commuting
Falkensee/Dallgow/Wustermark,falkensee/dallgow/wustermark,DE,modalshare,2008,14.000000000000002,,commuters (to work),commute_mode_share,modalshare,,ModalShare (Prieto-Curiel et al.); orig: The European Platform on Mobility Management
Fargo,fargo,US,modalshare,2019,0.4619,,commuters (to work),commute_mode_share,modalshare,,ModalShare (Prieto-Curiel et al.); orig: US CENSUS DATA - Commuting
Faro,faro,PT,modalshare,2011,0.9901,,commuters (to work),commute_mode_share,modalshare,,ModalShare (Prieto-Curiel et al.); orig: The European Platform on Mobility Management
Fayetteville,fayetteville,US,modalshare,2019,0.1091,,commuters (to work),commute_mode_share,modalshare,,ModalShare (Prieto-Curiel et al.); orig: US CENSUS DATA - Commuting
Fayetteville,fayetteville,US,modalshare,2019,0.1205,,commuters (to work),commute_mode_share,modalshare,,ModalShare (Prieto-Curiel et al.); orig: US CENSUS DATA - Commuting
Feldkirch,feldkirch,AT,modalshare,2003,11.0,,commuters (to work),commute_mode_share,modalshare,,ModalShare (Prieto-Curiel et al.); orig: The European Platform on Mobility Management
Ferrara,ferrara,IT,modalshare,2011,30.0,,commuters (to work),commute_mode_share,modalshare,,ModalShare (Prieto-Curiel et al.); orig: CODATU
Flagstaff,flagstaff,US,modalshare,2019,1.3049,,commuters (to work),commute_mode_share,modalshare,,ModalShare (Prieto-Curiel et al.); orig: US CENSUS DATA - Commuting
Florence,florence,IT,modalshare,2011,6.261252300000001,,commuters (to work),commute_mode_share,modalshare,,ModalShare (Prieto-Curiel et al.); orig: Eurostat
Foggia,foggia,IT,modalshare,2011,1.9403881,,commuters (to work),commute_mode_share,modalshare,,ModalShare (Prieto-Curiel et al.); orig: Eurostat
Fort Collins,fort collins,US,modalshare,2019,2.7668000000000004,,commuters (to work),commute_mode_share,modalshare,,ModalShare (Prieto-Curiel et al.); orig: US CENSUS DATA - Commuting
Fort Smith,fort smith,US,modalshare,2019,0.31679999999999997,,commuters (to work),commute_mode_share,modalshare,,ModalShare (Prieto-Curiel et al.); orig: US CENSUS DATA - Commuting
Fort Wayne,fort wayne,US,modalshare,2019,0.44149999999999995,,commuters (to work),commute_mode_share,modalshare,,ModalShare (Prieto-Curiel et al.); orig: US CENSUS DATA - Commuting
Frankfurt,frankfurt,DE,modalshare,2016,11.3,,commuters (to work),commute_mode_share,modalshare,,ModalShare (Prieto-Curiel et al.); orig: Eurostat
Fredrikstad,fredrikstad,NO,modalshare,2014,5.0,,commuters (to work),commute_mode_share,modalshare,,ModalShare (Prieto-Curiel et al.); orig: The European Platform on Mobility Management
Freiburg,freiburg,DE,modalshare,2016,34.0,,commuters (to work),commute_mode_share,modalshare,,ModalShare (Prieto-Curiel et al.); orig: Local Governments for Sustainability - ICLEI
Freiburg im Breisgau,freiburg im breisgau,DE,modalshare,2017,34.0,,commuters (to work),commute_mode_share,modalshare,,ModalShare (Prieto-Curiel et al.); orig: Urban Audit
Freital/Tharandt,freital/tharandt,DE,modalshare,2008,4.0,,commuters (to work),commute_mode_share,modalshare,,ModalShare (Prieto-Curiel et al.); orig: The European Platform on Mobility Management
Fresno,fresno,US,modalshare,2019,0.6764,,commuters (to work),commute_mode_share,modalshare,,ModalShare (Prieto-Curiel et al.); orig: US CENSUS DATA - Commuting
Funchal,funchal,PT,modalshare,2011,0.0205297,,commuters (to work),commute_mode_share,modalshare,,ModalShare (Prieto-Curiel et al.); orig: Eurostat
Furth,furth,DE,modalshare,2018,10.0,,commuters (to work),commute_mode_share,modalshare,,ModalShare (Prieto-Curiel et al.); orig: Grundsatzbeschluss zur Förderung des Radverkehrs in der Stadt Fürth
Gainesville,gainesville,US,modalshare,2019,1.7483,,commuters (to work),commute_mode_share,modalshare,,ModalShare (Prieto-Curiel et al.); orig: US CENSUS DATA - Commuting
Galway,galway,IE,modalshare,2011,5.2029136,,commuters (to work),commute_mode_share,modalshare,,ModalShare (Prieto-Curiel et al.); orig: Eurostat
Gdansk,gdansk,PL,modalshare,2016,5.8999999999999995,,commuters (to work),commute_mode_share,modalshare,,ModalShare (Prieto-Curiel et al.); orig: Urban Audit
Genk,genk,BE,modalshare,2000,10.0,,commuters (to work),commute_mode_share,modalshare,,ModalShare (Prieto-Curiel et al.); orig: The European Platform on Mobility Management
Genova,genova,IT,modalshare,2011,0.310093,,commuters (to work),commute_mode_share,modalshare,,ModalShare (Prieto-Curiel et al.); orig: Eurostat
Gera,gera,DE,modalshare,2016,4.9,,commuters (to work),commute_mode_share,modalshare,,ModalShare (Prieto-Curiel et al.); orig: Eurostat
Gettysburg,gettysburg,US,modalshare,2019,0.11449999999999999,,commuters (to work),commute_mode_share,modalshare,,ModalShare (Prieto-Curiel et al.); orig: US CENSUS DATA - Commuting
Ghent,ghent,BE,modalshare,2018,32.6733,,commuters (to work),commute_mode_share,modalshare,,ModalShare (Prieto-Curiel et al.); orig: Urban Audit
Gijon,gijon,ES,modalshare,2008,0.4975124,,commuters (to work),commute_mode_share,modalshare,,ModalShare (Prieto-Curiel et al.); orig: Eurostat
Gjovik,gjovik,NO,modalshare,2014,2.0,,commuters (to work),commute_mode_share,modalshare,,ModalShare (Prieto-Curiel et al.); orig: The European Platform on Mobility Management
Gladsaxe,gladsaxe,DK,modalshare,2009,23.0,,commuters (to work),commute_mode_share,modalshare,,ModalShare (Prieto-Curiel et al.); orig: The European Platform on Mobility Management
Gothenburg,gothenburg,SE,modalshare,2014,7.0707,,commuters (to work),commute_mode_share,modalshare,,ModalShare (Prieto-Curiel et al.); orig: The European Platform on Mobility Management
Gottingen,gottingen,DE,modalshare,2016,26.200000000000003,,commuters (to work),commute_mode_share,modalshare,,ModalShare (Prieto-Curiel et al.); orig: Eurostat
Grand Forks,grand forks,US,modalshare,2019,0.3236,,commuters (to work),commute_mode_share,modalshare,,ModalShare (Prieto-Curiel et al.); orig: US CENSUS DATA - Commuting
Grand Island,grand island,US,modalshare,2019,0.8439,,commuters (to work),commute_mode_share,modalshare,,ModalShare (Prieto-Curiel et al.); orig: US CENSUS DATA - Commuting
Grand Junction,grand junction,US,modalshare,2019,0.7101,,commuters (to work),commute_mode_share,modalshare,,ModalShare (Prieto-Curiel et al.); orig: US CENSUS DATA - Commuting
Grand Rapids,grand rapids,US,modalshare,2019,0.58,,commuters (to work),commute_mode_share,modalshare,,ModalShare (Prieto-Curiel et al.); orig: US CENSUS DATA - Commuting
Graz,graz,AT,modalshare,2018,19.0,,commuters (to work),commute_mode_share,modalshare,,ModalShare (Prieto-Curiel et al.); orig: Urban Audit
Great Falls,great falls,US,modalshare,2019,0.6486,,commuters (to work),commute_mode_share,modalshare,,ModalShare (Prieto-Curiel et al.); orig: US CENSUS DATA - Commuting
Manchester,manchester,UK,modalshare,2011,2.0,,commuters (to work),commute_mode_share,modalshare,,ModalShare (Prieto-Curiel et al.); orig: The European Platform on Mobility Management
Greeley,greeley,US,modalshare,2019,0.23779999999999998,,commuters (to work),commute_mode_share,modalshare,,ModalShare (Prieto-Curiel et al.); orig: US CENSUS DATA - Commuting
Green Bay,green bay,US,modalshare,2019,0.11670000000000001,,commuters (to work),commute_mode_share,modalshare,,ModalShare (Prieto-Curiel et al.); orig: US CENSUS DATA - Commuting
Greensboro,greensboro,US,modalshare,2019,0.117,,commuters (to work),commute_mode_share,modalshare,,ModalShare (Prieto-Curiel et al.); orig: US CENSUS DATA - Commuting
Greenville-Anderson-Mauldin,greenville-anderson-mauldin,US,modalshare,2019,0.1144,,commuters (to work),commute_mode_share,modalshare,,ModalShare (Prieto-Curiel et al.); orig: US CENSUS DATA - Commuting
Greifswald,greifswald,DE,modalshare,2016,38.1763527,,commuters (to work),commute_mode_share,modalshare,,ModalShare (Prieto-Curiel et al.); orig: Eurostat
Grenoble,grenoble,FR,modalshare,2020,13.513513499999998,,commuters (to work),commute_mode_share,modalshare,,ModalShare (Prieto-Curiel et al.); orig: Eurostat
Greve,greve,DK,modalshare,2006,14.851500000000001,,commuters (to work),commute_mode_share,modalshare,,ModalShare (Prieto-Curiel et al.); orig: The European Platform on Mobility Management
Groningen,groningen,NL,modalshare,2008,31.0,,commuters (to work),commute_mode_share,modalshare,,ModalShare (Prieto-Curiel et al.); orig: Cerema
Grossenhain,grossenhain,DE,modalshare,2008,21.0,,commuters (to work),commute_mode_share,modalshare,,ModalShare (Prieto-Curiel et al.); orig: The European Platform on Mobility Management
Guadalajara,guadalajara,ME,modalshare,2007,2.0,,commuters (to work),commute_mode_share,modalshare,,ModalShare (Prieto-Curiel et al.); orig: Local Governments for Sustainability - ICLEI
Gulfport-Biloxi-Pascagoula,gulfport-biloxi-pascagoula,US,modalshare,2019,0.1095,,commuters (to work),commute_mode_share,modalshare,,ModalShare (Prieto-Curiel et al.); orig: US CENSUS DATA - Commuting
Gyor,gyor,HU,modalshare,2001,7.000000000000001,,commuters (to work),commute_mode_share,modalshare,,ModalShare (Prieto-Curiel et al.); orig: The European Platform on Mobility Management
Hagerstown,hagerstown,US,modalshare,2019,0.4561,,commuters (to work),commute_mode_share,modalshare,,ModalShare (Prieto-Curiel et al.); orig: US CENSUS DATA - Commuting
Halifax,halifax,CA,modalshare,2016,1.0101,,commuters (to work),commute_mode_share,modalshare,,ModalShare (Prieto-Curiel et al.); orig: Census Profile Canada
Halle Saale,halle saale,DE,modalshare,2008,14.000000000000002,,commuters (to work),commute_mode_share,modalshare,,ModalShare (Prieto-Curiel et al.); orig: The European Platform on Mobility Management
Hamar,hamar,NO,modalshare,2014,8.0,,commuters (to work),commute_mode_share,modalshare,,ModalShare (Prieto-Curiel et al.); orig: The European Platform on Mobility Management
Hamburg,hamburg,DE,modalshare,2017,15.0,,commuters (to work),commute_mode_share,modalshare,,ModalShare (Prieto-Curiel et al.); orig: The European Platform on Mobility Management
Hamilton,hamilton,CA,modalshare,2016,1.0101,,commuters (to work),commute_mode_share,modalshare,,ModalShare (Prieto-Curiel et al.); orig: Census Profile Canada
Hamm,hamm,DE,modalshare,2016,10.8891109,,commuters (to work),commute_mode_share,modalshare,,ModalShare (Prieto-Curiel et al.); orig: Eurostat
Hannover,hannover,DE,modalshare,2017,15.8416,,commuters (to work),commute_mode_share,modalshare,,ModalShare (Prieto-Curiel et al.); orig: Mobilität in Deutschland 2017
Harrisburg-Carlisle,harrisburg-carlisle,US,modalshare,2019,0.3741,,commuters (to work),commute_mode_share,modalshare,,ModalShare (Prieto-Curiel et al.); orig: US CENSUS DATA - Commuting
Harrisonburg,harrisonburg,US,modalshare,2019,0.7692,,commuters (to work),commute_mode_share,modalshare,,ModalShare (Prieto-Curiel et al.); orig: US CENSUS DATA - Commuting
Harstad,harstad,NO,modalshare,2014,3.0,,commuters (to work),commute_mode_share,modalshare,,ModalShare (Prieto-Curiel et al.); orig: The European Platform on Mobility Management
Hartford,hartford,US,modalshare,2019,0.1255,,commuters (to work),commute_mode_share,modalshare,,ModalShare (Prieto-Curiel et al.); orig: US CENSUS DATA - Commuting
Haskovo,haskovo,BG,modalshare,2013,5.0,,commuters (to work),commute_mode_share,modalshare,,ModalShare (Prieto-Curiel et al.); orig: The European Platform on Mobility Management
Hasselt,hasselt,BE,modalshare,2000,11.0,,commuters (to work),commute_mode_share,modalshare,,ModalShare (Prieto-Curiel et al.); orig: ELTIS - The Urban Mobility Observatory
Heidelberg,heidelberg,DE,modalshare,2016,25.2,,commuters (to work),commute_mode_share,modalshare,,ModalShare (Prieto-Curiel et al.); orig: Eurostat
Heidenau,heidenau,DE,modalshare,2008,11.0,,commuters (to work),commute_mode_share,modalshare,,ModalShare (Prieto-Curiel et al.); orig: The European Platform on Mobility Management
Heilbronn,heilbronn,DE,modalshare,2016,5.8941059,,commuters (to work),commute_mode_share,modalshare,,ModalShare (Prieto-Curiel et al.); orig: Eurostat
Helsingor Elsinore,helsingor elsinore,DK,modalshare,2006,14.7059,,commuters (to work),commute_mode_share,modalshare,,ModalShare (Prieto-Curiel et al.); orig: The European Platform on Mobility Management
Helsinki,helsinki,FI,modalshare,2018,14.000000000000002,,commuters (to work),commute_mode_share,modalshare,,ModalShare (Prieto-Curiel et al.); orig: Eurostat
Herford,herford,DE,modalshare,2011,12.0,,commuters (to work),commute_mode_share,modalshare,,ModalShare (Prieto-Curiel et al.); orig: The European Platform on Mobility Management
Hickory-Lenoir-Morganton,hickory-lenoir-morganton,US,modalshare,2019,0.43150000000000005,,commuters (to work),commute_mode_share,modalshare,,ModalShare (Prieto-Curiel et al.); orig: US CENSUS DATA - Commuting
Hildesheim,hildesheim,DE,modalshare,2016,16.400000000000002,,commuters (to work),commute_mode_share,modalshare,,ModalShare (Prieto-Curiel et al.); orig: Eurostat
Hilton Head Island-Bluffton-Beaufort,hilton head island-bluffton-beaufort,US,modalshare,2019,1.0333,,commuters (to work),commute_mode_share,modalshare,,ModalShare (Prieto-Curiel et al.); orig: US CENSUS DATA - Commuting
Hoeje Taastrup,hoeje taastrup,DK,modalshare,2006,14.851500000000001,,commuters (to work),commute_mode_share,modalshare,,ModalShare (Prieto-Curiel et al.); orig: The European Platform on Mobility Management
Hong Kong,hong kong,HK,modalshare,2011,0.49750000000000005,,commuters (to work),commute_mode_share,modalshare,,ModalShare (Prieto-Curiel et al.); orig: 2011 Transport characteristics Survey
Houston,houston,US,modalshare,2019,0.35500000000000004,,commuters (to work),commute_mode_share,modalshare,,ModalShare (Prieto-Curiel et al.); orig: US CENSUS DATA - Commuting
Houten,houten,NL,modalshare,2008,44.0,,commuters (to work),commute_mode_share,modalshare,,ModalShare (Prieto-Curiel et al.); orig: The European Platform on Mobility Management
Hradec Kralove,hradec kralove,CZ,modalshare,2013,16.831699999999998,,commuters (to work),commute_mode_share,modalshare,,ModalShare (Prieto-Curiel et al.); orig: The European Platform on Mobility Management
Huntington,huntington,US,modalshare,2019,0.3275,,commuters (to work),commute_mode_share,modalshare,,ModalShare (Prieto-Curiel et al.); orig: US CENSUS DATA - Commuting
Huntsville,huntsville,US,modalshare,2019,0.122,,commuters (to work),commute_mode_share,modalshare,,ModalShare (Prieto-Curiel et al.); orig: US CENSUS DATA - Commuting
Hyvinkaa,hyvinkaa,FI,modalshare,2007,14.000000000000002,,commuters (to work),commute_mode_share,modalshare,,ModalShare (Prieto-Curiel et al.); orig: The European Platform on Mobility Management
Idaho Falls,idaho falls,US,modalshare,2019,0.1111,,commuters (to work),commute_mode_share,modalshare,,ModalShare (Prieto-Curiel et al.); orig: US CENSUS DATA - Commuting
Indianapolis,indianapolis,US,modalshare,2019,0.3645,,commuters (to work),commute_mode_share,modalshare,,ModalShare (Prieto-Curiel et al.); orig: US CENSUS DATA - Commuting
Innsbruck,innsbruck,AT,modalshare,2011,22.2222,,commuters (to work),commute_mode_share,modalshare,,ModalShare (Prieto-Curiel et al.); orig: The Potential of cycling for Sustainable Mobility in Metropolitan Regions 
Iowa City,iowa city,US,modalshare,2019,2.0833,,commuters (to work),commute_mode_share,modalshare,,ModalShare (Prieto-Curiel et al.); orig: US CENSUS DATA - Commuting
Ipswich,ipswich,UK,modalshare,2011,4.9049000000000005,,commuters (to work),commute_mode_share,modalshare,,ModalShare (Prieto-Curiel et al.); orig: Background to the Transport Evidence informing the Ipswich Local Plan
Istres,istres,FR,modalshare,2009,1.0,,commuters (to work),commute_mode_share,modalshare,,ModalShare (Prieto-Curiel et al.); orig: The European Platform on Mobility Management
Ithaca,ithaca,US,modalshare,2019,4.7865,,commuters (to work),commute_mode_share,modalshare,,ModalShare (Prieto-Curiel et al.); orig: US CENSUS DATA - Commuting
Jackson,jackson,US,modalshare,2019,0.1091,,commuters (to work),commute_mode_share,modalshare,,ModalShare (Prieto-Curiel et al.); orig: US CENSUS DATA - Commuting
Jacksonville,jacksonville,US,modalshare,2019,0.2302,,commuters (to work),commute_mode_share,modalshare,,ModalShare (Prieto-Curiel et al.); orig: US CENSUS DATA - Commuting
Jacksonville,jacksonville,US,modalshare,2019,0.3659,,commuters (to work),commute_mode_share,modalshare,,ModalShare (Prieto-Curiel et al.); orig: US CENSUS DATA - Commuting
Janesville-Beloit,janesville-beloit,US,modalshare,2019,0.43620000000000003,,commuters (to work),commute_mode_share,modalshare,,ModalShare (Prieto-Curiel et al.); orig: US CENSUS DATA - Commuting
Jefferson City,jefferson city,US,modalshare,2019,0.1111,,commuters (to work),commute_mode_share,modalshare,,ModalShare (Prieto-Curiel et al.); orig: US CENSUS DATA - Commuting
Jena,jena,DE,modalshare,2016,16.1,,commuters (to work),commute_mode_share,modalshare,,ModalShare (Prieto-Curiel et al.); orig: Eurostat
Jihlava,jihlava,CZ,modalshare,2013,7.000000000000001,,commuters (to work),commute_mode_share,modalshare,,ModalShare (Prieto-Curiel et al.); orig: The European Platform on Mobility Management
Joplin,joplin,US,modalshare,2019,0.1112,,commuters (to work),commute_mode_share,modalshare,,ModalShare (Prieto-Curiel et al.); orig: US CENSUS DATA - Commuting
Jyvaskyla,jyvaskyla,FI,modalshare,2009,13.0,,commuters (to work),commute_mode_share,modalshare,,ModalShare (Prieto-Curiel et al.); orig: Regional Travel Survey of Jyväskylä 2009
Kahului,kahului,US,modalshare,2019,0.5435,,commuters (to work),commute_mode_share,modalshare,,ModalShare (Prieto-Curiel et al.); orig: US CENSUS DATA - Commuting
Kaiserslautern,kaiserslautern,DE,modalshare,2016,4.0,,commuters (to work),commute_mode_share,modalshare,,ModalShare (Prieto-Curiel et al.); orig: Eurostat
Kalamazoo-Portage,kalamazoo-portage,US,modalshare,2019,0.2339,,commuters (to work),commute_mode_share,modalshare,,ModalShare (Prieto-Curiel et al.); orig: US CENSUS DATA - Commuting
Kamenz,kamenz,DE,modalshare,2008,9.0,,commuters (to work),commute_mode_share,modalshare,,ModalShare (Prieto-Curiel et al.); orig: The European Platform on Mobility Management
Kankakee,kankakee,US,modalshare,2019,0.3185,,commuters (to work),commute_mode_share,modalshare,,ModalShare (Prieto-Curiel et al.); orig: US CENSUS DATA - Commuting
Kansas City,kansas city,US,modalshare,2019,0.2497,,commuters (to work),commute_mode_share,modalshare,,ModalShare (Prieto-Curiel et al.); orig: US CENSUS DATA - Commuting
Kaohsiung,kaohsiung,TW,modalshare,2011,4.9505,,commuters (to work),commute_mode_share,modalshare,,ModalShare (Prieto-Curiel et al.); orig: Local Governments for Sustainability - ICLEI
Karditsa,karditsa,GR,modalshare,2014,35.0,,commuters (to work),commute_mode_share,modalshare,,ModalShare (Prieto-Curiel et al.); orig: The European Platform on Mobility Management
Kardjali,kardjali,BG,modalshare,2013,3.0,,commuters (to work),commute_mode_share,modalshare,,ModalShare (Prieto-Curiel et al.); orig: The European Platform on Mobility Management
Karlovy Vary,karlovy vary,CZ,modalshare,2001,2.0,,commuters (to work),commute_mode_share,modalshare,,ModalShare (Prieto-Curiel et al.); orig: The European Platform on Mobility Management
Karlsruhe,karlsruhe,DE,modalshare,2016,21.8,,commuters (to work),commute_mode_share,modalshare,,ModalShare (Prieto-Curiel et al.); orig: Eurostat
Kassel,kassel,DE,modalshare,2016,8.7,,commuters (to work),commute_mode_share,modalshare,,ModalShare (Prieto-Curiel et al.); orig: Eurostat
Kaunas,kaunas,LT,modalshare,2011,2.0,,commuters (to work),commute_mode_share,modalshare,,ModalShare (Prieto-Curiel et al.); orig: The European Platform on Mobility Management
Kavarna,kavarna,BG,modalshare,2013,10.0,,commuters (to work),commute_mode_share,modalshare,,ModalShare (Prieto-Curiel et al.); orig: The European Platform on Mobility Management
Kennewick-Richland,kennewick-richland,US,modalshare,2019,0.22499999999999998,,commuters (to work),commute_mode_share,modalshare,,ModalShare (Prieto-Curiel et al.); orig: US CENSUS DATA - Commuting
Kiel,kiel,DE,modalshare,2016,21.9,,commuters (to work),commute_mode_share,modalshare,,ModalShare (Prieto-Curiel et al.); orig: Eurostat
Kingston,kingston,US,modalshare,2019,0.6296999999999999,,commuters (to work),commute_mode_share,modalshare,,ModalShare (Prieto-Curiel et al.); orig: US CENSUS DATA - Commuting
Koblenz,koblenz,DE,modalshare,2016,9.5904096,,commuters (to work),commute_mode_share,modalshare,,ModalShare (Prieto-Curiel et al.); orig: Eurostat
Kochi,kochi,IN,modalshare,2016,3.0,,commuters (to work),commute_mode_share,modalshare,,ModalShare (Prieto-Curiel et al.); orig: Local Governments for Sustainability - ICLEI
Konstanz,konstanz,DE,modalshare,2018,30.0,,commuters (to work),commute_mode_share,modalshare,,ModalShare (Prieto-Curiel et al.); orig: Offene Daten Konstanz
Kortrijk,kortrijk,BE,modalshare,2011,16.188419200000002,,commuters (to work),commute_mode_share,modalshare,,ModalShare (Prieto-Curiel et al.); orig: Eurostat
Kotka,kotka,FI,modalshare,1991,20.0,,commuters (to work),commute_mode_share,modalshare,,ModalShare (Prieto-Curiel et al.); orig: The European Platform on Mobility Management
Krakow,krakow,PL,modalshare,2013,1.2047999999999999,,commuters (to work),commute_mode_share,modalshare,,ModalShare (Prieto-Curiel et al.); orig: Urban Audit
Kranj,kranj,SI,modalshare,2010,8.0,,commuters (to work),commute_mode_share,modalshare,,ModalShare (Prieto-Curiel et al.); orig: The European Platform on Mobility Management
Krefeld,krefeld,DE,modalshare,2016,12.0879121,,commuters (to work),commute_mode_share,modalshare,,ModalShare (Prieto-Curiel et al.); orig: Eurostat
Kristiansand,kristiansand,NO,modalshare,2014,10.0,,commuters (to work),commute_mode_share,modalshare,,ModalShare (Prieto-Curiel et al.); orig: The European Platform on Mobility Management
Kuala Lumpur,kuala lumpur,MY,modalshare,2019,0.9719,,commuters (to work),commute_mode_share,modalshare,,ModalShare (Prieto-Curiel et al.); orig: Realities of Modal Choice in Kuala Lumpur: Transport Planning for the Disadvantaged
La Crosse-Onalaska,la crosse-onalaska,US,modalshare,2019,0.7874000000000001,,commuters (to work),commute_mode_share,modalshare,,ModalShare (Prieto-Curiel et al.); orig: US CENSUS DATA - Commuting
Los Angeles,los angeles,US,modalshare,2019,0.6353,,commuters (to work),commute_mode_share,modalshare,,ModalShare (Prieto-Curiel et al.); orig: US CENSUS DATA - Commuting
Lafayette,lafayette,US,modalshare,2019,0.2186,,commuters (to work),commute_mode_share,modalshare,,ModalShare (Prieto-Curiel et al.); orig: US CENSUS DATA - Commuting
Lafayette,lafayette,US,modalshare,2019,0.5721,,commuters (to work),commute_mode_share,modalshare,,ModalShare (Prieto-Curiel et al.); orig: US CENSUS DATA - Commuting
Lagos,lagos,NG,modalshare,2015,2.0,,commuters (to work),commute_mode_share,modalshare,,ModalShare (Prieto-Curiel et al.); orig: Local Governments for Sustainability - ICLEI
Lake Charles,lake charles,US,modalshare,2019,0.8307,,commuters (to work),commute_mode_share,modalshare,,ModalShare (Prieto-Curiel et al.); orig: US CENSUS DATA - Commuting
Lake Havasu City,lake havasu city,US,modalshare,2019,0.31779999999999997,,commuters (to work),commute_mode_share,modalshare,,ModalShare (Prieto-Curiel et al.); orig: US CENSUS DATA - Commuting
Lakeland,lakeland,US,modalshare,2019,0.3432,,commuters (to work),commute_mode_share,modalshare,,ModalShare (Prieto-Curiel et al.); orig: US CENSUS DATA - Commuting
Lancaster,lancaster,US,modalshare,2019,0.927,,commuters (to work),commute_mode_share,modalshare,,ModalShare (Prieto-Curiel et al.); orig: US CENSUS DATA - Commuting
Lansing,lansing,US,modalshare,2019,0.7491,,commuters (to work),commute_mode_share,modalshare,,ModalShare (Prieto-Curiel et al.); orig: US CENSUS DATA - Commuting
Laredo,laredo,US,modalshare,2019,0.106,,commuters (to work),commute_mode_share,modalshare,,ModalShare (Prieto-Curiel et al.); orig: US CENSUS DATA - Commuting
Las Cruces,las cruces,US,modalshare,2019,0.5587,,commuters (to work),commute_mode_share,modalshare,,ModalShare (Prieto-Curiel et al.); orig: US CENSUS DATA - Commuting
Las Palmas,las palmas,ES,modalshare,2008,0.21803769999999997,,commuters (to work),commute_mode_share,modalshare,,ModalShare (Prieto-Curiel et al.); orig: Eurostat
Las Vegas,las vegas,US,modalshare,2019,0.23070000000000002,,commuters (to work),commute_mode_share,modalshare,,ModalShare (Prieto-Curiel et al.); orig: US CENSUS DATA - Commuting
Lausanne,lausanne,CH,modalshare,2021,3.880388,,commuters (to work),commute_mode_share,modalshare,,ModalShare (Prieto-Curiel et al.); orig: Eurostat
Lawrence,lawrence,US,modalshare,2019,1.6548,,commuters (to work),commute_mode_share,modalshare,,ModalShare (Prieto-Curiel et al.); orig: US CENSUS DATA - Commuting
Lawton,lawton,US,modalshare,2019,0.9112,,commuters (to work),commute_mode_share,modalshare,,ModalShare (Prieto-Curiel et al.); orig: US CENSUS DATA - Commuting
Le Havre,le havre,FR,modalshare,2020,3.0,,commuters (to work),commute_mode_share,modalshare,,ModalShare (Prieto-Curiel et al.); orig: Eurostat
Le Mans,le mans,FR,modalshare,2020,5.800000000000001,,commuters (to work),commute_mode_share,modalshare,,ModalShare (Prieto-Curiel et al.); orig: Eurostat
Leeds,leeds,UK,modalshare,2013,1.0,,commuters (to work),commute_mode_share,modalshare,,ModalShare (Prieto-Curiel et al.); orig: The European Platform on Mobility Management
Leganes,leganes,ES,modalshare,2004,1.0,,commuters (to work),commute_mode_share,modalshare,,ModalShare (Prieto-Curiel et al.); orig: The European Platform on Mobility Management
Leicester,leicester,UK,modalshare,2011,3.8229376000000004,,commuters (to work),commute_mode_share,modalshare,,ModalShare (Prieto-Curiel et al.); orig: Eurostat
Leipzig,leipzig,DE,modalshare,2016,16.400000000000002,,commuters (to work),commute_mode_share,modalshare,,ModalShare (Prieto-Curiel et al.); orig: Eurostat
Lemgo,lemgo,DE,modalshare,2011,17.0,,commuters (to work),commute_mode_share,modalshare,,ModalShare (Prieto-Curiel et al.); orig: The European Platform on Mobility Management
Lens,lens,FR,modalshare,2020,1.4014014,,commuters (to work),commute_mode_share,modalshare,,ModalShare (Prieto-Curiel et al.); orig: Eurostat
Leoben,leoben,AT,modalshare,2011,15.0,,commuters (to work),commute_mode_share,modalshare,,ModalShare (Prieto-Curiel et al.); orig: The European Platform on Mobility Management
Leon,leon,ES,modalshare,2009,1.0,,commuters (to work),commute_mode_share,modalshare,,ModalShare (Prieto-Curiel et al.); orig: The European Platform on Mobility Management
Leuven,leuven,BE,modalshare,2011,15.784029799999999,,commuters (to work),commute_mode_share,modalshare,,ModalShare (Prieto-Curiel et al.); orig: Eurostat
Lexington,lexington,US,modalshare,2019,0.58,,commuters (to work),commute_mode_share,modalshare,,ModalShare (Prieto-Curiel et al.); orig: US CENSUS DATA - Commuting
Leziria do Tejo,leziria do tejo,PT,modalshare,2011,1.0,,commuters (to work),commute_mode_share,modalshare,,ModalShare (Prieto-Curiel et al.); orig: The European Platform on Mobility Management
Liege,liege,BE,modalshare,2011,1.1631498,,commuters (to work),commute_mode_share,modalshare,,ModalShare (Prieto-Curiel et al.); orig: Eurostat
Lille,lille,FR,modalshare,2020,4.3,,commuters (to work),commute_mode_share,modalshare,,ModalShare (Prieto-Curiel et al.); orig: Eurostat
Lillehammer,lillehammer,NO,modalshare,2014,4.0,,commuters (to work),commute_mode_share,modalshare,,ModalShare (Prieto-Curiel et al.); orig: The European Platform on Mobility Management
Lima,lima,US,modalshare,2019,0.21189999999999998,,commuters (to work),commute_mode_share,modalshare,,ModalShare (Prieto-Curiel et al.); orig: US CENSUS DATA - Commuting
Limerick,limerick,IE,modalshare,2011,2.9227557,,commuters (to work),commute_mode_share,modalshare,,ModalShare (Prieto-Curiel et al.); orig: Eurostat
Limoges,limoges,FR,modalshare,2020,1.8981019,,commuters (to work),commute_mode_share,modalshare,,ModalShare (Prieto-Curiel et al.); orig: Eurostat
Lincoln,lincoln,US,modalshare,2019,0.9249,,commuters (to work),commute_mode_share,modalshare,,ModalShare (Prieto-Curiel et al.); orig: US CENSUS DATA - Commuting
Linkoping,linkoping,SE,modalshare,2008,20.0,,commuters (to work),commute_mode_share,modalshare,,ModalShare (Prieto-Curiel et al.); orig: The European Platform on Mobility Management
Linz,linz,AT,modalshare,2012,7.199999999999999,,commuters (to work),commute_mode_share,modalshare,,ModalShare (Prieto-Curiel et al.); orig: Ergebnis der Verkehrserhebung 2012
Lisbon,lisbon,PT,modalshare,2012,1.0,,commuters (to work),commute_mode_share,modalshare,,ModalShare (Prieto-Curiel et al.); orig: Deloitte City Mobility Index
Little Rock,little rock,US,modalshare,2019,0.1126,,commuters (to work),commute_mode_share,modalshare,,ModalShare (Prieto-Curiel et al.); orig: US CENSUS DATA - Commuting
Liverpool,liverpool,UK,modalshare,2017,1.8756,,commuters (to work),commute_mode_share,modalshare,,ModalShare (Prieto-Curiel et al.); orig: Liverpool City Region Household Travel Survey
Ljubljana,ljubljana,SI,modalshare,2003,10.0,,commuters (to work),commute_mode_share,modalshare,,ModalShare (Prieto-Curiel et al.); orig: The European Platform on Mobility Management
Ljutomer,ljutomer,SI,modalshare,2008,9.0,,commuters (to work),commute_mode_share,modalshare,,ModalShare (Prieto-Curiel et al.); orig: The European Platform on Mobility Management
Logan,logan,US,modalshare,2019,1.5205,,commuters (to work),commute_mode_share,modalshare,,ModalShare (Prieto-Curiel et al.); orig: US CENSUS DATA - Commuting
London,london,UK,modalshare,2020,2.5,,commuters (to work),commute_mode_share,modalshare,,ModalShare (Prieto-Curiel et al.); orig: Urban Audit
Longview,longview,US,modalshare,2019,0.21459999999999999,,commuters (to work),commute_mode_share,modalshare,,ModalShare (Prieto-Curiel et al.); orig: US CENSUS DATA - Commuting
Lorient,lorient,FR,modalshare,2020,5.8999999999999995,,commuters (to work),commute_mode_share,modalshare,,ModalShare (Prieto-Curiel et al.); orig: Eurostat
Louisville,louisville,US,modalshare,2019,0.11820000000000001,,commuters (to work),commute_mode_share,modalshare,,ModalShare (Prieto-Curiel et al.); orig: US CENSUS DATA - Commuting
Lubbock,lubbock,US,modalshare,2019,0.3226,,commuters (to work),commute_mode_share,modalshare,,ModalShare (Prieto-Curiel et al.); orig: US CENSUS DATA - Commuting
Lubeck,lubeck,DE,modalshare,2016,22.7772228,,commuters (to work),commute_mode_share,modalshare,,ModalShare (Prieto-Curiel et al.); orig: Eurostat
Ludwigsburg,ludwigsburg,DE,modalshare,2016,3.9,,commuters (to work),commute_mode_share,modalshare,,ModalShare (Prieto-Curiel et al.); orig: Eurostat
Ludwigsfelde,ludwigsfelde,DE,modalshare,2008,23.0,,commuters (to work),commute_mode_share,modalshare,,ModalShare (Prieto-Curiel et al.); orig: The European Platform on Mobility Management
Lund,lund,SE,modalshare,2007,26.0,,commuters (to work),commute_mode_share,modalshare,,ModalShare (Prieto-Curiel et al.); orig: The European Platform on Mobility Management
Lviv,lviv,UA,modalshare,2006,1.0,,commuters (to work),commute_mode_share,modalshare,,ModalShare (Prieto-Curiel et al.); orig: The European Platform on Mobility Management
Lyon,lyon,FR,modalshare,2020,6.7,,commuters (to work),commute_mode_share,modalshare,,ModalShare (Prieto-Curiel et al.); orig: Eurostat
Madison,madison,US,modalshare,2019,1.8088,,commuters (to work),commute_mode_share,modalshare,,ModalShare (Prieto-Curiel et al.); orig: US CENSUS DATA - Commuting
Madrid,madrid,ES,modalshare,2018,0.5025,,commuters (to work),commute_mode_share,modalshare,,ModalShare (Prieto-Curiel et al.); orig: Urban Audit
Magdeburg,magdeburg,DE,modalshare,2016,11.5,,commuters (to work),commute_mode_share,modalshare,,ModalShare (Prieto-Curiel et al.); orig: Eurostat
Mainz,mainz,DE,modalshare,2016,8.708708699999999,,commuters (to work),commute_mode_share,modalshare,,ModalShare (Prieto-Curiel et al.); orig: Eurostat
Malaga,malaga,ES,modalshare,2008,0.3098451,,commuters (to work),commute_mode_share,modalshare,,ModalShare (Prieto-Curiel et al.); orig: Eurostat
Malmo,malmo,SE,modalshare,2013,22.0,,commuters (to work),commute_mode_share,modalshare,,ModalShare (Prieto-Curiel et al.); orig: The European Platform on Mobility Management
Manchester-Nashua,manchester-nashua,US,modalshare,2019,0.12940000000000002,,commuters (to work),commute_mode_share,modalshare,,ModalShare (Prieto-Curiel et al.); orig: US CENSUS DATA - Commuting
Manhattan,manhattan,US,modalshare,2019,0.3413,,commuters (to work),commute_mode_share,modalshare,,ModalShare (Prieto-Curiel et al.); orig: US CENSUS DATA - Commuting
Manila,manila,PH,modalshare,2019,2.0,,commuters (to work),commute_mode_share,modalshare,,ModalShare (Prieto-Curiel et al.); orig: Passenger Transport Mode Shares in World Cities
Manizales,manizales,CO,modalshare,2017,1.0029,,commuters (to work),commute_mode_share,modalshare,,ModalShare (Prieto-Curiel et al.); orig: Mobility survey Manizales 2017
Mankato-North Mankato,mankato-north mankato,US,modalshare,2019,0.34359999999999996,,commuters (to work),commute_mode_share,modalshare,,ModalShare (Prieto-Curiel et al.); orig: US CENSUS DATA - Commuting
Mannheim,mannheim,DE,modalshare,2016,12.0,,commuters (to work),commute_mode_share,modalshare,,ModalShare (Prieto-Curiel et al.); orig: Eurostat
Mansfield,mansfield,US,modalshare,2019,0.10759999999999999,,commuters (to work),commute_mode_share,modalshare,,ModalShare (Prieto-Curiel et al.); orig: US CENSUS DATA - Commuting
Marseille,marseille,FR,modalshare,2020,2.002002,,commuters (to work),commute_mode_share,modalshare,,ModalShare (Prieto-Curiel et al.); orig: Eurostat
Maubeuge,maubeuge,FR,modalshare,2004,1.0,,commuters (to work),commute_mode_share,modalshare,,ModalShare (Prieto-Curiel et al.); orig: The European Platform on Mobility Management
Medellin,medellin,CO,modalshare,2017,1.0416999999999998,,commuters (to work),commute_mode_share,modalshare,,ModalShare (Prieto-Curiel et al.); orig: Mobility survey AMVA 2017
Medford,medford,US,modalshare,2019,0.6023999999999999,,commuters (to work),commute_mode_share,modalshare,,ModalShare (Prieto-Curiel et al.); orig: US CENSUS DATA - Commuting
Medio Tejo,medio tejo,PT,modalshare,2011,0.9901,,commuters (to work),commute_mode_share,modalshare,,ModalShare (Prieto-Curiel et al.); orig: The European Platform on Mobility Management
Meissen,meissen,DE,modalshare,2008,9.0,,commuters (to work),commute_mode_share,modalshare,,ModalShare (Prieto-Curiel et al.); orig: The European Platform on Mobility Management
Melbourne,melbourne,AU,modalshare,2016,1.9802,,commuters (to work),commute_mode_share,modalshare,,ModalShare (Prieto-Curiel et al.); orig: ABS census data 2016 journey to work
Merced,merced,US,modalshare,2019,0.2167,,commuters (to work),commute_mode_share,modalshare,,ModalShare (Prieto-Curiel et al.); orig: US CENSUS DATA - Commuting
Messina,messina,IT,modalshare,2011,0.420084,,commuters (to work),commute_mode_share,modalshare,,ModalShare (Prieto-Curiel et al.); orig: Eurostat
Metropole Savoie,metropole savoie,FR,modalshare,2006,2.0,,commuters (to work),commute_mode_share,modalshare,,ModalShare (Prieto-Curiel et al.); orig: The European Platform on Mobility Management
Mexico City,mexico city,ME,modalshare,2017,1.0,,commuters (to work),commute_mode_share,modalshare,,ModalShare (Prieto-Curiel et al.); orig: Mobility survey Valle de Mexico
Miami,miami,US,modalshare,2019,0.47679999999999995,,commuters (to work),commute_mode_share,modalshare,,ModalShare (Prieto-Curiel et al.); orig: US CENSUS DATA - Commuting
Midland,midland,US,modalshare,2019,0.2451,,commuters (to work),commute_mode_share,modalshare,,ModalShare (Prieto-Curiel et al.); orig: US CENSUS DATA - Commuting
Milan,milan,IT,modalshare,2014,10.2041,,commuters (to work),commute_mode_share,modalshare,,ModalShare (Prieto-Curiel et al.); orig: Urban Audit
Milwaukee,milwaukee,US,modalshare,2019,0.3654,,commuters (to work),commute_mode_share,modalshare,,ModalShare (Prieto-Curiel et al.); orig: US CENSUS DATA - Commuting
Minneapolis,minneapolis,US,modalshare,2019,0.5413,,commuters (to work),commute_mode_share,modalshare,,ModalShare (Prieto-Curiel et al.); orig: US CENSUS DATA - Commuting
Minsk,minsk,BY,modalshare,2016,1.0309000000000001,,commuters (to work),commute_mode_share,modalshare,,ModalShare (Prieto-Curiel et al.); orig: Mobility Minsk
Missoula,missoula,US,modalshare,2019,4.8134999999999994,,commuters (to work),commute_mode_share,modalshare,,ModalShare (Prieto-Curiel et al.); orig: US CENSUS DATA - Commuting
Mobile,mobile,US,modalshare,2019,0.10809999999999999,,commuters (to work),commute_mode_share,modalshare,,ModalShare (Prieto-Curiel et al.); orig: US CENSUS DATA - Commuting
Modesto,modesto,US,modalshare,2019,0.3286,,commuters (to work),commute_mode_share,modalshare,,ModalShare (Prieto-Curiel et al.); orig: US CENSUS DATA - Commuting
Moenchengladbach,moenchengladbach,DE,modalshare,2005,7.000000000000001,,commuters (to work),commute_mode_share,modalshare,,ModalShare (Prieto-Curiel et al.); orig: The European Platform on Mobility Management
Molde,molde,NO,modalshare,2014,4.0,,commuters (to work),commute_mode_share,modalshare,,ModalShare (Prieto-Curiel et al.); orig: The European Platform on Mobility Management
Monopoli,monopoli,IT,modalshare,2013,7.000000000000001,,commuters (to work),commute_mode_share,modalshare,,ModalShare (Prieto-Curiel et al.); orig: The European Platform on Mobility Management
Monroe,monroe,US,modalshare,2019,0.2188,,commuters (to work),commute_mode_share,modalshare,,ModalShare (Prieto-Curiel et al.); orig: US CENSUS DATA - Commuting
Montana,montana,BG,modalshare,2014,1.0,,commuters (to work),commute_mode_share,modalshare,,ModalShare (Prieto-Curiel et al.); orig: The European Platform on Mobility Management
Montevideo,montevideo,UY,modalshare,2016,1.7259,,commuters (to work),commute_mode_share,modalshare,,ModalShare (Prieto-Curiel et al.); orig: Mobility survey Montevideo
Montpellier,montpellier,FR,modalshare,2020,8.5914086,,commuters (to work),commute_mode_share,modalshare,,ModalShare (Prieto-Curiel et al.); orig: Eurostat
Montreal,montreal,CA,modalshare,2016,2.0202,,commuters (to work),commute_mode_share,modalshare,,ModalShare (Prieto-Curiel et al.); orig: Census Profile Canada
Morgantown,morgantown,US,modalshare,2019,0.3517,,commuters (to work),commute_mode_share,modalshare,,ModalShare (Prieto-Curiel et al.); orig: US CENSUS DATA - Commuting
Mount Vernon,mount vernon,US,modalshare,2019,0.23609999999999998,,commuters (to work),commute_mode_share,modalshare,,ModalShare (Prieto-Curiel et al.); orig: US CENSUS DATA - Commuting
Mumbai,mumbai,IN,modalshare,2011,6.0,,commuters (to work),commute_mode_share,modalshare,,ModalShare (Prieto-Curiel et al.); orig: Census of India 2011
Muncie,muncie,US,modalshare,2019,0.8649,,commuters (to work),commute_mode_share,modalshare,,ModalShare (Prieto-Curiel et al.); orig: US CENSUS DATA - Commuting
Munich,munich,DE,modalshare,2017,18.0,,commuters (to work),commute_mode_share,modalshare,,ModalShare (Prieto-Curiel et al.); orig: Urban Audit
Munster,munster,DE,modalshare,2016,36.6,,commuters (to work),commute_mode_share,modalshare,,ModalShare (Prieto-Curiel et al.); orig: Eurostat
Murcia,murcia,ES,modalshare,2009,1.0,,commuters (to work),commute_mode_share,modalshare,,ModalShare (Prieto-Curiel et al.); orig: The European Platform on Mobility Management
Muskegon,muskegon,US,modalshare,2019,0.4353,,commuters (to work),commute_mode_share,modalshare,,ModalShare (Prieto-Curiel et al.); orig: US CENSUS DATA - Commuting
Myrtle Beach,myrtle beach,US,modalshare,2019,0.22499999999999998,,commuters (to work),commute_mode_share,modalshare,,ModalShare (Prieto-Curiel et al.); orig: US CENSUS DATA - Commuting
Naestved,naestved,DK,modalshare,2006,13.0,,commuters (to work),commute_mode_share,modalshare,,ModalShare (Prieto-Curiel et al.); orig: The European Platform on Mobility Management
Namur,namur,BE,modalshare,2011,1.1145511000000001,,commuters (to work),commute_mode_share,modalshare,,ModalShare (Prieto-Curiel et al.); orig: Eurostat
Nancy,nancy,FR,modalshare,2020,4.1000000000000005,,commuters (to work),commute_mode_share,modalshare,,ModalShare (Prieto-Curiel et al.); orig: Eurostat
Nantes,nantes,FR,modalshare,2020,9.790209800000001,,commuters (to work),commute_mode_share,modalshare,,ModalShare (Prieto-Curiel et al.); orig: Eurostat
Napa,napa,US,modalshare,2019,0.6203000000000001,,commuters (to work),commute_mode_share,modalshare,,ModalShare (Prieto-Curiel et al.); orig: US CENSUS DATA - Commuting
Naples,naples,IT,modalshare,2011,0.9902971,,commuters (to work),commute_mode_share,modalshare,,ModalShare (Prieto-Curiel et al.); orig: Eurostat
Naples,naples,US,modalshare,2019,0.3476,,commuters (to work),commute_mode_share,modalshare,,ModalShare (Prieto-Curiel et al.); orig: US CENSUS DATA - Commuting
Nashville,nashville,US,modalshare,2019,0.12589999999999998,,commuters (to work),commute_mode_share,modalshare,,ModalShare (Prieto-Curiel et al.); orig: US CENSUS DATA - Commuting
Neuss,neuss,DE,modalshare,2016,6.9069069,,commuters (to work),commute_mode_share,modalshare,,ModalShare (Prieto-Curiel et al.); orig: Eurostat
New Bern,new bern,US,modalshare,2019,0.2186,,commuters (to work),commute_mode_share,modalshare,,ModalShare (Prieto-Curiel et al.); orig: US CENSUS DATA - Commuting
New Haven,new haven,US,modalshare,2019,0.47850000000000004,,commuters (to work),commute_mode_share,modalshare,,ModalShare (Prieto-Curiel et al.); orig: US CENSUS DATA - Commuting
New Orleans,new orleans,US,modalshare,2019,0.6842,,commuters (to work),commute_mode_share,modalshare,,ModalShare (Prieto-Curiel et al.); orig: US CENSUS DATA - Commuting
New York,new york,US,modalshare,2019,0.9067000000000001,,commuters (to work),commute_mode_share,modalshare,,ModalShare (Prieto-Curiel et al.); orig: US CENSUS DATA - Commuting
Newcastle,newcastle,UK,modalshare,2011,2.9204431,,commuters (to work),commute_mode_share,modalshare,,ModalShare (Prieto-Curiel et al.); orig: Eurostat
Nice,nice,FR,modalshare,2020,2.4975025,,commuters (to work),commute_mode_share,modalshare,,ModalShare (Prieto-Curiel et al.); orig: Eurostat
Nijmegen,nijmegen,NL,modalshare,2016,30.0,,commuters (to work),commute_mode_share,modalshare,,ModalShare (Prieto-Curiel et al.); orig: The European Platform on Mobility Management
Niles,niles,US,modalshare,2019,0.1149,,commuters (to work),commute_mode_share,modalshare,,ModalShare (Prieto-Curiel et al.); orig: US CENSUS DATA - Commuting
Niteroi,niteroi,BR,modalshare,2015,4.0,,commuters (to work),commute_mode_share,modalshare,,ModalShare (Prieto-Curiel et al.); orig: Local Governments for Sustainability - ICLEI
Norddjurs,norddjurs,DK,modalshare,2006,14.7059,,commuters (to work),commute_mode_share,modalshare,,ModalShare (Prieto-Curiel et al.); orig: The European Platform on Mobility Management
Norrkoping,norrkoping,SE,modalshare,2010,13.0,,commuters (to work),commute_mode_share,modalshare,,ModalShare (Prieto-Curiel et al.); orig: The European Platform on Mobility Management
North Port,north port,US,modalshare,2019,0.5981000000000001,,commuters (to work),commute_mode_share,modalshare,,ModalShare (Prieto-Curiel et al.); orig: US CENSUS DATA - Commuting
Norwich,norwich,UK,modalshare,2011,9.3655589,,commuters (to work),commute_mode_share,modalshare,,ModalShare (Prieto-Curiel et al.); orig: Eurostat
Norwich,norwich,US,modalshare,2019,0.11919999999999999,,commuters (to work),commute_mode_share,modalshare,,ModalShare (Prieto-Curiel et al.); orig: US CENSUS DATA - Commuting
Nottingham,nottingham,UK,modalshare,2011,3.7260826,,commuters (to work),commute_mode_share,modalshare,,ModalShare (Prieto-Curiel et al.); orig: Eurostat
Nova Gorica,nova gorica,SI,modalshare,2005,3.0,,commuters (to work),commute_mode_share,modalshare,,ModalShare (Prieto-Curiel et al.); orig: The European Platform on Mobility Management
Nuremberg,nuremberg,DE,modalshare,2019,14.000000000000002,,commuters (to work),commute_mode_share,modalshare,,ModalShare (Prieto-Curiel et al.); orig: Urban Audit
Oberhausen,oberhausen,DE,modalshare,2020,6.0,,commuters (to work),commute_mode_share,modalshare,,ModalShare (Prieto-Curiel et al.); orig: Oberhausen - Mobilitätskarte
Ocala,ocala,US,modalshare,2019,0.2222,,commuters (to work),commute_mode_share,modalshare,,ModalShare (Prieto-Curiel et al.); orig: US CENSUS DATA - Commuting
Ocean City,ocean city,US,modalshare,2019,0.6904,,commuters (to work),commute_mode_share,modalshare,,ModalShare (Prieto-Curiel et al.); orig: US CENSUS DATA - Commuting
Odense,odense,DK,modalshare,2008,27.0,,commuters (to work),commute_mode_share,modalshare,,ModalShare (Prieto-Curiel et al.); orig: The European Platform on Mobility Management
Ogden,ogden,US,modalshare,2019,0.365,,commuters (to work),commute_mode_share,modalshare,,ModalShare (Prieto-Curiel et al.); orig: US CENSUS DATA - Commuting
Oklahoma City,oklahoma city,US,modalshare,2019,0.22829999999999998,,commuters (to work),commute_mode_share,modalshare,,ModalShare (Prieto-Curiel et al.); orig: US CENSUS DATA - Commuting
Oldenburg,oldenburg,DE,modalshare,2007,22.0,,commuters (to work),commute_mode_share,modalshare,,ModalShare (Prieto-Curiel et al.); orig: The European Platform on Mobility Management
Olhao,olhao,PT,modalshare,2011,2.0,,commuters (to work),commute_mode_share,modalshare,,ModalShare (Prieto-Curiel et al.); orig: The European Platform on Mobility Management
Omaha,omaha,US,modalshare,2019,0.1203,,commuters (to work),commute_mode_share,modalshare,,ModalShare (Prieto-Curiel et al.); orig: US CENSUS DATA - Commuting
Oporto,oporto,PT,modalshare,2000,0.9901,,commuters (to work),commute_mode_share,modalshare,,ModalShare (Prieto-Curiel et al.); orig: Civitas
Oranienburg,oranienburg,DE,modalshare,2008,20.0,,commuters (to work),commute_mode_share,modalshare,,ModalShare (Prieto-Curiel et al.); orig: The European Platform on Mobility Management
Orebro,orebro,SE,modalshare,2011,26.0,,commuters (to work),commute_mode_share,modalshare,,ModalShare (Prieto-Curiel et al.); orig: The European Platform on Mobility Management
Orlando,orlando,US,modalshare,2019,0.3708,,commuters (to work),commute_mode_share,modalshare,,ModalShare (Prieto-Curiel et al.); orig: US CENSUS DATA - Commuting
Osaka,osaka,JP,modalshare,2010,19.0,,commuters (to work),commute_mode_share,modalshare,,ModalShare (Prieto-Curiel et al.); orig: Osaka City Hall
Oshkosh,oshkosh,US,modalshare,2019,0.5721,,commuters (to work),commute_mode_share,modalshare,,ModalShare (Prieto-Curiel et al.); orig: US CENSUS DATA - Commuting
Oslo,oslo,NO,modalshare,2014,5.0,,commuters (to work),commute_mode_share,modalshare,,ModalShare (Prieto-Curiel et al.); orig: The European Platform on Mobility Management
Osnabruck,osnabruck,DE,modalshare,2016,17.9,,commuters (to work),commute_mode_share,modalshare,,ModalShare (Prieto-Curiel et al.); orig: Eurostat
Ottawa,ottawa,CA,modalshare,2016,2.0,,commuters (to work),commute_mode_share,modalshare,,ModalShare (Prieto-Curiel et al.); orig: Census Profile Canada
Oulu,oulu,FI,modalshare,2009,21.0,,commuters (to work),commute_mode_share,modalshare,,ModalShare (Prieto-Curiel et al.); orig: The European Platform on Mobility Management
Paderborn,paderborn,DE,modalshare,2016,13.013013,,commuters (to work),commute_mode_share,modalshare,,ModalShare (Prieto-Curiel et al.); orig: Eurostat
Palermo,palermo,IT,modalshare,2015,1.0,,commuters (to work),commute_mode_share,modalshare,,ModalShare (Prieto-Curiel et al.); orig: The European Platform on Mobility Management
Palm Bay,palm bay,US,modalshare,2019,0.4739,,commuters (to work),commute_mode_share,modalshare,,ModalShare (Prieto-Curiel et al.); orig: US CENSUS DATA - Commuting
Palmela,palmela,PT,modalshare,2011,1.0,,commuters (to work),commute_mode_share,modalshare,,ModalShare (Prieto-Curiel et al.); orig: The European Platform on Mobility Management
Panama City,panama city,US,modalshare,2019,0.1109,,commuters (to work),commute_mode_share,modalshare,,ModalShare (Prieto-Curiel et al.); orig: US CENSUS DATA - Commuting
Pardubice,pardubice,CZ,modalshare,2013,18.0,,commuters (to work),commute_mode_share,modalshare,,ModalShare (Prieto-Curiel et al.); orig: The European Platform on Mobility Management
Paris,paris,FR,modalshare,2020,3.3966034,,commuters (to work),commute_mode_share,modalshare,,ModalShare (Prieto-Curiel et al.); orig: Eurostat
Parkstad Limburg,parkstad limburg,NL,modalshare,2013,10.0,,commuters (to work),commute_mode_share,modalshare,,ModalShare (Prieto-Curiel et al.); orig: The European Platform on Mobility Management
Parma,parma,IT,modalshare,2011,12.3012301,,commuters (to work),commute_mode_share,modalshare,,ModalShare (Prieto-Curiel et al.); orig: Eurostat
Pau,pau,FR,modalshare,2020,5.305305300000001,,commuters (to work),commute_mode_share,modalshare,,ModalShare (Prieto-Curiel et al.); orig: Eurostat
Pavia,pavia,IT,modalshare,2011,7.6022807,,commuters (to work),commute_mode_share,modalshare,,ModalShare (Prieto-Curiel et al.); orig: Eurostat
Pecs,pecs,HU,modalshare,2010,1.0,,commuters (to work),commute_mode_share,modalshare,,ModalShare (Prieto-Curiel et al.); orig: The European Platform on Mobility Management
Peja,peja,XK,modalshare,2010,3.0,,commuters (to work),commute_mode_share,modalshare,,ModalShare (Prieto-Curiel et al.); orig: The European Platform on Mobility Management
Pensacola-Ferry Pass-Brent,pensacola-ferry pass-brent,US,modalshare,2019,0.5807,,commuters (to work),commute_mode_share,modalshare,,ModalShare (Prieto-Curiel et al.); orig: US CENSUS DATA - Commuting
Peoria,peoria,US,modalshare,2019,0.1148,,commuters (to work),commute_mode_share,modalshare,,ModalShare (Prieto-Curiel et al.); orig: US CENSUS DATA - Commuting
Perth,perth,AU,modalshare,2016,1.0,,commuters (to work),commute_mode_share,modalshare,,ModalShare (Prieto-Curiel et al.); orig: ABS census data 2016 journey to work
Peterborough,peterborough,UK,modalshare,2011,6.0422961,,commuters (to work),commute_mode_share,modalshare,,ModalShare (Prieto-Curiel et al.); orig: Eurostat
Pforzheim,pforzheim,DE,modalshare,2016,1.0999999999999999,,commuters (to work),commute_mode_share,modalshare,,ModalShare (Prieto-Curiel et al.); orig: Eurostat
Philadelphia,philadelphia,US,modalshare,2019,0.6553,,commuters (to work),commute_mode_share,modalshare,,ModalShare (Prieto-Curiel et al.); orig: US CENSUS DATA - Commuting
Phoenix,phoenix,US,modalshare,2019,0.5229,,commuters (to work),commute_mode_share,modalshare,,ModalShare (Prieto-Curiel et al.); orig: US CENSUS DATA - Commuting
Pirna,pirna,DE,modalshare,2008,13.0,,commuters (to work),commute_mode_share,modalshare,,ModalShare (Prieto-Curiel et al.); orig: The European Platform on Mobility Management
Pittsburgh,pittsburgh,US,modalshare,2019,0.25379999999999997,,commuters (to work),commute_mode_share,modalshare,,ModalShare (Prieto-Curiel et al.); orig: US CENSUS DATA - Commuting
Pittsfield,pittsfield,US,modalshare,2019,0.1188,,commuters (to work),commute_mode_share,modalshare,,ModalShare (Prieto-Curiel et al.); orig: US CENSUS DATA - Commuting
Pleven,pleven,BG,modalshare,2011,15.0,,commuters (to work),commute_mode_share,modalshare,,ModalShare (Prieto-Curiel et al.); orig: Eurostat
Plock,plock,PL,modalshare,2015,2.0,,commuters (to work),commute_mode_share,modalshare,,ModalShare (Prieto-Curiel et al.); orig: The European Platform on Mobility Management
Pocatello,pocatello,US,modalshare,2019,0.3371,,commuters (to work),commute_mode_share,modalshare,,ModalShare (Prieto-Curiel et al.); orig: US CENSUS DATA - Commuting
Pointe-a-Pitre,pointe-a-pitre,FR,modalshare,2006,1.0,,commuters (to work),commute_mode_share,modalshare,,ModalShare (Prieto-Curiel et al.); orig: The European Platform on Mobility Management
Porsgrunn,porsgrunn,NO,modalshare,2005,5.0,,commuters (to work),commute_mode_share,modalshare,,ModalShare (Prieto-Curiel et al.); orig: The European Platform on Mobility Management
"Port St, Lucie",port st,US,modalshare,2019,0.3413,,commuters (to work),commute_mode_share,modalshare,,ModalShare (Prieto-Curiel et al.); orig: US CENSUS DATA - Commuting
Portimao,portimao,PT,modalshare,2011,1.0,,commuters (to work),commute_mode_share,modalshare,,ModalShare (Prieto-Curiel et al.); orig: The European Platform on Mobility Management
Portland,portland,US,modalshare,2019,0.6467999999999999,,commuters (to work),commute_mode_share,modalshare,,ModalShare (Prieto-Curiel et al.); orig: US CENSUS DATA - Commuting
Portland,portland,US,modalshare,2019,1.5171999999999999,,commuters (to work),commute_mode_share,modalshare,,ModalShare (Prieto-Curiel et al.); orig: US CENSUS DATA - Commuting
Porto,porto,PT,modalshare,2011,0.29543600000000003,,commuters (to work),commute_mode_share,modalshare,,ModalShare (Prieto-Curiel et al.); orig: Eurostat
Potsdam,potsdam,DE,modalshare,2016,18.9189189,,commuters (to work),commute_mode_share,modalshare,,ModalShare (Prieto-Curiel et al.); orig: Eurostat
Poznan,poznan,PL,modalshare,2019,8.4,,commuters (to work),commute_mode_share,modalshare,,ModalShare (Prieto-Curiel et al.); orig: Urban Audit
Prague,prague,CZ,modalshare,2017,0.4024,,commuters (to work),commute_mode_share,modalshare,,ModalShare (Prieto-Curiel et al.); orig: Urban Audit
Prescott,prescott,US,modalshare,2019,0.4706,,commuters (to work),commute_mode_share,modalshare,,ModalShare (Prieto-Curiel et al.); orig: US CENSUS DATA - Commuting
Providence,providence,US,modalshare,2019,0.2372,,commuters (to work),commute_mode_share,modalshare,,ModalShare (Prieto-Curiel et al.); orig: US CENSUS DATA - Commuting
Provo-Orem,provo-orem,US,modalshare,2019,0.5089,,commuters (to work),commute_mode_share,modalshare,,ModalShare (Prieto-Curiel et al.); orig: US CENSUS DATA - Commuting
Pueblo,pueblo,US,modalshare,2019,0.33149999999999996,,commuters (to work),commute_mode_share,modalshare,,ModalShare (Prieto-Curiel et al.); orig: US CENSUS DATA - Commuting
Punta Gorda,punta gorda,US,modalshare,2019,0.6928,,commuters (to work),commute_mode_share,modalshare,,ModalShare (Prieto-Curiel et al.); orig: US CENSUS DATA - Commuting
Quebec City,quebec city,CA,modalshare,2016,6.0606,,commuters (to work),commute_mode_share,modalshare,,ModalShare (Prieto-Curiel et al.); orig: Census Profile Canada
Quelimane,quelimane,MZ,modalshare,2016,9.0,,commuters (to work),commute_mode_share,modalshare,,ModalShare (Prieto-Curiel et al.); orig: Local Governments for Sustainability - ICLEI
Racine,racine,US,modalshare,2019,0.1131,,commuters (to work),commute_mode_share,modalshare,,ModalShare (Prieto-Curiel et al.); orig: US CENSUS DATA - Commuting
Radeberg,radeberg,DE,modalshare,2008,12.0,,commuters (to work),commute_mode_share,modalshare,,ModalShare (Prieto-Curiel et al.); orig: The European Platform on Mobility Management
Raleigh,raleigh,US,modalshare,2019,0.2894,,commuters (to work),commute_mode_share,modalshare,,ModalShare (Prieto-Curiel et al.); orig: US CENSUS DATA - Commuting
Rapid City,rapid city,US,modalshare,2019,0.1117,,commuters (to work),commute_mode_share,modalshare,,ModalShare (Prieto-Curiel et al.); orig: US CENSUS DATA - Commuting
Ratingen,ratingen,DE,modalshare,2013,11.0,,commuters (to work),commute_mode_share,modalshare,,ModalShare (Prieto-Curiel et al.); orig: The European Platform on Mobility Management
Razlog,razlog,BG,modalshare,2013,5.0,,commuters (to work),commute_mode_share,modalshare,,ModalShare (Prieto-Curiel et al.); orig: The European Platform on Mobility Management
Reading,reading,US,modalshare,2019,0.2304,,commuters (to work),commute_mode_share,modalshare,,ModalShare (Prieto-Curiel et al.); orig: US CENSUS DATA - Commuting
Redding,redding,US,modalshare,2019,0.9153,,commuters (to work),commute_mode_share,modalshare,,ModalShare (Prieto-Curiel et al.); orig: US CENSUS DATA - Commuting
Reims,reims,FR,modalshare,2020,3.7962038,,commuters (to work),commute_mode_share,modalshare,,ModalShare (Prieto-Curiel et al.); orig: Eurostat
Rennes,rennes,FR,modalshare,2020,10.7,,commuters (to work),commute_mode_share,modalshare,,ModalShare (Prieto-Curiel et al.); orig: Eurostat
Reno,reno,US,modalshare,2019,0.1168,,commuters (to work),commute_mode_share,modalshare,,ModalShare (Prieto-Curiel et al.); orig: US CENSUS DATA - Commuting
Reutlingen,reutlingen,DE,modalshare,2016,7.7,,commuters (to work),commute_mode_share,modalshare,,ModalShare (Prieto-Curiel et al.); orig: Eurostat
Richmond,richmond,US,modalshare,2019,0.3891,,commuters (to work),commute_mode_share,modalshare,,ModalShare (Prieto-Curiel et al.); orig: US CENSUS DATA - Commuting
Riesa,riesa,DE,modalshare,2008,15.0,,commuters (to work),commute_mode_share,modalshare,,ModalShare (Prieto-Curiel et al.); orig: The European Platform on Mobility Management
Riga,riga,LV,modalshare,2008,2.0,,commuters (to work),commute_mode_share,modalshare,,ModalShare (Prieto-Curiel et al.); orig: The European Platform on Mobility Management
Rio de Janeiro,rio de janeiro,BR,modalshare,2012,3.0,,commuters (to work),commute_mode_share,modalshare,,ModalShare (Prieto-Curiel et al.); orig: Monografia UFRJ
Rochester,rochester,US,modalshare,2019,0.7009,,commuters (to work),commute_mode_share,modalshare,,ModalShare (Prieto-Curiel et al.); orig: US CENSUS DATA - Commuting
Rochester,rochester,US,modalshare,2019,0.4717,,commuters (to work),commute_mode_share,modalshare,,ModalShare (Prieto-Curiel et al.); orig: US CENSUS DATA - Commuting
Rome,rome,US,modalshare,2019,0.10779999999999999,,commuters (to work),commute_mode_share,modalshare,,ModalShare (Prieto-Curiel et al.); orig: US CENSUS DATA - Commuting
Rome,rome,IT,modalshare,2014,1.0,,commuters (to work),commute_mode_share,modalshare,,ModalShare (Prieto-Curiel et al.); orig: Urban Audit
Roosendaal,roosendaal,NL,modalshare,2015,27.0,,commuters (to work),commute_mode_share,modalshare,,ModalShare (Prieto-Curiel et al.); orig: The European Platform on Mobility Management
Rosario,rosario,AR,modalshare,2008,5.0,,commuters (to work),commute_mode_share,modalshare,,ModalShare (Prieto-Curiel et al.); orig: Local Governments for Sustainability - ICLEI
Roskilde,roskilde,DK,modalshare,2006,17.8218,,commuters (to work),commute_mode_share,modalshare,,ModalShare (Prieto-Curiel et al.); orig: The European Platform on Mobility Management
Rostock,rostock,DE,modalshare,2016,19.9199199,,commuters (to work),commute_mode_share,modalshare,,ModalShare (Prieto-Curiel et al.); orig: Eurostat
Rotterdam,rotterdam,NL,modalshare,2017,23.0,,commuters (to work),commute_mode_share,modalshare,,ModalShare (Prieto-Curiel et al.); orig: Deloitte City Mobility Index
Rouen,rouen,FR,modalshare,2020,3.0,,commuters (to work),commute_mode_share,modalshare,,ModalShare (Prieto-Curiel et al.); orig: Eurostat
Rüdersdorf bei Berlin,rudersdorf bei berlin,DE,modalshare,2008,7.000000000000001,,commuters (to work),commute_mode_share,modalshare,,ModalShare (Prieto-Curiel et al.); orig: The European Platform on Mobility Management
Ruse,ruse,BG,modalshare,2012,2.0,,commuters (to work),commute_mode_share,modalshare,,ModalShare (Prieto-Curiel et al.); orig: The European Platform on Mobility Management
Saarbrücken,saarbrucken,DE,modalshare,2010,4.0,,commuters (to work),commute_mode_share,modalshare,,ModalShare (Prieto-Curiel et al.); orig: The European Platform on Mobility Management
Sacramento,sacramento,US,modalshare,2019,1.1734,,commuters (to work),commute_mode_share,modalshare,,ModalShare (Prieto-Curiel et al.); orig: US CENSUS DATA - Commuting
Saint Quentin en Yvelines,saint quentin en yvelines,FR,modalshare,2010,2.0,,commuters (to work),commute_mode_share,modalshare,,ModalShare (Prieto-Curiel et al.); orig: The European Platform on Mobility Management
Saint-Etienne,saint-etienne,FR,modalshare,2001,1.0,,commuters (to work),commute_mode_share,modalshare,,ModalShare (Prieto-Curiel et al.); orig: The European Platform on Mobility Management
Salem,salem,US,modalshare,2019,1.2092,,commuters (to work),commute_mode_share,modalshare,,ModalShare (Prieto-Curiel et al.); orig: US CENSUS DATA - Commuting
Salinas,salinas,US,modalshare,2019,0.451,,commuters (to work),commute_mode_share,modalshare,,ModalShare (Prieto-Curiel et al.); orig: US CENSUS DATA - Commuting
Salisbury,salisbury,US,modalshare,2019,0.4515,,commuters (to work),commute_mode_share,modalshare,,ModalShare (Prieto-Curiel et al.); orig: US CENSUS DATA - Commuting
Salt Lake City,salt lake city,US,modalshare,2019,0.9079,,commuters (to work),commute_mode_share,modalshare,,ModalShare (Prieto-Curiel et al.); orig: US CENSUS DATA - Commuting
Salzburg,salzburg,AT,modalshare,2005,16.0,,commuters (to work),commute_mode_share,modalshare,,ModalShare (Prieto-Curiel et al.); orig: The European Platform on Mobility Management
San Angelo,san angelo,US,modalshare,2019,0.11150000000000002,,commuters (to work),commute_mode_share,modalshare,,ModalShare (Prieto-Curiel et al.); orig: US CENSUS DATA - Commuting
San Antonio,san antonio,US,modalshare,2019,0.23779999999999998,,commuters (to work),commute_mode_share,modalshare,,ModalShare (Prieto-Curiel et al.); orig: US CENSUS DATA - Commuting
San Diego,san diego,US,modalshare,2019,0.5135,,commuters (to work),commute_mode_share,modalshare,,ModalShare (Prieto-Curiel et al.); orig: US CENSUS DATA - Commuting
San Francisco,san francisco,US,modalshare,2019,1.5408,,commuters (to work),commute_mode_share,modalshare,,ModalShare (Prieto-Curiel et al.); orig: US CENSUS DATA - Commuting
San Jose,san jose,US,modalshare,2019,1.5361,,commuters (to work),commute_mode_share,modalshare,,ModalShare (Prieto-Curiel et al.); orig: US CENSUS DATA - Commuting
San Juan,san juan,US,modalshare,2019,0.1088,,commuters (to work),commute_mode_share,modalshare,,ModalShare (Prieto-Curiel et al.); orig: US CENSUS DATA - Commuting
San Luis Obispo,san luis obispo,US,modalshare,2019,0.7308,,commuters (to work),commute_mode_share,modalshare,,ModalShare (Prieto-Curiel et al.); orig: US CENSUS DATA - Commuting
San Miguel de Allende,san miguel de allende,ME,modalshare,2015,1.0,,commuters (to work),commute_mode_share,modalshare,,ModalShare (Prieto-Curiel et al.); orig: Local Governments for Sustainability - ICLEI
Sandnes,sandnes,NO,modalshare,2005,4.0,,commuters (to work),commute_mode_share,modalshare,,ModalShare (Prieto-Curiel et al.); orig: The European Platform on Mobility Management
Santa Cruz,santa cruz,US,modalshare,2019,1.5789000000000002,,commuters (to work),commute_mode_share,modalshare,,ModalShare (Prieto-Curiel et al.); orig: US CENSUS DATA - Commuting
Santa Fe,santa fe,US,modalshare,2019,1.8494,,commuters (to work),commute_mode_share,modalshare,,ModalShare (Prieto-Curiel et al.); orig: US CENSUS DATA - Commuting
Santa Fe,santa fe,AR,modalshare,2012,10.0,,commuters (to work),commute_mode_share,modalshare,,ModalShare (Prieto-Curiel et al.); orig: Local Governments for Sustainability - ICLEI
Santa Maria,santa maria,US,modalshare,2019,2.1351999999999998,,commuters (to work),commute_mode_share,modalshare,,ModalShare (Prieto-Curiel et al.); orig: US CENSUS DATA - Commuting
Santa Rosa,santa rosa,US,modalshare,2019,1.1320999999999999,,commuters (to work),commute_mode_share,modalshare,,ModalShare (Prieto-Curiel et al.); orig: US CENSUS DATA - Commuting
Santiago,santiago,CL,modalshare,2012,4.2644,,commuters (to work),commute_mode_share,modalshare,,ModalShare (Prieto-Curiel et al.); orig: Mobility survey Santiago
São Paulo,sao paulo,BR,modalshare,2017,1.0,,commuters (to work),commute_mode_share,modalshare,,ModalShare (Prieto-Curiel et al.); orig: Mobility survey Sao Paulo
Sarpsborg,sarpsborg,NO,modalshare,2005,5.0,,commuters (to work),commute_mode_share,modalshare,,ModalShare (Prieto-Curiel et al.); orig: The European Platform on Mobility Management
Savannah,savannah,US,modalshare,2019,0.7708999999999999,,commuters (to work),commute_mode_share,modalshare,,ModalShare (Prieto-Curiel et al.); orig: US CENSUS DATA - Commuting
Schweinfurt,schweinfurt,DE,modalshare,2016,10.4104104,,commuters (to work),commute_mode_share,modalshare,,ModalShare (Prieto-Curiel et al.); orig: Eurostat
Schwerin,schwerin,DE,modalshare,2016,12.0879121,,commuters (to work),commute_mode_share,modalshare,,ModalShare (Prieto-Curiel et al.); orig: Eurostat
Seattle,seattle,US,modalshare,2019,0.8671,,commuters (to work),commute_mode_share,modalshare,,ModalShare (Prieto-Curiel et al.); orig: US CENSUS DATA - Commuting
Seoul,seoul,KO,modalshare,2014,4.0,,commuters (to work),commute_mode_share,modalshare,,ModalShare (Prieto-Curiel et al.); orig: Deloitte City Mobility Index
Seville,seville,ES,modalshare,2014,7.000000000000001,,commuters (to work),commute_mode_share,modalshare,,ModalShare (Prieto-Curiel et al.); orig: Urban Audit
Sheboygan,sheboygan,US,modalshare,2019,1.0111999999999999,,commuters (to work),commute_mode_share,modalshare,,ModalShare (Prieto-Curiel et al.); orig: US CENSUS DATA - Commuting
Sheffield,sheffield,UK,modalshare,2018,1.0101,,commuters (to work),commute_mode_share,modalshare,,ModalShare (Prieto-Curiel et al.); orig: Sheffield transport data
Shimla,shimla,IN,modalshare,2011,1.0,,commuters (to work),commute_mode_share,modalshare,,ModalShare (Prieto-Curiel et al.); orig: Local Governments for Sustainability - ICLEI
Shkoder,shkoder,AL,modalshare,2011,28.999999999999996,,commuters (to work),commute_mode_share,modalshare,,ModalShare (Prieto-Curiel et al.); orig: The European Platform on Mobility Management
Siauliai,siauliai,LT,modalshare,2008,1.0,,commuters (to work),commute_mode_share,modalshare,,ModalShare (Prieto-Curiel et al.); orig: The European Platform on Mobility Management
Sierra Vista-Douglas,sierra vista-douglas,US,modalshare,2019,0.451,,commuters (to work),commute_mode_share,modalshare,,ModalShare (Prieto-Curiel et al.); orig: US CENSUS DATA - Commuting
Singapore,singapore,SG,modalshare,2011,1.0,,commuters (to work),commute_mode_share,modalshare,,"ModalShare (Prieto-Curiel et al.); orig: Travel Survey 2011, Land Transport Authority, Singapore"
Singra,singra,BD,modalshare,2010,8.0,,commuters (to work),commute_mode_share,modalshare,,ModalShare (Prieto-Curiel et al.); orig: Local Governments for Sustainability - ICLEI
Sioux Falls,sioux falls,US,modalshare,2019,0.348,,commuters (to work),commute_mode_share,modalshare,,ModalShare (Prieto-Curiel et al.); orig: US CENSUS DATA - Commuting
Skien,skien,NO,modalshare,2005,6.0,,commuters (to work),commute_mode_share,modalshare,,ModalShare (Prieto-Curiel et al.); orig: The European Platform on Mobility Management
Sofia,sofia,BG,modalshare,2011,12.0,,commuters (to work),commute_mode_share,modalshare,,ModalShare (Prieto-Curiel et al.); orig: Eurostat
Solingen,solingen,DE,modalshare,2016,1.9,,commuters (to work),commute_mode_share,modalshare,,ModalShare (Prieto-Curiel et al.); orig: Eurostat
South Bend,south bend,US,modalshare,2019,0.44889999999999997,,commuters (to work),commute_mode_share,modalshare,,ModalShare (Prieto-Curiel et al.); orig: US CENSUS DATA - Commuting
Spokane,spokane,US,modalshare,2019,0.722,,commuters (to work),commute_mode_share,modalshare,,ModalShare (Prieto-Curiel et al.); orig: US CENSUS DATA - Commuting
Spremberg,spremberg,DE,modalshare,2008,15.0,,commuters (to work),commute_mode_share,modalshare,,ModalShare (Prieto-Curiel et al.); orig: The European Platform on Mobility Management
Springfield,springfield,US,modalshare,2019,0.1104,,commuters (to work),commute_mode_share,modalshare,,ModalShare (Prieto-Curiel et al.); orig: US CENSUS DATA - Commuting
Springfield,springfield,US,modalshare,2019,0.3401,,commuters (to work),commute_mode_share,modalshare,,ModalShare (Prieto-Curiel et al.); orig: US CENSUS DATA - Commuting
Springfield,springfield,US,modalshare,2019,0.11329999999999998,,commuters (to work),commute_mode_share,modalshare,,ModalShare (Prieto-Curiel et al.); orig: US CENSUS DATA - Commuting
Springfield,springfield,US,modalshare,2019,0.5988,,commuters (to work),commute_mode_share,modalshare,,ModalShare (Prieto-Curiel et al.); orig: US CENSUS DATA - Commuting
"St, Cloud",st,US,modalshare,2019,0.4425,,commuters (to work),commute_mode_share,modalshare,,ModalShare (Prieto-Curiel et al.); orig: US CENSUS DATA - Commuting
"St, George",st,US,modalshare,2019,0.48960000000000004,,commuters (to work),commute_mode_share,modalshare,,ModalShare (Prieto-Curiel et al.); orig: US CENSUS DATA - Commuting
"St, Louis",st,US,modalshare,2019,0.123,,commuters (to work),commute_mode_share,modalshare,,ModalShare (Prieto-Curiel et al.); orig: US CENSUS DATA - Commuting
St. Polten,st. polten,AT,modalshare,2012,11.0,,commuters (to work),commute_mode_share,modalshare,,ModalShare (Prieto-Curiel et al.); orig: The European Platform on Mobility Management
Stara Zagora,stara zagora,BG,modalshare,2011,17.0,,commuters (to work),commute_mode_share,modalshare,,ModalShare (Prieto-Curiel et al.); orig: Eurostat
State College,state college,US,modalshare,2019,1.6209000000000002,,commuters (to work),commute_mode_share,modalshare,,ModalShare (Prieto-Curiel et al.); orig: US CENSUS DATA - Commuting
Stavanger,stavanger,NO,modalshare,2014,8.0,,commuters (to work),commute_mode_share,modalshare,,ModalShare (Prieto-Curiel et al.); orig: The European Platform on Mobility Management
Stockholm,stockholm,SE,modalshare,2006,1.0,,commuters (to work),commute_mode_share,modalshare,,ModalShare (Prieto-Curiel et al.); orig: The European Platform on Mobility Management
Stockton,stockton,US,modalshare,2019,0.565,,commuters (to work),commute_mode_share,modalshare,,ModalShare (Prieto-Curiel et al.); orig: US CENSUS DATA - Commuting
Strasbourg,strasbourg,FR,modalshare,2020,15.8158158,,commuters (to work),commute_mode_share,modalshare,,ModalShare (Prieto-Curiel et al.); orig: Eurostat
Strausberg,strausberg,DE,modalshare,2008,11.0,,commuters (to work),commute_mode_share,modalshare,,ModalShare (Prieto-Curiel et al.); orig: The European Platform on Mobility Management
Stuttgart,stuttgart,DE,modalshare,2016,5.1,,commuters (to work),commute_mode_share,modalshare,,ModalShare (Prieto-Curiel et al.); orig: Eurostat
Syddjurs,syddjurs,DK,modalshare,2003,7.000000000000001,,commuters (to work),commute_mode_share,modalshare,,ModalShare (Prieto-Curiel et al.); orig: The European Platform on Mobility Management
Sydney,sydney,AU,modalshare,2016,1.0,,commuters (to work),commute_mode_share,modalshare,,ModalShare (Prieto-Curiel et al.); orig: ABS census data 2016 journey to work
Syracuse,syracuse,US,modalshare,2019,0.46140000000000003,,commuters (to work),commute_mode_share,modalshare,,ModalShare (Prieto-Curiel et al.); orig: US CENSUS DATA - Commuting
Szeged,szeged,HU,modalshare,2009,9.0,,commuters (to work),commute_mode_share,modalshare,,ModalShare (Prieto-Curiel et al.); orig: The European Platform on Mobility Management
Taipei,taipei,TW,modalshare,2016,4.0,,commuters (to work),commute_mode_share,modalshare,,"ModalShare (Prieto-Curiel et al.); orig: Taipei Yearbook 2010, Taipei City Government"
Tallahassee,tallahassee,US,modalshare,2019,0.4854,,commuters (to work),commute_mode_share,modalshare,,ModalShare (Prieto-Curiel et al.); orig: US CENSUS DATA - Commuting
Tallinn,tallinn,EE,modalshare,2020,2.0202,,commuters (to work),commute_mode_share,modalshare,,ModalShare (Prieto-Curiel et al.); orig: Urban Audit
Tampa,tampa,US,modalshare,2019,0.6345,,commuters (to work),commute_mode_share,modalshare,,ModalShare (Prieto-Curiel et al.); orig: US CENSUS DATA - Commuting
Tarragona,tarragona,ES,modalshare,2006,0.9979999999999999,,commuters (to work),commute_mode_share,modalshare,,ModalShare (Prieto-Curiel et al.); orig: The Metropolitan Mobility Observatory of Spain
Tartu,tartu,EE,modalshare,2018,5.5,,commuters (to work),commute_mode_share,modalshare,,ModalShare (Prieto-Curiel et al.); orig: Eurostat
Tel Aviv,tel aviv,IL,modalshare,2015,13.0,,commuters (to work),commute_mode_share,modalshare,,ModalShare (Prieto-Curiel et al.); orig: Civitas
Teltow/Stahnsdorf/Kleinmachnow,teltow/stahnsdorf/kleinmachnow,DE,modalshare,2008,18.0,,commuters (to work),commute_mode_share,modalshare,,ModalShare (Prieto-Curiel et al.); orig: The European Platform on Mobility Management
Terre Haute,terre haute,US,modalshare,2019,0.31120000000000003,,commuters (to work),commute_mode_share,modalshare,,ModalShare (Prieto-Curiel et al.); orig: US CENSUS DATA - Commuting
The Hague,the hague,NL,modalshare,2011,25.0,,commuters (to work),commute_mode_share,modalshare,,ModalShare (Prieto-Curiel et al.); orig: Dataplatform - The Netherlands
Thessaloniki,thessaloniki,GR,modalshare,2010,10.0,,commuters (to work),commute_mode_share,modalshare,,ModalShare (Prieto-Curiel et al.); orig: The European Platform on Mobility Management
Thurrock,thurrock,UK,modalshare,2011,1.5060241,,commuters (to work),commute_mode_share,modalshare,,ModalShare (Prieto-Curiel et al.); orig: Eurostat
Tokyo,tokyo,JP,modalshare,2009,14.000000000000002,,commuters (to work),commute_mode_share,modalshare,,"ModalShare (Prieto-Curiel et al.); orig: Tokyo Statistical Yearbook 2009, Japan"
Toledo,toledo,US,modalshare,2019,0.1111,,commuters (to work),commute_mode_share,modalshare,,ModalShare (Prieto-Curiel et al.); orig: US CENSUS DATA - Commuting
Torino,torino,IT,modalshare,2011,1.0,,commuters (to work),commute_mode_share,modalshare,,ModalShare (Prieto-Curiel et al.); orig: The European Platform on Mobility Management
Toronto,toronto,CA,modalshare,2016,1.0204,,commuters (to work),commute_mode_share,modalshare,,ModalShare (Prieto-Curiel et al.); orig: Census Profile Canada
Toulon,toulon,FR,modalshare,2020,3.7037037,,commuters (to work),commute_mode_share,modalshare,,ModalShare (Prieto-Curiel et al.); orig: Eurostat
Toulouse,toulouse,FR,modalshare,2020,7.9079079,,commuters (to work),commute_mode_share,modalshare,,ModalShare (Prieto-Curiel et al.); orig: Eurostat
Trenton,trenton,US,modalshare,2019,0.4172,,commuters (to work),commute_mode_share,modalshare,,ModalShare (Prieto-Curiel et al.); orig: US CENSUS DATA - Commuting
Tromso,tromso,NO,modalshare,2014,4.0,,commuters (to work),commute_mode_share,modalshare,,ModalShare (Prieto-Curiel et al.); orig: The European Platform on Mobility Management
Trondheim,trondheim,NO,modalshare,2009,16.0,,commuters (to work),commute_mode_share,modalshare,,ModalShare (Prieto-Curiel et al.); orig: Eurostat
Tucson,tucson,US,modalshare,2019,0.7308,,commuters (to work),commute_mode_share,modalshare,,ModalShare (Prieto-Curiel et al.); orig: US CENSUS DATA - Commuting
Tulsa,tulsa,US,modalshare,2019,0.11429999999999998,,commuters (to work),commute_mode_share,modalshare,,ModalShare (Prieto-Curiel et al.); orig: US CENSUS DATA - Commuting
Tuscaloosa,tuscaloosa,US,modalshare,2019,0.21689999999999998,,commuters (to work),commute_mode_share,modalshare,,ModalShare (Prieto-Curiel et al.); orig: US CENSUS DATA - Commuting
Tyler,tyler,US,modalshare,2019,0.3247,,commuters (to work),commute_mode_share,modalshare,,ModalShare (Prieto-Curiel et al.); orig: US CENSUS DATA - Commuting
Ulm,ulm,DE,modalshare,2016,11.1888112,,commuters (to work),commute_mode_share,modalshare,,ModalShare (Prieto-Curiel et al.); orig: Eurostat
Umea,umea,SE,modalshare,2006,19.0,,commuters (to work),commute_mode_share,modalshare,,ModalShare (Prieto-Curiel et al.); orig: The European Platform on Mobility Management
Uppsala,uppsala,SE,modalshare,2010,28.000000000000004,,commuters (to work),commute_mode_share,modalshare,,ModalShare (Prieto-Curiel et al.); orig: The European Platform on Mobility Management
Urban Honolulu,urban honolulu,US,modalshare,2019,0.8989,,commuters (to work),commute_mode_share,modalshare,,ModalShare (Prieto-Curiel et al.); orig: US CENSUS DATA - Commuting
Utica,utica,US,modalshare,2019,0.3421,,commuters (to work),commute_mode_share,modalshare,,ModalShare (Prieto-Curiel et al.); orig: US CENSUS DATA - Commuting
Utrecht,utrecht,NL,modalshare,2018,49.4888,,commuters (to work),commute_mode_share,modalshare,,ModalShare (Prieto-Curiel et al.); orig: Urban Audit
Valencia,valencia,ES,modalshare,2010,1.992,,commuters (to work),commute_mode_share,modalshare,,ModalShare (Prieto-Curiel et al.); orig: The Metropolitan Mobility Observatory of Spain
Valladolid,valladolid,ES,modalshare,2008,0.6577636,,commuters (to work),commute_mode_share,modalshare,,ModalShare (Prieto-Curiel et al.); orig: Eurostat
Vallejo-Fairfield,vallejo-fairfield,US,modalshare,2019,0.344,,commuters (to work),commute_mode_share,modalshare,,ModalShare (Prieto-Curiel et al.); orig: US CENSUS DATA - Commuting
Vancouver,vancouver,CA,modalshare,2016,2.0408,,commuters (to work),commute_mode_share,modalshare,,ModalShare (Prieto-Curiel et al.); orig: Census Profile Canada
Vantaa,vantaa,FI,modalshare,2018,11.0,,commuters (to work),commute_mode_share,modalshare,,ModalShare (Prieto-Curiel et al.); orig: Eurostat
Varna,varna,BG,modalshare,2011,9.0,,commuters (to work),commute_mode_share,modalshare,,ModalShare (Prieto-Curiel et al.); orig: Eurostat
Vasteras,vasteras,SE,modalshare,2001,16.0,,commuters (to work),commute_mode_share,modalshare,,ModalShare (Prieto-Curiel et al.); orig: The European Platform on Mobility Management
Velenje,velenje,SI,modalshare,2012,5.0,,commuters (to work),commute_mode_share,modalshare,,ModalShare (Prieto-Curiel et al.); orig: The European Platform on Mobility Management
Veliko Tarnovo,veliko tarnovo,BG,modalshare,2011,9.0,,commuters (to work),commute_mode_share,modalshare,,ModalShare (Prieto-Curiel et al.); orig: Eurostat
Venezia,venezia,IT,modalshare,2011,5.9211842,,commuters (to work),commute_mode_share,modalshare,,ModalShare (Prieto-Curiel et al.); orig: Eurostat
Veroia,veroia,GR,modalshare,2013,10.0,,commuters (to work),commute_mode_share,modalshare,,ModalShare (Prieto-Curiel et al.); orig: The European Platform on Mobility Management
Verona,verona,IT,modalshare,2011,6.3812763,,commuters (to work),commute_mode_share,modalshare,,ModalShare (Prieto-Curiel et al.); orig: Eurostat
Victoria,victoria,CA,modalshare,2016,7.142900000000001,,commuters (to work),commute_mode_share,modalshare,,ModalShare (Prieto-Curiel et al.); orig: Census Profile Canada
Vienna,vienna,AT,modalshare,2024,11.0,,commuters (to work),commute_mode_share,modalshare,,ModalShare (Prieto-Curiel et al.); orig:  Mobility Agency Vienna
Vienne,vienne,FR,modalshare,2006,1.0,,commuters (to work),commute_mode_share,modalshare,,ModalShare (Prieto-Curiel et al.); orig: The European Platform on Mobility Management
Vigo,vigo,ES,modalshare,2008,0.0699021,,commuters (to work),commute_mode_share,modalshare,,ModalShare (Prieto-Curiel et al.); orig: Eurostat
Vilnius,vilnius,LT,modalshare,2011,1.0,,commuters (to work),commute_mode_share,modalshare,,ModalShare (Prieto-Curiel et al.); orig: The European Platform on Mobility Management
Vineland-Bridgeton,vineland-bridgeton,US,modalshare,2019,0.2203,,commuters (to work),commute_mode_share,modalshare,,ModalShare (Prieto-Curiel et al.); orig: US CENSUS DATA - Commuting
Virginia Beach,virginia beach,US,modalshare,2019,0.232,,commuters (to work),commute_mode_share,modalshare,,ModalShare (Prieto-Curiel et al.); orig: US CENSUS DATA - Commuting
Visakhapatnam,visakhapatnam,IN,modalshare,2010,3.0,,commuters (to work),commute_mode_share,modalshare,,ModalShare (Prieto-Curiel et al.); orig: Local Governments for Sustainability - ICLEI
Visalia-Porterville,visalia-porterville,US,modalshare,2019,0.3229,,commuters (to work),commute_mode_share,modalshare,,ModalShare (Prieto-Curiel et al.); orig: US CENSUS DATA - Commuting
Vitoria-Gasteiz,vitoria-gasteiz,ES,modalshare,2014,12.3123,,commuters (to work),commute_mode_share,modalshare,,ModalShare (Prieto-Curiel et al.); orig: How did Bicycle Share Increase in Vitoria-Gasteiz
Vorarlberg Land,vorarlberg land,AT,modalshare,2017,16.0,,commuters (to work),commute_mode_share,modalshare,,ModalShare (Prieto-Curiel et al.); orig: Mobilitätserhebung Vorarlberg 2017
Vratza,vratza,BG,modalshare,2013,1.0,,commuters (to work),commute_mode_share,modalshare,,ModalShare (Prieto-Curiel et al.); orig: The European Platform on Mobility Management
Waco,waco,US,modalshare,2019,0.1122,,commuters (to work),commute_mode_share,modalshare,,ModalShare (Prieto-Curiel et al.); orig: US CENSUS DATA - Commuting
Walla Walla,walla walla,US,modalshare,2019,1.1614,,commuters (to work),commute_mode_share,modalshare,,ModalShare (Prieto-Curiel et al.); orig: US CENSUS DATA - Commuting
Warner Robins,warner robins,US,modalshare,2019,0.1116,,commuters (to work),commute_mode_share,modalshare,,ModalShare (Prieto-Curiel et al.); orig: US CENSUS DATA - Commuting
Warsaw,warsaw,PL,modalshare,2015,3.0,,commuters (to work),commute_mode_share,modalshare,,ModalShare (Prieto-Curiel et al.); orig: Urban Audit
Washington,washington,US,modalshare,2019,0.5979,,commuters (to work),commute_mode_share,modalshare,,ModalShare (Prieto-Curiel et al.); orig: US CENSUS DATA - Commuting
Waterford,waterford,IE,modalshare,2011,2.0964361,,commuters (to work),commute_mode_share,modalshare,,ModalShare (Prieto-Curiel et al.); orig: Eurostat
Waterloo-Cedar Falls,waterloo-cedar falls,US,modalshare,2019,0.3322,,commuters (to work),commute_mode_share,modalshare,,ModalShare (Prieto-Curiel et al.); orig: US CENSUS DATA - Commuting
Watertown-Fort Drum,watertown-fort drum,US,modalshare,2019,0.32889999999999997,,commuters (to work),commute_mode_share,modalshare,,ModalShare (Prieto-Curiel et al.); orig: US CENSUS DATA - Commuting
Watford,watford,UK,modalshare,2021,2.5,,commuters (to work),commute_mode_share,modalshare,,ModalShare (Prieto-Curiel et al.); orig: Transforming Travel in Watford: the strategy for 2021-2041
Wausau,wausau,US,modalshare,2019,0.6985,,commuters (to work),commute_mode_share,modalshare,,ModalShare (Prieto-Curiel et al.); orig: US CENSUS DATA - Commuting
Wellington,wellington,NZ,modalshare,2018,4.1237,,commuters (to work),commute_mode_share,modalshare,,ModalShare (Prieto-Curiel et al.); orig: NZ Census 2018
Wenatchee,wenatchee,US,modalshare,2019,0.4545,,commuters (to work),commute_mode_share,modalshare,,ModalShare (Prieto-Curiel et al.); orig: US CENSUS DATA - Commuting
West Midlands,west midlands,UK,modalshare,2011,2.0,,commuters (to work),commute_mode_share,modalshare,,ModalShare (Prieto-Curiel et al.); orig: The European Platform on Mobility Management
Wichita,wichita,US,modalshare,2019,0.216,,commuters (to work),commute_mode_share,modalshare,,ModalShare (Prieto-Curiel et al.); orig: US CENSUS DATA - Commuting
Wichita Falls,wichita falls,US,modalshare,2019,0.3297,,commuters (to work),commute_mode_share,modalshare,,ModalShare (Prieto-Curiel et al.); orig: US CENSUS DATA - Commuting
Wiesbaden,wiesbaden,DE,modalshare,2016,4.3043043,,commuters (to work),commute_mode_share,modalshare,,ModalShare (Prieto-Curiel et al.); orig: Eurostat
Williamsport,williamsport,US,modalshare,2019,0.3322,,commuters (to work),commute_mode_share,modalshare,,ModalShare (Prieto-Curiel et al.); orig: US CENSUS DATA - Commuting
Wilmington,wilmington,US,modalshare,2019,0.47959999999999997,,commuters (to work),commute_mode_share,modalshare,,ModalShare (Prieto-Curiel et al.); orig: US CENSUS DATA - Commuting
Winchester,winchester,US,modalshare,2019,0.1131,,commuters (to work),commute_mode_share,modalshare,,ModalShare (Prieto-Curiel et al.); orig: US CENSUS DATA - Commuting
Winnipeg,winnipeg,CA,modalshare,2016,2.0,,commuters (to work),commute_mode_share,modalshare,,ModalShare (Prieto-Curiel et al.); orig: Census Profile Canada
Winston-Salem,winston-salem,US,modalshare,2019,0.1153,,commuters (to work),commute_mode_share,modalshare,,ModalShare (Prieto-Curiel et al.); orig: US CENSUS DATA - Commuting
Witten,witten,DE,modalshare,2016,2.9000000000000004,,commuters (to work),commute_mode_share,modalshare,,ModalShare (Prieto-Curiel et al.); orig: Eurostat
Worcester,worcester,US,modalshare,2019,0.2439,,commuters (to work),commute_mode_share,modalshare,,ModalShare (Prieto-Curiel et al.); orig: US CENSUS DATA - Commuting
Wrexham,wrexham,UK,modalshare,2011,1.4070352,,commuters (to work),commute_mode_share,modalshare,,ModalShare (Prieto-Curiel et al.); orig: Eurostat
Wroclaw,wroclaw,PL,modalshare,2018,6.3317,,commuters (to work),commute_mode_share,modalshare,,ModalShare (Prieto-Curiel et al.); orig: Urban Audit
Wuppertal,wuppertal,DE,modalshare,2020,8.0,,commuters (to work),commute_mode_share,modalshare,,ModalShare (Prieto-Curiel et al.); orig: Mobilitätsbefragung 2020 Stadt Wuppertal
Yakima,yakima,US,modalshare,2019,0.21619999999999998,,commuters (to work),commute_mode_share,modalshare,,ModalShare (Prieto-Curiel et al.); orig: US CENSUS DATA - Commuting
York,york,UK,modalshare,2011,12.1730382,,commuters (to work),commute_mode_share,modalshare,,ModalShare (Prieto-Curiel et al.); orig: Eurostat
York-Hanover,york-hanover,US,modalshare,2019,0.1148,,commuters (to work),commute_mode_share,modalshare,,ModalShare (Prieto-Curiel et al.); orig: US CENSUS DATA - Commuting
Youngstown,youngstown,US,modalshare,2019,0.10790000000000001,,commuters (to work),commute_mode_share,modalshare,,ModalShare (Prieto-Curiel et al.); orig: US CENSUS DATA - Commuting
Yuma,yuma,US,modalshare,2019,0.2188,,commuters (to work),commute_mode_share,modalshare,,ModalShare (Prieto-Curiel et al.); orig: US CENSUS DATA - Commuting
Zagreb,zagreb,HR,modalshare,1998,1.0,,commuters (to work),commute_mode_share,modalshare,,ModalShare (Prieto-Curiel et al.); orig: The European Platform on Mobility Management
Zaragoza,zaragoza,ES,modalshare,2017,2.9175,,commuters (to work),commute_mode_share,modalshare,,ModalShare (Prieto-Curiel et al.); orig: Urban Audit
Zilina,zilina,SK,modalshare,2011,8.0,,commuters (to work),commute_mode_share,modalshare,,ModalShare (Prieto-Curiel et al.); orig: The European Platform on Mobility Management
Zlín,zlin,CZ,modalshare,2015,1.0,,commuters (to work),commute_mode_share,modalshare,,ModalShare (Prieto-Curiel et al.); orig: The European Platform on Mobility Management
Zurich,zurich,CH,modalshare,2021,7.799220099999999,,commuters (to work),commute_mode_share,modalshare,,ModalShare (Prieto-Curiel et al.); orig: Eurostat
Zwickau,zwickau,DE,modalshare,2016,4.5,,commuters (to work),commute_mode_share,modalshare,,ModalShare (Prieto-Curiel et al.); orig: Eurostat
Regensburg,regensburg,DE,modalshare,2018,24.0,,commuters (to work),commute_mode_share,modalshare,,ModalShare (Prieto-Curiel et al.); orig: Traffic Behavior - TU Dresden
Lucern,lucern,CH,modalshare,2021,9.0909091,,commuters (to work),commute_mode_share,modalshare,,ModalShare (Prieto-Curiel et al.); orig: Swiss Städtekonferenz Mobilität
St. Gallen,st. gallen,CH,modalshare,2021,7.7007701,,commuters (to work),commute_mode_share,modalshare,,ModalShare (Prieto-Curiel et al.); orig: Eurostat
Winterthur,winterthur,CH,modalshare,2021,17.49,,commuters (to work),commute_mode_share,modalshare,,ModalShare (Prieto-Curiel et al.); orig: Eurostat
Greater Suva,greater suva,FJ,modalshare,2024,0.7861635,,commuters (to work),commute_mode_share,modalshare,,ModalShare (Prieto-Curiel et al.); orig: University of South Pacific
A Coruña,a coruna,ES,modalshare,2008,0.10001,,commuters (to work),commute_mode_share,modalshare,,ModalShare (Prieto-Curiel et al.); orig: Eurostat
Aalborg,aalborg,DK,modalshare,2003,22.9827012,,commuters (to work),commute_mode_share,modalshare,,ModalShare (Prieto-Curiel et al.); orig: Eurostat
Acireale,acireale,IT,modalshare,2011,0.260104,,commuters (to work),commute_mode_share,modalshare,,ModalShare (Prieto-Curiel et al.); orig: Eurostat
Aix-en-Provence,aix-en-provence,FR,modalshare,2020,3.4000000000000004,,commuters (to work),commute_mode_share,modalshare,,ModalShare (Prieto-Curiel et al.); orig: Eurostat
Alessandria,alessandria,IT,modalshare,2011,6.7713543000000005,,commuters (to work),commute_mode_share,modalshare,,ModalShare (Prieto-Curiel et al.); orig: Eurostat
Alkmaar,alkmaar,NL,modalshare,2003,33.0,,commuters (to work),commute_mode_share,modalshare,,ModalShare (Prieto-Curiel et al.); orig: Eurostat
Almelo,almelo,NL,modalshare,2003,27.7227723,,commuters (to work),commute_mode_share,modalshare,,ModalShare (Prieto-Curiel et al.); orig: Eurostat
Altamura,altamura,IT,modalshare,2011,0.5801741,,commuters (to work),commute_mode_share,modalshare,,ModalShare (Prieto-Curiel et al.); orig: Eurostat
Ancona,ancona,IT,modalshare,2011,0.210042,,commuters (to work),commute_mode_share,modalshare,,ModalShare (Prieto-Curiel et al.); orig: Eurostat
Andria,andria,IT,modalshare,2011,3.6907381000000004,,commuters (to work),commute_mode_share,modalshare,,ModalShare (Prieto-Curiel et al.); orig: Eurostat
Angers,angers,FR,modalshare,2020,7.9,,commuters (to work),commute_mode_share,modalshare,,ModalShare (Prieto-Curiel et al.); orig: Eurostat
Annecy,annecy,FR,modalshare,2020,7.492507499999999,,commuters (to work),commute_mode_share,modalshare,,ModalShare (Prieto-Curiel et al.); orig: Eurostat
Anzio,anzio,IT,modalshare,2011,1.6803360999999999,,commuters (to work),commute_mode_share,modalshare,,ModalShare (Prieto-Curiel et al.); orig: Eurostat
Arezzo,arezzo,IT,modalshare,2011,3.3206641,,commuters (to work),commute_mode_share,modalshare,,ModalShare (Prieto-Curiel et al.); orig: Eurostat
Arras,arras,FR,modalshare,2020,2.7,,commuters (to work),commute_mode_share,modalshare,,ModalShare (Prieto-Curiel et al.); orig: Eurostat
Aschaffenburg,aschaffenburg,DE,modalshare,2016,9.1908092,,commuters (to work),commute_mode_share,modalshare,,ModalShare (Prieto-Curiel et al.); orig: Eurostat
Ashford,ashford,UK,modalshare,2011,2.7162978,,commuters (to work),commute_mode_share,modalshare,,ModalShare (Prieto-Curiel et al.); orig: Eurostat
Asti,asti,IT,modalshare,2011,1.5603121,,commuters (to work),commute_mode_share,modalshare,,ModalShare (Prieto-Curiel et al.); orig: Eurostat
Avellino,avellino,IT,modalshare,2011,0.290087,,commuters (to work),commute_mode_share,modalshare,,ModalShare (Prieto-Curiel et al.); orig: Eurostat
Avignon,avignon,FR,modalshare,2020,5.5055055,,commuters (to work),commute_mode_share,modalshare,,ModalShare (Prieto-Curiel et al.); orig: Eurostat
Badajoz,badajoz,ES,modalshare,2008,0.5988024,,commuters (to work),commute_mode_share,modalshare,,ModalShare (Prieto-Curiel et al.); orig: Eurostat
Bagheria,bagheria,IT,modalshare,2011,0.7102131,,commuters (to work),commute_mode_share,modalshare,,ModalShare (Prieto-Curiel et al.); orig: Eurostat
Banská Bystrica,banska bystrica,SK,modalshare,2008,3.0,,commuters (to work),commute_mode_share,modalshare,,ModalShare (Prieto-Curiel et al.); orig: Eurostat
Barletta,barletta,IT,modalshare,2011,4.0812244,,commuters (to work),commute_mode_share,modalshare,,ModalShare (Prieto-Curiel et al.); orig: Eurostat
Barnsley,barnsley,UK,modalshare,2011,0.7042254,,commuters (to work),commute_mode_share,modalshare,,ModalShare (Prieto-Curiel et al.); orig: Eurostat
Basildon,basildon,UK,modalshare,2011,1.8108651999999998,,commuters (to work),commute_mode_share,modalshare,,ModalShare (Prieto-Curiel et al.); orig: Eurostat
Basingstoke and Deane,basingstoke and deane,UK,modalshare,2011,2.3115578,,commuters (to work),commute_mode_share,modalshare,,ModalShare (Prieto-Curiel et al.); orig: Eurostat
Bath and North East Somerset,bath and north east somerset,UK,modalshare,2011,3.2258065,,commuters (to work),commute_mode_share,modalshare,,ModalShare (Prieto-Curiel et al.); orig: Eurostat
Battipaglia,battipaglia,IT,modalshare,2011,1.160232,,commuters (to work),commute_mode_share,modalshare,,ModalShare (Prieto-Curiel et al.); orig: Eurostat
Bayreuth,bayreuth,DE,modalshare,2016,18.5,,commuters (to work),commute_mode_share,modalshare,,ModalShare (Prieto-Curiel et al.); orig: Eurostat
Bedford,bedford,UK,modalshare,2011,4.1247485,,commuters (to work),commute_mode_share,modalshare,,ModalShare (Prieto-Curiel et al.); orig: Eurostat
Belfort,belfort,FR,modalshare,2020,4.0,,commuters (to work),commute_mode_share,modalshare,,ModalShare (Prieto-Curiel et al.); orig: Eurostat
Bergisch Gladbach,bergisch gladbach,DE,modalshare,2016,4.2957043,,commuters (to work),commute_mode_share,modalshare,,ModalShare (Prieto-Curiel et al.); orig: Eurostat
Béziers,beziers,FR,modalshare,2020,1.4014014,,commuters (to work),commute_mode_share,modalshare,,ModalShare (Prieto-Curiel et al.); orig: Eurostat
Biel/Bienne,biel/bienne,CH,modalshare,2014,6.8906890999999995,,commuters (to work),commute_mode_share,modalshare,,ModalShare (Prieto-Curiel et al.); orig: Eurostat
Bisceglie,bisceglie,IT,modalshare,2011,2.5307592,,commuters (to work),commute_mode_share,modalshare,,ModalShare (Prieto-Curiel et al.); orig: Eurostat
Bitonto,bitonto,IT,modalshare,2011,2.7208162000000002,,commuters (to work),commute_mode_share,modalshare,,ModalShare (Prieto-Curiel et al.); orig: Eurostat
Blackpool,blackpool,UK,modalshare,2011,3.4308778999999996,,commuters (to work),commute_mode_share,modalshare,,ModalShare (Prieto-Curiel et al.); orig: Eurostat
Blagoevgrad,blagoevgrad,BG,modalshare,2011,17.0,,commuters (to work),commute_mode_share,modalshare,,ModalShare (Prieto-Curiel et al.); orig: Eurostat
Bolton,bolton,UK,modalshare,2011,1.1066398,,commuters (to work),commute_mode_share,modalshare,,ModalShare (Prieto-Curiel et al.); orig: Eurostat
Bottrop,bottrop,DE,modalshare,2016,4.3,,commuters (to work),commute_mode_share,modalshare,,ModalShare (Prieto-Curiel et al.); orig: Eurostat
Boulogne-sur-Mer,boulogne-sur-mer,FR,modalshare,2020,1.2987013,,commuters (to work),commute_mode_share,modalshare,,ModalShare (Prieto-Curiel et al.); orig: Eurostat
Bourges,bourges,FR,modalshare,2020,4.5,,commuters (to work),commute_mode_share,modalshare,,ModalShare (Prieto-Curiel et al.); orig: Eurostat
Bournemouth,bournemouth,UK,modalshare,2011,5.0403226000000005,,commuters (to work),commute_mode_share,modalshare,,ModalShare (Prieto-Curiel et al.); orig: Eurostat
Bracknell Forest,bracknell forest,UK,modalshare,2011,2.4144869,,commuters (to work),commute_mode_share,modalshare,,ModalShare (Prieto-Curiel et al.); orig: Eurostat
Bradford,bradford,UK,modalshare,2011,0.8056395,,commuters (to work),commute_mode_share,modalshare,,ModalShare (Prieto-Curiel et al.); orig: Eurostat
Brandenburg an der Havel,brandenburg an der havel,DE,modalshare,2016,19.519519499999998,,commuters (to work),commute_mode_share,modalshare,,ModalShare (Prieto-Curiel et al.); orig: Eurostat
Bremerhaven,bremerhaven,DE,modalshare,2016,12.5,,commuters (to work),commute_mode_share,modalshare,,ModalShare (Prieto-Curiel et al.); orig: Eurostat
Brighton and Hove,brighton and hove,UK,modalshare,2011,5.3427419,,commuters (to work),commute_mode_share,modalshare,,ModalShare (Prieto-Curiel et al.); orig: Eurostat
Brindisi,brindisi,IT,modalshare,2011,0.9701939999999999,,commuters (to work),commute_mode_share,modalshare,,ModalShare (Prieto-Curiel et al.); orig: Eurostat
Burnley,burnley,UK,modalshare,2011,1.1055275999999998,,commuters (to work),commute_mode_share,modalshare,,ModalShare (Prieto-Curiel et al.); orig: Eurostat
Bury,bury,UK,modalshare,2011,1.4070352,,commuters (to work),commute_mode_share,modalshare,,ModalShare (Prieto-Curiel et al.); orig: Eurostat
Caen,caen,FR,modalshare,2020,5.5,,commuters (to work),commute_mode_share,modalshare,,ModalShare (Prieto-Curiel et al.); orig: Eurostat
Calais,calais,FR,modalshare,2020,2.9000000000000004,,commuters (to work),commute_mode_share,modalshare,,ModalShare (Prieto-Curiel et al.); orig: Eurostat
Cambridge,cambridge,UK,modalshare,2011,32.1248741,,commuters (to work),commute_mode_share,modalshare,,ModalShare (Prieto-Curiel et al.); orig: Eurostat
Campobasso,campobasso,IT,modalshare,2011,0.040012,,commuters (to work),commute_mode_share,modalshare,,ModalShare (Prieto-Curiel et al.); orig: Eurostat
Cannes-Antibes,cannes-antibes,FR,modalshare,2020,1.7999999999999998,,commuters (to work),commute_mode_share,modalshare,,ModalShare (Prieto-Curiel et al.); orig: Eurostat
Cannock Chase,cannock chase,UK,modalshare,2011,1.4056225,,commuters (to work),commute_mode_share,modalshare,,ModalShare (Prieto-Curiel et al.); orig: Eurostat
Cardiff,cardiff,UK,modalshare,2011,3.8229376000000004,,commuters (to work),commute_mode_share,modalshare,,ModalShare (Prieto-Curiel et al.); orig: Eurostat
Carlisle,carlisle,UK,modalshare,2011,2.8140704,,commuters (to work),commute_mode_share,modalshare,,ModalShare (Prieto-Curiel et al.); orig: Eurostat
Carpi,carpi,IT,modalshare,2011,10.7810781,,commuters (to work),commute_mode_share,modalshare,,ModalShare (Prieto-Curiel et al.); orig: Eurostat
Caserta ,caserta,IT,modalshare,2011,3.0106021,,commuters (to work),commute_mode_share,modalshare,,ModalShare (Prieto-Curiel et al.); orig: Eurostat
Catanzaro,catanzaro,IT,modalshare,2011,0.060011999999999996,,commuters (to work),commute_mode_share,modalshare,,ModalShare (Prieto-Curiel et al.); orig: Eurostat
Cayenne,cayenne,FR,modalshare,2020,3.6036036,,commuters (to work),commute_mode_share,modalshare,,ModalShare (Prieto-Curiel et al.); orig: Eurostat
Celle,celle,DE,modalshare,2016,25.900000000000002,,commuters (to work),commute_mode_share,modalshare,,ModalShare (Prieto-Curiel et al.); orig: Eurostat
Cerignola,cerignola,IT,modalshare,2011,1.7405222000000002,,commuters (to work),commute_mode_share,modalshare,,ModalShare (Prieto-Curiel et al.); orig: Eurostat
Chambéry,chambery,FR,modalshare,2020,7.3999999999999995,,commuters (to work),commute_mode_share,modalshare,,ModalShare (Prieto-Curiel et al.); orig: Eurostat
Chartres,chartres,FR,modalshare,2020,4.5,,commuters (to work),commute_mode_share,modalshare,,ModalShare (Prieto-Curiel et al.); orig: Eurostat
Chelmsford,chelmsford,UK,modalshare,2011,3.1187123,,commuters (to work),commute_mode_share,modalshare,,ModalShare (Prieto-Curiel et al.); orig: Eurostat
Cheltenham,cheltenham,UK,modalshare,2011,7.0351759,,commuters (to work),commute_mode_share,modalshare,,ModalShare (Prieto-Curiel et al.); orig: Eurostat
Cherbourg-en-Cotentin,cherbourg-en-cotentin,FR,modalshare,2020,5.1,,commuters (to work),commute_mode_share,modalshare,,ModalShare (Prieto-Curiel et al.); orig: Eurostat
Cheshire West and Chester,cheshire west and chester,UK,modalshare,2011,2.8197382,,commuters (to work),commute_mode_share,modalshare,,ModalShare (Prieto-Curiel et al.); orig: Eurostat
Chesterfield,chesterfield,UK,modalshare,2011,1.1044177,,commuters (to work),commute_mode_share,modalshare,,ModalShare (Prieto-Curiel et al.); orig: Eurostat
Colchester,colchester,UK,modalshare,2011,4.2211055,,commuters (to work),commute_mode_share,modalshare,,ModalShare (Prieto-Curiel et al.); orig: Eurostat
Colmar,colmar,FR,modalshare,2020,9.1,,commuters (to work),commute_mode_share,modalshare,,ModalShare (Prieto-Curiel et al.); orig: Eurostat
Como,como,IT,modalshare,2011,3.6014406,,commuters (to work),commute_mode_share,modalshare,,ModalShare (Prieto-Curiel et al.); orig: Eurostat
Cosenza,cosenza,IT,modalshare,2011,0.280084,,commuters (to work),commute_mode_share,modalshare,,ModalShare (Prieto-Curiel et al.); orig: Eurostat
Coventry,coventry,UK,modalshare,2011,2.7217742,,commuters (to work),commute_mode_share,modalshare,,ModalShare (Prieto-Curiel et al.); orig: Eurostat
Crawley,crawley,UK,modalshare,2011,2.6156942,,commuters (to work),commute_mode_share,modalshare,,ModalShare (Prieto-Curiel et al.); orig: Eurostat
Creil,creil,FR,modalshare,2020,1.4014014,,commuters (to work),commute_mode_share,modalshare,,ModalShare (Prieto-Curiel et al.); orig: Eurostat
Cremona,cremona,IT,modalshare,2011,13.9927986,,commuters (to work),commute_mode_share,modalshare,,ModalShare (Prieto-Curiel et al.); orig: Eurostat
Dacorum,dacorum,UK,modalshare,2011,1.2072435,,commuters (to work),commute_mode_share,modalshare,,ModalShare (Prieto-Curiel et al.); orig: Eurostat
Darlington,darlington,UK,modalshare,2011,2.5176233999999997,,commuters (to work),commute_mode_share,modalshare,,ModalShare (Prieto-Curiel et al.); orig: Eurostat
Derby,derby,UK,modalshare,2011,3.9195979999999997,,commuters (to work),commute_mode_share,modalshare,,ModalShare (Prieto-Curiel et al.); orig: Eurostat
Dessau-Roßlau,dessau-roßlau,DE,modalshare,2016,20.1201201,,commuters (to work),commute_mode_share,modalshare,,ModalShare (Prieto-Curiel et al.); orig: Eurostat
Deventer,deventer,NL,modalshare,2003,30.0,,commuters (to work),commute_mode_share,modalshare,,ModalShare (Prieto-Curiel et al.); orig: Eurostat
Dijon,dijon,FR,modalshare,2020,6.4,,commuters (to work),commute_mode_share,modalshare,,ModalShare (Prieto-Curiel et al.); orig: Eurostat
Dobrich,dobrich,BG,modalshare,2011,16.0,,commuters (to work),commute_mode_share,modalshare,,ModalShare (Prieto-Curiel et al.); orig: Eurostat
Doncaster,doncaster,UK,modalshare,2011,2.6130653,,commuters (to work),commute_mode_share,modalshare,,ModalShare (Prieto-Curiel et al.); orig: Eurostat
Douai,douai,FR,modalshare,2020,3.4034033999999997,,commuters (to work),commute_mode_share,modalshare,,ModalShare (Prieto-Curiel et al.); orig: Eurostat
Dudley,dudley,UK,modalshare,2011,1.3052209000000001,,commuters (to work),commute_mode_share,modalshare,,ModalShare (Prieto-Curiel et al.); orig: Eurostat
Dundee City,dundee city,UK,modalshare,2011,1.4020576999999999,,commuters (to work),commute_mode_share,modalshare,,ModalShare (Prieto-Curiel et al.); orig: Eurostat
East Staffordshire,east staffordshire,UK,modalshare,2011,3.4170854,,commuters (to work),commute_mode_share,modalshare,,ModalShare (Prieto-Curiel et al.); orig: Eurostat
Eastbourne,eastbourne,UK,modalshare,2011,3.2193159,,commuters (to work),commute_mode_share,modalshare,,ModalShare (Prieto-Curiel et al.); orig: Eurostat
Ede,ede,NL,modalshare,2003,25.0,,commuters (to work),commute_mode_share,modalshare,,ModalShare (Prieto-Curiel et al.); orig: Eurostat
Esslingen am Neckar,esslingen am neckar,DE,modalshare,2016,6.7067067,,commuters (to work),commute_mode_share,modalshare,,ModalShare (Prieto-Curiel et al.); orig: Eurostat
Exeter,exeter,UK,modalshare,2011,6.6331658000000004,,commuters (to work),commute_mode_share,modalshare,,ModalShare (Prieto-Curiel et al.); orig: Eurostat
Falkirk,falkirk,UK,modalshare,2011,1.0990119,,commuters (to work),commute_mode_share,modalshare,,ModalShare (Prieto-Curiel et al.); orig: Eurostat
Flensburg,flensburg,DE,modalshare,2016,10.9,,commuters (to work),commute_mode_share,modalshare,,ModalShare (Prieto-Curiel et al.); orig: Eurostat
Forlì,forli,IT,modalshare,2011,9.8529559,,commuters (to work),commute_mode_share,modalshare,,ModalShare (Prieto-Curiel et al.); orig: Eurostat
Fort-de-France,fort-de-france,FR,modalshare,2020,0.3,,commuters (to work),commute_mode_share,modalshare,,ModalShare (Prieto-Curiel et al.); orig: Eurostat
Frankenthal (Pfalz),frankenthal (pfalz),DE,modalshare,2016,11.5,,commuters (to work),commute_mode_share,modalshare,,ModalShare (Prieto-Curiel et al.); orig: Eurostat
Fréjus,frejus,FR,modalshare,2020,1.6016016000000002,,commuters (to work),commute_mode_share,modalshare,,ModalShare (Prieto-Curiel et al.); orig: Eurostat
Friedrichshafen,friedrichshafen,DE,modalshare,2016,16.6,,commuters (to work),commute_mode_share,modalshare,,ModalShare (Prieto-Curiel et al.); orig: Eurostat
Fulda,fulda,DE,modalshare,2016,5.305305300000001,,commuters (to work),commute_mode_share,modalshare,,ModalShare (Prieto-Curiel et al.); orig: Eurostat
Gateshead,gateshead,UK,modalshare,2011,1.5090543,,commuters (to work),commute_mode_share,modalshare,,ModalShare (Prieto-Curiel et al.); orig: Eurostat
Gela,gela,IT,modalshare,2011,0.560112,,commuters (to work),commute_mode_share,modalshare,,ModalShare (Prieto-Curiel et al.); orig: Eurostat
Gelsenkirchen,gelsenkirchen,DE,modalshare,2016,4.3,,commuters (to work),commute_mode_share,modalshare,,ModalShare (Prieto-Curiel et al.); orig: Eurostat
Geneva,geneva,CH,modalshare,2021,11.469999999999999,,commuters (to work),commute_mode_share,modalshare,,ModalShare (Prieto-Curiel et al.); orig: Eurostat
Giessen,giessen,DE,modalshare,2016,14.985014999999999,,commuters (to work),commute_mode_share,modalshare,,ModalShare (Prieto-Curiel et al.); orig: Eurostat
Glasgow,glasgow,UK,modalshare,2011,1.8337531,,commuters (to work),commute_mode_share,modalshare,,ModalShare (Prieto-Curiel et al.); orig: Eurostat
Gloucester,gloucester,UK,modalshare,2011,5.2261307,,commuters (to work),commute_mode_share,modalshare,,ModalShare (Prieto-Curiel et al.); orig: Eurostat
Gorlitz,gorlitz,DE,modalshare,2016,7.9,,commuters (to work),commute_mode_share,modalshare,,ModalShare (Prieto-Curiel et al.); orig: Eurostat
Gravesham,gravesham,UK,modalshare,2011,1.0060362,,commuters (to work),commute_mode_share,modalshare,,ModalShare (Prieto-Curiel et al.); orig: Eurostat
Great Yarmouth,great yarmouth,UK,modalshare,2011,4.5128205,,commuters (to work),commute_mode_share,modalshare,,ModalShare (Prieto-Curiel et al.); orig: Eurostat
Grosseto,grosseto,IT,modalshare,2011,7.4822447,,commuters (to work),commute_mode_share,modalshare,,ModalShare (Prieto-Curiel et al.); orig: Eurostat
Guildford,guildford,UK,modalshare,2011,2.8197382,,commuters (to work),commute_mode_share,modalshare,,ModalShare (Prieto-Curiel et al.); orig: Eurostat
Guimaraes,guimaraes,PT,modalshare,2011,0.17549289999999998,,commuters (to work),commute_mode_share,modalshare,,ModalShare (Prieto-Curiel et al.); orig: Eurostat
Haarlem,haarlem,NL,modalshare,2003,29.292929299999997,,commuters (to work),commute_mode_share,modalshare,,ModalShare (Prieto-Curiel et al.); orig: Eurostat
Hagen,hagen,DE,modalshare,2016,1.3,,commuters (to work),commute_mode_share,modalshare,,ModalShare (Prieto-Curiel et al.); orig: Eurostat
Halle an der Saale,halle an der saale,DE,modalshare,2016,12.8871129,,commuters (to work),commute_mode_share,modalshare,,ModalShare (Prieto-Curiel et al.); orig: Eurostat
Halton,halton,UK,modalshare,2011,2.2132796999999997,,commuters (to work),commute_mode_share,modalshare,,ModalShare (Prieto-Curiel et al.); orig: Eurostat
Hanau,hanau,DE,modalshare,2016,5.7,,commuters (to work),commute_mode_share,modalshare,,ModalShare (Prieto-Curiel et al.); orig: Eurostat
Harlow,harlow,UK,modalshare,2011,2.6156942,,commuters (to work),commute_mode_share,modalshare,,ModalShare (Prieto-Curiel et al.); orig: Eurostat
Hartlepool,hartlepool,UK,modalshare,2011,2.0202020000000003,,commuters (to work),commute_mode_share,modalshare,,ModalShare (Prieto-Curiel et al.); orig: Eurostat
Hastings,hastings,UK,modalshare,2011,1.6129032,,commuters (to work),commute_mode_share,modalshare,,ModalShare (Prieto-Curiel et al.); orig: Eurostat
Hayange,hayange,FR,modalshare,2020,0.7007007,,commuters (to work),commute_mode_share,modalshare,,ModalShare (Prieto-Curiel et al.); orig: Eurostat
Heerlen,heerlen,NL,modalshare,2003,10.1010101,,commuters (to work),commute_mode_share,modalshare,,ModalShare (Prieto-Curiel et al.); orig: Eurostat
Helmond,helmond,NL,modalshare,2003,26.0,,commuters (to work),commute_mode_share,modalshare,,ModalShare (Prieto-Curiel et al.); orig: Eurostat
Hengelo,hengelo,NL,modalshare,2003,32.0,,commuters (to work),commute_mode_share,modalshare,,ModalShare (Prieto-Curiel et al.); orig: Eurostat
Herne,herne,DE,modalshare,2016,4.8048048,,commuters (to work),commute_mode_share,modalshare,,ModalShare (Prieto-Curiel et al.); orig: Eurostat
Hyndburn,hyndburn,UK,modalshare,2011,1.2060302,,commuters (to work),commute_mode_share,modalshare,,ModalShare (Prieto-Curiel et al.); orig: Eurostat
Ingolstadt,ingolstadt,DE,modalshare,2016,20.5,,commuters (to work),commute_mode_share,modalshare,,ModalShare (Prieto-Curiel et al.); orig: Eurostat
Iserlohn,iserlohn,DE,modalshare,2016,1.2,,commuters (to work),commute_mode_share,modalshare,,ModalShare (Prieto-Curiel et al.); orig: Eurostat
Jonkoping,jonkoping,SE,modalshare,2005,8.0,,commuters (to work),commute_mode_share,modalshare,,ModalShare (Prieto-Curiel et al.); orig: Eurostat
Kempten,kempten,DE,modalshare,2016,9.4,,commuters (to work),commute_mode_share,modalshare,,ModalShare (Prieto-Curiel et al.); orig: Eurostat
Kingston-upon-Hull,kingston-upon-hull,UK,modalshare,2011,8.375378399999999,,commuters (to work),commute_mode_share,modalshare,,ModalShare (Prieto-Curiel et al.); orig: Eurostat
Kirklees,kirklees,UK,modalshare,2011,1.0050251,,commuters (to work),commute_mode_share,modalshare,,ModalShare (Prieto-Curiel et al.); orig: Eurostat
Kosice,kosice,SK,modalshare,2008,1.0,,commuters (to work),commute_mode_share,modalshare,,ModalShare (Prieto-Curiel et al.); orig: Eurostat
Kuopio,kuopio,FI,modalshare,2011,35.6356356,,commuters (to work),commute_mode_share,modalshare,,ModalShare (Prieto-Curiel et al.); orig: Eurostat
La Rochelle,la rochelle,FR,modalshare,2020,13.1868132,,commuters (to work),commute_mode_share,modalshare,,ModalShare (Prieto-Curiel et al.); orig: Eurostat
La Seyne-sur-Mer,la seyne-sur-mer,FR,modalshare,2020,2.6,,commuters (to work),commute_mode_share,modalshare,,ModalShare (Prieto-Curiel et al.); orig: Eurostat
La Spezia,la spezia,IT,modalshare,2011,2.3004601,,commuters (to work),commute_mode_share,modalshare,,ModalShare (Prieto-Curiel et al.); orig: Eurostat
Lahti,lahti,FI,modalshare,2018,17.0,,commuters (to work),commute_mode_share,modalshare,,ModalShare (Prieto-Curiel et al.); orig: Eurostat
Landshut,landshut,DE,modalshare,2016,11.799999999999999,,commuters (to work),commute_mode_share,modalshare,,ModalShare (Prieto-Curiel et al.); orig: Eurostat
L'Aquila,l'aquila,IT,modalshare,2011,0.11002200000000001,,commuters (to work),commute_mode_share,modalshare,,ModalShare (Prieto-Curiel et al.); orig: Eurostat
Latina,latina,IT,modalshare,2011,1.4802961,,commuters (to work),commute_mode_share,modalshare,,ModalShare (Prieto-Curiel et al.); orig: Eurostat
Lecce,lecce,IT,modalshare,2011,3.6507301,,commuters (to work),commute_mode_share,modalshare,,ModalShare (Prieto-Curiel et al.); orig: Eurostat
Lecco,lecco,IT,modalshare,2011,1.5903181,,commuters (to work),commute_mode_share,modalshare,,ModalShare (Prieto-Curiel et al.); orig: Eurostat
Leeuwarden,leeuwarden,NL,modalshare,2003,32.3232323,,commuters (to work),commute_mode_share,modalshare,,ModalShare (Prieto-Curiel et al.); orig: Eurostat
Leiden,leiden,NL,modalshare,2003,35.0,,commuters (to work),commute_mode_share,modalshare,,ModalShare (Prieto-Curiel et al.); orig: Eurostat
Lelystad,lelystad,NL,modalshare,2003,17.8217822,,commuters (to work),commute_mode_share,modalshare,,ModalShare (Prieto-Curiel et al.); orig: Eurostat
Leverkusen,leverkusen,DE,modalshare,2016,10.299999999999999,,commuters (to work),commute_mode_share,modalshare,,ModalShare (Prieto-Curiel et al.); orig: Eurostat
Lincoln,lincoln,UK,modalshare,2011,6.3316583,,commuters (to work),commute_mode_share,modalshare,,ModalShare (Prieto-Curiel et al.); orig: Eurostat
Livorno,livorno,IT,modalshare,2011,8.9417884,,commuters (to work),commute_mode_share,modalshare,,ModalShare (Prieto-Curiel et al.); orig: Eurostat
Logroño,logrono,ES,modalshare,2008,0.4970179,,commuters (to work),commute_mode_share,modalshare,,ModalShare (Prieto-Curiel et al.); orig: Eurostat
Lucerne,lucerne,CH,modalshare,2021,14.16,,commuters (to work),commute_mode_share,modalshare,,ModalShare (Prieto-Curiel et al.); orig: Eurostat
Ludwigshafen am Rhein,ludwigshafen am rhein,DE,modalshare,2016,12.1878122,,commuters (to work),commute_mode_share,modalshare,,ModalShare (Prieto-Curiel et al.); orig: Eurostat
Lugano,lugano,CH,modalshare,2021,3.6799999999999997,,commuters (to work),commute_mode_share,modalshare,,ModalShare (Prieto-Curiel et al.); orig: Eurostat
Luneburg,luneburg,DE,modalshare,2016,25.325325300000003,,commuters (to work),commute_mode_share,modalshare,,ModalShare (Prieto-Curiel et al.); orig: Eurostat
Luton,luton,UK,modalshare,2011,1.4098691,,commuters (to work),commute_mode_share,modalshare,,ModalShare (Prieto-Curiel et al.); orig: Eurostat
Maastricht,maastricht,NL,modalshare,2003,22.772277199999998,,commuters (to work),commute_mode_share,modalshare,,ModalShare (Prieto-Curiel et al.); orig: Eurostat
Maidstone,maidstone,UK,modalshare,2011,1.3078471,,commuters (to work),commute_mode_share,modalshare,,ModalShare (Prieto-Curiel et al.); orig: Eurostat
Mamoudzou,mamoudzou,FR,modalshare,2017,0.6,,commuters (to work),commute_mode_share,modalshare,,ModalShare (Prieto-Curiel et al.); orig: Eurostat
Mansfield,mansfield,UK,modalshare,2011,1.5060241,,commuters (to work),commute_mode_share,modalshare,,ModalShare (Prieto-Curiel et al.); orig: Eurostat
Mantes-la-Jolie,mantes-la-jolie,FR,modalshare,2020,0.9009009,,commuters (to work),commute_mode_share,modalshare,,ModalShare (Prieto-Curiel et al.); orig: Eurostat
Marburg,marburg,DE,modalshare,2016,9.790209800000001,,commuters (to work),commute_mode_share,modalshare,,ModalShare (Prieto-Curiel et al.); orig: Eurostat
Martigues,martigues,FR,modalshare,2020,0.40040040000000005,,commuters (to work),commute_mode_share,modalshare,,ModalShare (Prieto-Curiel et al.); orig: Eurostat
Massa,massa,IT,modalshare,2011,3.6410923,,commuters (to work),commute_mode_share,modalshare,,ModalShare (Prieto-Curiel et al.); orig: Eurostat
Matera,matera,IT,modalshare,2011,0.34010199999999996,,commuters (to work),commute_mode_share,modalshare,,ModalShare (Prieto-Curiel et al.); orig: Eurostat
Meaux,meaux,FR,modalshare,2020,1.2987013,,commuters (to work),commute_mode_share,modalshare,,ModalShare (Prieto-Curiel et al.); orig: Eurostat
Medway,medway,UK,modalshare,2011,1.2060302,,commuters (to work),commute_mode_share,modalshare,,ModalShare (Prieto-Curiel et al.); orig: Eurostat
Melun,melun,FR,modalshare,2020,1.0989011,,commuters (to work),commute_mode_share,modalshare,,ModalShare (Prieto-Curiel et al.); orig: Eurostat
Metz,metz,FR,modalshare,2020,2.7027026999999997,,commuters (to work),commute_mode_share,modalshare,,ModalShare (Prieto-Curiel et al.); orig: Eurostat
Middlesbrough,middlesbrough,UK,modalshare,2011,2.6289181,,commuters (to work),commute_mode_share,modalshare,,ModalShare (Prieto-Curiel et al.); orig: Eurostat
Milton Keynes,milton keynes,UK,modalshare,2011,3.0181087,,commuters (to work),commute_mode_share,modalshare,,ModalShare (Prieto-Curiel et al.); orig: Eurostat
Modena,modena,IT,modalshare,2011,8.1924577,,commuters (to work),commute_mode_share,modalshare,,ModalShare (Prieto-Curiel et al.); orig: Eurostat
Moers,moers,DE,modalshare,2016,8.108108099999999,,commuters (to work),commute_mode_share,modalshare,,ModalShare (Prieto-Curiel et al.); orig: Eurostat
Molfetta,molfetta,IT,modalshare,2011,0.6401279999999999,,commuters (to work),commute_mode_share,modalshare,,ModalShare (Prieto-Curiel et al.); orig: Eurostat
Mönchengladbach,monchengladbach,DE,modalshare,2016,5.005005,,commuters (to work),commute_mode_share,modalshare,,ModalShare (Prieto-Curiel et al.); orig: Eurostat
Mons,mons,BE,modalshare,2011,1.6134005,,commuters (to work),commute_mode_share,modalshare,,ModalShare (Prieto-Curiel et al.); orig: Eurostat
Montbeliard,montbeliard,FR,modalshare,2020,1.8981019,,commuters (to work),commute_mode_share,modalshare,,ModalShare (Prieto-Curiel et al.); orig: Eurostat
Mulheim a.d.Ruhr,mulheim a.d.ruhr,DE,modalshare,2016,3.0,,commuters (to work),commute_mode_share,modalshare,,ModalShare (Prieto-Curiel et al.); orig: Eurostat
Mulhouse,mulhouse,FR,modalshare,2020,3.2967033,,commuters (to work),commute_mode_share,modalshare,,ModalShare (Prieto-Curiel et al.); orig: Eurostat
Neubrandenburg,neubrandenburg,DE,modalshare,2016,15.884115900000001,,commuters (to work),commute_mode_share,modalshare,,ModalShare (Prieto-Curiel et al.); orig: Eurostat
Neumunster,neumunster,DE,modalshare,2016,15.415415399999999,,commuters (to work),commute_mode_share,modalshare,,ModalShare (Prieto-Curiel et al.); orig: Eurostat
Neu-Ulm,neu-ulm,DE,modalshare,2016,10.0,,commuters (to work),commute_mode_share,modalshare,,ModalShare (Prieto-Curiel et al.); orig: Eurostat
Newcastle-under-Lyme,newcastle-under-lyme,UK,modalshare,2011,1.2060302,,commuters (to work),commute_mode_share,modalshare,,ModalShare (Prieto-Curiel et al.); orig: Eurostat
Newport,newport,UK,modalshare,2011,1.5090543,,commuters (to work),commute_mode_share,modalshare,,ModalShare (Prieto-Curiel et al.); orig: Eurostat
Nicosia,nicosia,CY,modalshare,2001,0.9708738,,commuters (to work),commute_mode_share,modalshare,,ModalShare (Prieto-Curiel et al.); orig: Eurostat
Nimes,nimes,FR,modalshare,2020,4.995005,,commuters (to work),commute_mode_share,modalshare,,ModalShare (Prieto-Curiel et al.); orig: Eurostat
Nitra,nitra,SK,modalshare,2008,7.000000000000001,,commuters (to work),commute_mode_share,modalshare,,ModalShare (Prieto-Curiel et al.); orig: Eurostat
North East Lincolnshire,north east lincolnshire,UK,modalshare,2011,5.6508576999999995,,commuters (to work),commute_mode_share,modalshare,,ModalShare (Prieto-Curiel et al.); orig: Eurostat
North Tyneside,north tyneside,UK,modalshare,2011,2.6289181,,commuters (to work),commute_mode_share,modalshare,,ModalShare (Prieto-Curiel et al.); orig: Eurostat
Northampton,northampton,UK,modalshare,2011,2.7135678,,commuters (to work),commute_mode_share,modalshare,,ModalShare (Prieto-Curiel et al.); orig: Eurostat
Novara,novara,IT,modalshare,2011,9.8229469,,commuters (to work),commute_mode_share,modalshare,,ModalShare (Prieto-Curiel et al.); orig: Eurostat
Nuneaton and Bedworth,nuneaton and bedworth,UK,modalshare,2011,2.2110553,,commuters (to work),commute_mode_share,modalshare,,ModalShare (Prieto-Curiel et al.); orig: Eurostat
Offenbach am Main,offenbach am main,DE,modalshare,2016,9.390609399999999,,commuters (to work),commute_mode_share,modalshare,,ModalShare (Prieto-Curiel et al.); orig: Eurostat
Offenburg,offenburg,DE,modalshare,2016,20.200000000000003,,commuters (to work),commute_mode_share,modalshare,,ModalShare (Prieto-Curiel et al.); orig: Eurostat
Oldenburg (Oldenburg),oldenburg (oldenburg),DE,modalshare,2016,29.9,,commuters (to work),commute_mode_share,modalshare,,ModalShare (Prieto-Curiel et al.); orig: Eurostat
Oldham,oldham,UK,modalshare,2011,1.1077543,,commuters (to work),commute_mode_share,modalshare,,ModalShare (Prieto-Curiel et al.); orig: Eurostat
Oostende,oostende,BE,modalshare,2011,20.9812109,,commuters (to work),commute_mode_share,modalshare,,ModalShare (Prieto-Curiel et al.); orig: Eurostat
Orléans,orleans,FR,modalshare,2020,5.0,,commuters (to work),commute_mode_share,modalshare,,ModalShare (Prieto-Curiel et al.); orig: Eurostat
Oulu/Uleåborg,oulu/uleaborg,FI,modalshare,2011,24.242424200000002,,commuters (to work),commute_mode_share,modalshare,,ModalShare (Prieto-Curiel et al.); orig: Eurostat
Oviedo,oviedo,ES,modalshare,2008,0.09970090000000001,,commuters (to work),commute_mode_share,modalshare,,ModalShare (Prieto-Curiel et al.); orig: Eurostat
Oxford,oxford,UK,modalshare,2011,18.8508065,,commuters (to work),commute_mode_share,modalshare,,ModalShare (Prieto-Curiel et al.); orig: Eurostat
Palma de Mallorca,palma de mallorca,ES,modalshare,2008,0.7101419999999999,,commuters (to work),commute_mode_share,modalshare,,ModalShare (Prieto-Curiel et al.); orig: Eurostat
Paredes,paredes,PT,modalshare,2011,0.42046970000000006,,commuters (to work),commute_mode_share,modalshare,,ModalShare (Prieto-Curiel et al.); orig: Eurostat
Passau,passau,DE,modalshare,2016,4.2,,commuters (to work),commute_mode_share,modalshare,,ModalShare (Prieto-Curiel et al.); orig: Eurostat
Pazardzhik,pazardzhik,BG,modalshare,2011,18.0,,commuters (to work),commute_mode_share,modalshare,,ModalShare (Prieto-Curiel et al.); orig: Eurostat
Pernik,pernik,BG,modalshare,2011,12.0,,commuters (to work),commute_mode_share,modalshare,,ModalShare (Prieto-Curiel et al.); orig: Eurostat
Perpignan,perpignan,FR,modalshare,2020,2.7,,commuters (to work),commute_mode_share,modalshare,,ModalShare (Prieto-Curiel et al.); orig: Eurostat
Perugia,perugia,IT,modalshare,2011,0.17003400000000002,,commuters (to work),commute_mode_share,modalshare,,ModalShare (Prieto-Curiel et al.); orig: Eurostat
Pesaro,pesaro,IT,modalshare,2011,10.4541817,,commuters (to work),commute_mode_share,modalshare,,ModalShare (Prieto-Curiel et al.); orig: Eurostat
Pescara,pescara,IT,modalshare,2011,3.3706741,,commuters (to work),commute_mode_share,modalshare,,ModalShare (Prieto-Curiel et al.); orig: Eurostat
Piacenza,piacenza,IT,modalshare,2011,11.523456999999999,,commuters (to work),commute_mode_share,modalshare,,ModalShare (Prieto-Curiel et al.); orig: Eurostat
Pisa,pisa,IT,modalshare,2011,6.5319595999999995,,commuters (to work),commute_mode_share,modalshare,,ModalShare (Prieto-Curiel et al.); orig: Eurostat
Plauen,plauen,DE,modalshare,2016,2.7027026999999997,,commuters (to work),commute_mode_share,modalshare,,ModalShare (Prieto-Curiel et al.); orig: Eurostat
Plovdiv,plovdiv,BG,modalshare,2011,8.0,,commuters (to work),commute_mode_share,modalshare,,ModalShare (Prieto-Curiel et al.); orig: Eurostat
Plymouth,plymouth,UK,modalshare,2011,2.7272727,,commuters (to work),commute_mode_share,modalshare,,ModalShare (Prieto-Curiel et al.); orig: Eurostat
Poitiers,poitiers,FR,modalshare,2020,4.7952048,,commuters (to work),commute_mode_share,modalshare,,ModalShare (Prieto-Curiel et al.); orig: Eurostat
Ponta Delgada,ponta delgada,PT,modalshare,2011,0.1782718,,commuters (to work),commute_mode_share,modalshare,,ModalShare (Prieto-Curiel et al.); orig: Eurostat
Pordenone,pordenone,IT,modalshare,2011,8.5517103,,commuters (to work),commute_mode_share,modalshare,,ModalShare (Prieto-Curiel et al.); orig: Eurostat
Portsmouth,portsmouth,UK,modalshare,2011,7.7620968,,commuters (to work),commute_mode_share,modalshare,,ModalShare (Prieto-Curiel et al.); orig: Eurostat
Potenza,potenza,IT,modalshare,2011,0.070014,,commuters (to work),commute_mode_share,modalshare,,ModalShare (Prieto-Curiel et al.); orig: Eurostat
Póvoa de Varzim,povoa de varzim,PT,modalshare,2011,2.2767075,,commuters (to work),commute_mode_share,modalshare,,ModalShare (Prieto-Curiel et al.); orig: Eurostat
Prato,prato,IT,modalshare,2011,3.6007201,,commuters (to work),commute_mode_share,modalshare,,ModalShare (Prieto-Curiel et al.); orig: Eurostat
Prešov,presov,SK,modalshare,2004,14.280000000000001,,commuters (to work),commute_mode_share,modalshare,,ModalShare (Prieto-Curiel et al.); orig: Eurostat
Preston,preston,UK,modalshare,2011,2.4144869,,commuters (to work),commute_mode_share,modalshare,,ModalShare (Prieto-Curiel et al.); orig: Eurostat
Quimper,quimper,FR,modalshare,2020,2.1021021,,commuters (to work),commute_mode_share,modalshare,,ModalShare (Prieto-Curiel et al.); orig: Eurostat
Ragusa,ragusa,IT,modalshare,2011,0.180054,,commuters (to work),commute_mode_share,modalshare,,ModalShare (Prieto-Curiel et al.); orig: Eurostat
Ravenna,ravenna,IT,modalshare,2011,11.823547099999999,,commuters (to work),commute_mode_share,modalshare,,ModalShare (Prieto-Curiel et al.); orig: Eurostat
Reading,reading,UK,modalshare,2011,4.4265593999999995,,commuters (to work),commute_mode_share,modalshare,,ModalShare (Prieto-Curiel et al.); orig: Eurostat
Recklinghausen,recklinghausen,DE,modalshare,2016,6.4,,commuters (to work),commute_mode_share,modalshare,,ModalShare (Prieto-Curiel et al.); orig: Eurostat
Redditch,redditch,UK,modalshare,2011,1.6064257,,commuters (to work),commute_mode_share,modalshare,,ModalShare (Prieto-Curiel et al.); orig: Eurostat
Remscheid,remscheid,DE,modalshare,2016,0.0,,commuters (to work),commute_mode_share,modalshare,,ModalShare (Prieto-Curiel et al.); orig: Eurostat
Rimini,rimini,IT,modalshare,2011,12.1036311,,commuters (to work),commute_mode_share,modalshare,,ModalShare (Prieto-Curiel et al.); orig: Eurostat
Rochdale,rochdale,UK,modalshare,2011,1.1055275999999998,,commuters (to work),commute_mode_share,modalshare,,ModalShare (Prieto-Curiel et al.); orig: Eurostat
Rosenheim,rosenheim,DE,modalshare,2016,25.8,,commuters (to work),commute_mode_share,modalshare,,ModalShare (Prieto-Curiel et al.); orig: Eurostat
Rotherham,rotherham,UK,modalshare,2011,0.9036145000000001,,commuters (to work),commute_mode_share,modalshare,,ModalShare (Prieto-Curiel et al.); orig: Eurostat
Saarbrucken,saarbrucken,DE,modalshare,2016,3.6963036999999996,,commuters (to work),commute_mode_share,modalshare,,ModalShare (Prieto-Curiel et al.); orig: Eurostat
Saint-Brieuc,saint-brieuc,FR,modalshare,2020,3.5999999999999996,,commuters (to work),commute_mode_share,modalshare,,ModalShare (Prieto-Curiel et al.); orig: Eurostat
Saint-Denis,saint-denis,FR,modalshare,2020,1.9,,commuters (to work),commute_mode_share,modalshare,,ModalShare (Prieto-Curiel et al.); orig: Eurostat
Saint-Étienne,saint-etienne,FR,modalshare,2020,1.7999999999999998,,commuters (to work),commute_mode_share,modalshare,,ModalShare (Prieto-Curiel et al.); orig: Eurostat
Saint-Louis,saint-louis,FR,modalshare,2020,1.2,,commuters (to work),commute_mode_share,modalshare,,ModalShare (Prieto-Curiel et al.); orig: Eurostat
Saint-Louis-Bâle,saint-louis-bale,FR,modalshare,2020,10.7,,commuters (to work),commute_mode_share,modalshare,,ModalShare (Prieto-Curiel et al.); orig: Eurostat
Salerno,salerno,IT,modalshare,2011,0.6402561,,commuters (to work),commute_mode_share,modalshare,,ModalShare (Prieto-Curiel et al.); orig: Eurostat
Salford,salford,UK,modalshare,2011,2.5125628,,commuters (to work),commute_mode_share,modalshare,,ModalShare (Prieto-Curiel et al.); orig: Eurostat
Salzgitter,salzgitter,DE,modalshare,2016,6.0,,commuters (to work),commute_mode_share,modalshare,,ModalShare (Prieto-Curiel et al.); orig: Eurostat
Sandwell,sandwell,UK,modalshare,2011,1.6080402,,commuters (to work),commute_mode_share,modalshare,,ModalShare (Prieto-Curiel et al.); orig: Eurostat
Sankt Augustin,sankt augustin,DE,modalshare,2016,6.1,,commuters (to work),commute_mode_share,modalshare,,ModalShare (Prieto-Curiel et al.); orig: Eurostat
Santander,santander,ES,modalshare,2008,0.1296499,,commuters (to work),commute_mode_share,modalshare,,ModalShare (Prieto-Curiel et al.); orig: Eurostat
Santiago de Compostela,santiago de compostela,ES,modalshare,2008,0.10010010000000001,,commuters (to work),commute_mode_share,modalshare,,ModalShare (Prieto-Curiel et al.); orig: Eurostat
Sassari,sassari,IT,modalshare,2011,0.290058,,commuters (to work),commute_mode_share,modalshare,,ModalShare (Prieto-Curiel et al.); orig: Eurostat
Sassuolo,sassuolo,IT,modalshare,2011,3.2709813,,commuters (to work),commute_mode_share,modalshare,,ModalShare (Prieto-Curiel et al.); orig: Eurostat
Savona,savona,IT,modalshare,2011,1.7805341999999997,,commuters (to work),commute_mode_share,modalshare,,ModalShare (Prieto-Curiel et al.); orig: Eurostat
Sefton,sefton,UK,modalshare,2011,2.8225805999999998,,commuters (to work),commute_mode_share,modalshare,,ModalShare (Prieto-Curiel et al.); orig: Eurostat
Setúbal,setubal,PT,modalshare,2011,0.48122190000000004,,commuters (to work),commute_mode_share,modalshare,,ModalShare (Prieto-Curiel et al.); orig: Eurostat
's-Hertogenbosch,'s-hertogenbosch,NL,modalshare,2003,17.1717172,,commuters (to work),commute_mode_share,modalshare,,ModalShare (Prieto-Curiel et al.); orig: Eurostat
Shumen,shumen,BG,modalshare,2011,16.0,,commuters (to work),commute_mode_share,modalshare,,ModalShare (Prieto-Curiel et al.); orig: Eurostat
Siegen,siegen,DE,modalshare,2016,1.5984016,,commuters (to work),commute_mode_share,modalshare,,ModalShare (Prieto-Curiel et al.); orig: Eurostat
Sindelfingen,sindelfingen,DE,modalshare,2016,9.700000000000001,,commuters (to work),commute_mode_share,modalshare,,ModalShare (Prieto-Curiel et al.); orig: Eurostat
Sintra,sintra,PT,modalshare,2011,0.2954661,,commuters (to work),commute_mode_share,modalshare,,ModalShare (Prieto-Curiel et al.); orig: Eurostat
Siracusa,siracusa,IT,modalshare,2011,0.530159,,commuters (to work),commute_mode_share,modalshare,,ModalShare (Prieto-Curiel et al.); orig: Eurostat
Sliven,sliven,BG,modalshare,2011,15.0,,commuters (to work),commute_mode_share,modalshare,,ModalShare (Prieto-Curiel et al.); orig: Eurostat
Slough,slough,UK,modalshare,2011,2.5150905000000003,,commuters (to work),commute_mode_share,modalshare,,ModalShare (Prieto-Curiel et al.); orig: Eurostat
Solihull,solihull,UK,modalshare,2011,1.5060241,,commuters (to work),commute_mode_share,modalshare,,ModalShare (Prieto-Curiel et al.); orig: Eurostat
South Tyneside,south tyneside,UK,modalshare,2011,2.3469388,,commuters (to work),commute_mode_share,modalshare,,ModalShare (Prieto-Curiel et al.); orig: Eurostat
Southampton,southampton,UK,modalshare,2011,4.8387097,,commuters (to work),commute_mode_share,modalshare,,ModalShare (Prieto-Curiel et al.); orig: Eurostat
Southend-on-Sea,southend-on-sea,UK,modalshare,2011,3.0181087,,commuters (to work),commute_mode_share,modalshare,,ModalShare (Prieto-Curiel et al.); orig: Eurostat
Speyer,speyer,DE,modalshare,2016,16.6166166,,commuters (to work),commute_mode_share,modalshare,,ModalShare (Prieto-Curiel et al.); orig: Eurostat
St Albans,st albans,UK,modalshare,2011,1.9076305000000002,,commuters (to work),commute_mode_share,modalshare,,ModalShare (Prieto-Curiel et al.); orig: Eurostat
St. Helens,st. helens,UK,modalshare,2011,1.5060241,,commuters (to work),commute_mode_share,modalshare,,ModalShare (Prieto-Curiel et al.); orig: Eurostat
Stevenage,stevenage,UK,modalshare,2011,2.5150905000000003,,commuters (to work),commute_mode_share,modalshare,,ModalShare (Prieto-Curiel et al.); orig: Eurostat
Stockport,stockport,UK,modalshare,2011,2.2110553,,commuters (to work),commute_mode_share,modalshare,,ModalShare (Prieto-Curiel et al.); orig: Eurostat
Stockton-on-Tees,stockton-on-tees,UK,modalshare,2011,2.0242915,,commuters (to work),commute_mode_share,modalshare,,ModalShare (Prieto-Curiel et al.); orig: Eurostat
Stoke-on-Trent,stoke-on-trent,UK,modalshare,2011,1.5090543,,commuters (to work),commute_mode_share,modalshare,,ModalShare (Prieto-Curiel et al.); orig: Eurostat
Stralsund,stralsund,DE,modalshare,2016,21.6783217,,commuters (to work),commute_mode_share,modalshare,,ModalShare (Prieto-Curiel et al.); orig: Eurostat
Sunderland,sunderland,UK,modalshare,2011,1.4127144,,commuters (to work),commute_mode_share,modalshare,,ModalShare (Prieto-Curiel et al.); orig: Eurostat
Swansea,swansea,UK,modalshare,2011,1.5105739999999999,,commuters (to work),commute_mode_share,modalshare,,ModalShare (Prieto-Curiel et al.); orig: Eurostat
Swindon,swindon,UK,modalshare,2011,4.4265593999999995,,commuters (to work),commute_mode_share,modalshare,,ModalShare (Prieto-Curiel et al.); orig: Eurostat
Tameside,tameside,UK,modalshare,2011,1.4070352,,commuters (to work),commute_mode_share,modalshare,,ModalShare (Prieto-Curiel et al.); orig: Eurostat
Tampere,tampere,FI,modalshare,2018,14.000000000000002,,commuters (to work),commute_mode_share,modalshare,,ModalShare (Prieto-Curiel et al.); orig: Eurostat
Tamworth,tamworth,UK,modalshare,2011,2.3115578,,commuters (to work),commute_mode_share,modalshare,,ModalShare (Prieto-Curiel et al.); orig: Eurostat
Taranto,taranto,IT,modalshare,2011,0.7802341,,commuters (to work),commute_mode_share,modalshare,,ModalShare (Prieto-Curiel et al.); orig: Eurostat
Telford and Wrekin,telford and wrekin,UK,modalshare,2011,2.2155086,,commuters (to work),commute_mode_share,modalshare,,ModalShare (Prieto-Curiel et al.); orig: Eurostat
Terni,terni,IT,modalshare,2011,4.0208042,,commuters (to work),commute_mode_share,modalshare,,ModalShare (Prieto-Curiel et al.); orig: Eurostat
Thanet,thanet,UK,modalshare,2011,2.7190332,,commuters (to work),commute_mode_share,modalshare,,ModalShare (Prieto-Curiel et al.); orig: Eurostat
Tilburg,tilburg,NL,modalshare,2003,28.000000000000004,,commuters (to work),commute_mode_share,modalshare,,ModalShare (Prieto-Curiel et al.); orig: Eurostat
Toledo,toledo,ES,modalshare,2008,0.20860240000000002,,commuters (to work),commute_mode_share,modalshare,,ModalShare (Prieto-Curiel et al.); orig: Eurostat
Torbay,torbay,UK,modalshare,2011,1.5136226,,commuters (to work),commute_mode_share,modalshare,,ModalShare (Prieto-Curiel et al.); orig: Eurostat
Tours,tours,FR,modalshare,2020,6.5065065,,commuters (to work),commute_mode_share,modalshare,,ModalShare (Prieto-Curiel et al.); orig: Eurostat
Trafford,trafford,UK,modalshare,2011,3.3199195,,commuters (to work),commute_mode_share,modalshare,,ModalShare (Prieto-Curiel et al.); orig: Eurostat
Trani,trani,IT,modalshare,2011,3.1509453,,commuters (to work),commute_mode_share,modalshare,,ModalShare (Prieto-Curiel et al.); orig: Eurostat
Trapani,trapani,IT,modalshare,2011,1.9503901000000001,,commuters (to work),commute_mode_share,modalshare,,ModalShare (Prieto-Curiel et al.); orig: Eurostat
Trenčín,trencin,SK,modalshare,2008,3.1,,commuters (to work),commute_mode_share,modalshare,,ModalShare (Prieto-Curiel et al.); orig: Eurostat
Trento,trento,IT,modalshare,2011,5.3110622,,commuters (to work),commute_mode_share,modalshare,,ModalShare (Prieto-Curiel et al.); orig: Eurostat
Treviso,treviso,IT,modalshare,2011,10.6121224,,commuters (to work),commute_mode_share,modalshare,,ModalShare (Prieto-Curiel et al.); orig: Eurostat
Trier,trier,DE,modalshare,2016,8.7912088,,commuters (to work),commute_mode_share,modalshare,,ModalShare (Prieto-Curiel et al.); orig: Eurostat
Trieste,trieste,IT,modalshare,2011,0.7101419999999999,,commuters (to work),commute_mode_share,modalshare,,ModalShare (Prieto-Curiel et al.); orig: Eurostat
Trnava,trnava,SK,modalshare,2008,6.6000000000000005,,commuters (to work),commute_mode_share,modalshare,,ModalShare (Prieto-Curiel et al.); orig: Eurostat
Troyes,troyes,FR,modalshare,2020,4.5045044999999995,,commuters (to work),commute_mode_share,modalshare,,ModalShare (Prieto-Curiel et al.); orig: Eurostat
Tubingen,tubingen,DE,modalshare,2016,19.0,,commuters (to work),commute_mode_share,modalshare,,ModalShare (Prieto-Curiel et al.); orig: Eurostat
Tunbridge Wells,tunbridge wells,UK,modalshare,2011,1.3078471,,commuters (to work),commute_mode_share,modalshare,,ModalShare (Prieto-Curiel et al.); orig: Eurostat
Turku/Åbo,turku/abo,FI,modalshare,2008,15.625,,commuters (to work),commute_mode_share,modalshare,,ModalShare (Prieto-Curiel et al.); orig: Eurostat
Udine,udine,IT,modalshare,2011,8.7426228,,commuters (to work),commute_mode_share,modalshare,,ModalShare (Prieto-Curiel et al.); orig: Eurostat
Valence,valence,FR,modalshare,2020,6.2062062000000005,,commuters (to work),commute_mode_share,modalshare,,ModalShare (Prieto-Curiel et al.); orig: Eurostat
Valenciennes,valenciennes,FR,modalshare,2020,2.1,,commuters (to work),commute_mode_share,modalshare,,ModalShare (Prieto-Curiel et al.); orig: Eurostat
Vannes,vannes,FR,modalshare,2020,5.3946054,,commuters (to work),commute_mode_share,modalshare,,ModalShare (Prieto-Curiel et al.); orig: Eurostat
Varese,varese,IT,modalshare,2011,1.4004201,,commuters (to work),commute_mode_share,modalshare,,ModalShare (Prieto-Curiel et al.); orig: Eurostat
Venlo,venlo,NL,modalshare,2003,30.0,,commuters (to work),commute_mode_share,modalshare,,ModalShare (Prieto-Curiel et al.); orig: Eurostat
Viana do Castelo,viana do castelo,PT,modalshare,2011,0.8939709,,commuters (to work),commute_mode_share,modalshare,,ModalShare (Prieto-Curiel et al.); orig: Eurostat
Vicenza,vicenza,IT,modalshare,2011,8.4833934,,commuters (to work),commute_mode_share,modalshare,,ModalShare (Prieto-Curiel et al.); orig: Eurostat
Vidin,vidin,BG,modalshare,2011,14.000000000000002,,commuters (to work),commute_mode_share,modalshare,,ModalShare (Prieto-Curiel et al.); orig: Eurostat
Vila Franca de Xira,vila franca de xira,PT,modalshare,2011,0.2770367,,commuters (to work),commute_mode_share,modalshare,,ModalShare (Prieto-Curiel et al.); orig: Eurostat
Villingen-Schwenningen,villingen-schwenningen,DE,modalshare,2016,5.3,,commuters (to work),commute_mode_share,modalshare,,ModalShare (Prieto-Curiel et al.); orig: Eurostat
Viseu,viseu,PT,modalshare,2011,0.3066857,,commuters (to work),commute_mode_share,modalshare,,ModalShare (Prieto-Curiel et al.); orig: Eurostat
Vratsa,vratsa,BG,modalshare,2011,16.0,,commuters (to work),commute_mode_share,modalshare,,ModalShare (Prieto-Curiel et al.); orig: Eurostat
Wakefield,wakefield,UK,modalshare,2011,1.3052209000000001,,commuters (to work),commute_mode_share,modalshare,,ModalShare (Prieto-Curiel et al.); orig: Eurostat
Walsall,walsall,UK,modalshare,2011,1.6080402,,commuters (to work),commute_mode_share,modalshare,,ModalShare (Prieto-Curiel et al.); orig: Eurostat
Warrington,warrington,UK,modalshare,2011,2.7162978,,commuters (to work),commute_mode_share,modalshare,,ModalShare (Prieto-Curiel et al.); orig: Eurostat
Warwick,warwick,UK,modalshare,2011,3.4170854,,commuters (to work),commute_mode_share,modalshare,,ModalShare (Prieto-Curiel et al.); orig: Eurostat
Weimar,weimar,DE,modalshare,2016,7.492507499999999,,commuters (to work),commute_mode_share,modalshare,,ModalShare (Prieto-Curiel et al.); orig: Eurostat
Wetzlar,wetzlar,DE,modalshare,2016,3.1968032,,commuters (to work),commute_mode_share,modalshare,,ModalShare (Prieto-Curiel et al.); orig: Eurostat
Wigan,wigan,UK,modalshare,2011,1.7085427,,commuters (to work),commute_mode_share,modalshare,,ModalShare (Prieto-Curiel et al.); orig: Eurostat
Wilhelmshaven,wilhelmshaven,DE,modalshare,2016,19.4194194,,commuters (to work),commute_mode_share,modalshare,,ModalShare (Prieto-Curiel et al.); orig: Eurostat
Wirral,wirral,UK,modalshare,2011,1.7171717,,commuters (to work),commute_mode_share,modalshare,,ModalShare (Prieto-Curiel et al.); orig: Eurostat
Woking,woking,UK,modalshare,2011,2.9175050000000002,,commuters (to work),commute_mode_share,modalshare,,ModalShare (Prieto-Curiel et al.); orig: Eurostat
Wolfsburg,wolfsburg,DE,modalshare,2016,11.200000000000001,,commuters (to work),commute_mode_share,modalshare,,ModalShare (Prieto-Curiel et al.); orig: Eurostat
Wolverhampton,wolverhampton,UK,modalshare,2011,2.2132796999999997,,commuters (to work),commute_mode_share,modalshare,,ModalShare (Prieto-Curiel et al.); orig: Eurostat
Worcester,worcester,UK,modalshare,2011,4.4310171,,commuters (to work),commute_mode_share,modalshare,,ModalShare (Prieto-Curiel et al.); orig: Eurostat
Worthing,worthing,UK,modalshare,2011,5.5276382,,commuters (to work),commute_mode_share,modalshare,,ModalShare (Prieto-Curiel et al.); orig: Eurostat
Wurzburg,wurzburg,DE,modalshare,2016,14.614614600000001,,commuters (to work),commute_mode_share,modalshare,,ModalShare (Prieto-Curiel et al.); orig: Eurostat
Yambol,yambol,BG,modalshare,2011,18.0,,commuters (to work),commute_mode_share,modalshare,,ModalShare (Prieto-Curiel et al.); orig: Eurostat
Zaanstad,zaanstad,NL,modalshare,2003,26.0,,commuters (to work),commute_mode_share,modalshare,,ModalShare (Prieto-Curiel et al.); orig: Eurostat
Zwolle,zwolle,NL,modalshare,2003,31.0,,commuters (to work),commute_mode_share,modalshare,,ModalShare (Prieto-Curiel et al.); orig: Eurostat
Presov,presov,SK,modalshare,2008,2.4,,commuters (to work),commute_mode_share,modalshare,,ModalShare (Prieto-Curiel et al.); orig: Eurostat
Trencín,trencin,SK,modalshare,2004,15.0,,commuters (to work),commute_mode_share,modalshare,,ModalShare (Prieto-Curiel et al.); orig: Eurostat
Zilina,zilina,SK,modalshare,2008,3.5999999999999996,,commuters (to work),commute_mode_share,modalshare,,ModalShare (Prieto-Curiel et al.); orig: Eurostat
Greater Sydney,greater sydney,AU,oecd_fua,2021,0.8,,employed persons commuting to work,commute_mode_share,oecd_fua,,FUA code AUS01F
Greater Melbourne,greater melbourne,AU,oecd_fua,2021,1.2,,employed persons commuting to work,commute_mode_share,oecd_fua,,FUA code AUS02F
Greater Brisbane,greater brisbane,AU,oecd_fua,2021,1.0,,employed persons commuting to work,commute_mode_share,oecd_fua,,FUA code AUS03F
Greater Perth,greater perth,AU,oecd_fua,2021,0.8,,employed persons commuting to work,commute_mode_share,oecd_fua,,FUA code AUS04F
Greater Adelaide,greater adelaide,AU,oecd_fua,2021,1.3,,employed persons commuting to work,commute_mode_share,oecd_fua,,FUA code AUS05F
Gold Coast,gold coast,AU,oecd_fua,2021,0.9,,employed persons commuting to work,commute_mode_share,oecd_fua,,FUA code AUS06F
Canberra,canberra,AU,oecd_fua,2021,2.7,,employed persons commuting to work,commute_mode_share,oecd_fua,,FUA code AUS07F
Newcastle,newcastle,AU,oecd_fua,2021,0.8,,employed persons commuting to work,commute_mode_share,oecd_fua,,FUA code AUS08F
Wollongong,wollongong,AU,oecd_fua,2021,0.6,,employed persons commuting to work,commute_mode_share,oecd_fua,,FUA code AUS10F
Sunshine Coast,sunshine coast,AU,oecd_fua,2021,1.1,,employed persons commuting to work,commute_mode_share,oecd_fua,,FUA code AUS11F
Greater Hobart,greater hobart,AU,oecd_fua,2021,1.4,,employed persons commuting to work,commute_mode_share,oecd_fua,,FUA code AUS12F
Townsville,townsville,AU,oecd_fua,2021,1.2,,employed persons commuting to work,commute_mode_share,oecd_fua,,FUA code AUS13F
Geelong,geelong,AU,oecd_fua,2021,0.9,,employed persons commuting to work,commute_mode_share,oecd_fua,,FUA code AUS14F
Cairns,cairns,AU,oecd_fua,2021,1.6,,employed persons commuting to work,commute_mode_share,oecd_fua,,FUA code AUS15F
Greater Darwin,greater darwin,AU,oecd_fua,2021,2.0,,employed persons commuting to work,commute_mode_share,oecd_fua,,FUA code AUS16F
Toowoomba,toowoomba,AU,oecd_fua,2021,0.6,,employed persons commuting to work,commute_mode_share,oecd_fua,,FUA code AUS17F
Ballarat,ballarat,AU,oecd_fua,2021,0.7,,employed persons commuting to work,commute_mode_share,oecd_fua,,FUA code AUS18F
Bendigo,bendigo,AU,oecd_fua,2021,0.8,,employed persons commuting to work,commute_mode_share,oecd_fua,,FUA code AUS19F
Bruxelles,bruxelles,BE,oecd_fua,2011,4.1,,employed persons commuting to work,commute_mode_share,oecd_fua,,FUA code BE001F
Antwerpen,antwerpen,BE,oecd_fua,2011,18.7,,employed persons commuting to work,commute_mode_share,oecd_fua,,FUA code BE002F
Gent,gent,BE,oecd_fua,2011,14.9,,employed persons commuting to work,commute_mode_share,oecd_fua,,FUA code BE003F
Charleroi,charleroi,BE,oecd_fua,2011,0.8,,employed persons commuting to work,commute_mode_share,oecd_fua,,FUA code BE004F
Liège,liege,BE,oecd_fua,2011,1.8,,employed persons commuting to work,commute_mode_share,oecd_fua,,FUA code BE005F
Brugge,brugge,BE,oecd_fua,2011,16.1,,employed persons commuting to work,commute_mode_share,oecd_fua,,FUA code BE006F
Namur,namur,BE,oecd_fua,2011,1.6,,employed persons commuting to work,commute_mode_share,oecd_fua,,FUA code BE007F
Mons,mons,BE,oecd_fua,2011,1.3,,employed persons commuting to work,commute_mode_share,oecd_fua,,FUA code BE009F
Oostende,oostende,BE,oecd_fua,2011,16.2,,employed persons commuting to work,commute_mode_share,oecd_fua,,FUA code BE011F
Sofia,sofia,BG,oecd_fua,2011,18.3,,employed persons commuting to work,commute_mode_share,oecd_fua,,FUA code BG001F
Plovdiv,plovdiv,BG,oecd_fua,2011,12.6,,employed persons commuting to work,commute_mode_share,oecd_fua,,FUA code BG002F
Varna,varna,BG,oecd_fua,2011,8.3,,employed persons commuting to work,commute_mode_share,oecd_fua,,FUA code BG003F
Burgas,burgas,BG,oecd_fua,2011,18.4,,employed persons commuting to work,commute_mode_share,oecd_fua,,FUA code BG004F
Pleven,pleven,BG,oecd_fua,2011,14.0,,employed persons commuting to work,commute_mode_share,oecd_fua,,FUA code BG005F
Ruse,ruse,BG,oecd_fua,2011,10.7,,employed persons commuting to work,commute_mode_share,oecd_fua,,FUA code BG006F
Stara Zagora,stara zagora,BG,oecd_fua,2011,17.5,,employed persons commuting to work,commute_mode_share,oecd_fua,,FUA code BG008F
Sliven,sliven,BG,oecd_fua,2011,15.0,,employed persons commuting to work,commute_mode_share,oecd_fua,,FUA code BG009F
Dobrich,dobrich,BG,oecd_fua,2011,15.5,,employed persons commuting to work,commute_mode_share,oecd_fua,,FUA code BG010F
Shumen,shumen,BG,oecd_fua,2011,16.0,,employed persons commuting to work,commute_mode_share,oecd_fua,,FUA code BG011F
Haskovo,haskovo,BG,oecd_fua,2011,18.0,,employed persons commuting to work,commute_mode_share,oecd_fua,,FUA code BG014F
Pazardzhik,pazardzhik,BG,oecd_fua,2011,18.0,,employed persons commuting to work,commute_mode_share,oecd_fua,,FUA code BG015F
Veliko Tarnovo,veliko tarnovo,BG,oecd_fua,2011,9.0,,employed persons commuting to work,commute_mode_share,oecd_fua,,FUA code BG017F
Toronto,toronto,CA,oecd_fua,2021,0.9,,employed persons commuting to work,commute_mode_share,oecd_fua,,FUA code CAN01F
Montreal,montreal,CA,oecd_fua,2021,1.7,,employed persons commuting to work,commute_mode_share,oecd_fua,,FUA code CAN02F
Vancouver,vancouver,CA,oecd_fua,2021,1.9,,employed persons commuting to work,commute_mode_share,oecd_fua,,FUA code CAN03F
Ottawa,ottawa,CA,oecd_fua,2021,1.2,,employed persons commuting to work,commute_mode_share,oecd_fua,,FUA code CAN04F
Calgary,calgary,CA,oecd_fua,2021,0.8,,employed persons commuting to work,commute_mode_share,oecd_fua,,FUA code CAN05F
Edmonton,edmonton,CA,oecd_fua,2021,0.7,,employed persons commuting to work,commute_mode_share,oecd_fua,,FUA code CAN06F
Quebec,quebec,CA,oecd_fua,2021,1.0,,employed persons commuting to work,commute_mode_share,oecd_fua,,FUA code CAN07F
Winnipeg,winnipeg,CA,oecd_fua,2021,1.2,,employed persons commuting to work,commute_mode_share,oecd_fua,,FUA code CAN08F
Hamilton,hamilton,CA,oecd_fua,2021,0.6,,employed persons commuting to work,commute_mode_share,oecd_fua,,FUA code CAN09F
London,london,CA,oecd_fua,2021,0.8,,employed persons commuting to work,commute_mode_share,oecd_fua,,FUA code CAN10F
Kitchener,kitchener,CA,oecd_fua,2021,0.7,,employed persons commuting to work,commute_mode_share,oecd_fua,,FUA code CAN11F
Halifax,halifax,CA,oecd_fua,2021,0.7,,employed persons commuting to work,commute_mode_share,oecd_fua,,FUA code CAN12F
Victoria,victoria,CA,oecd_fua,2021,5.1,,employed persons commuting to work,commute_mode_share,oecd_fua,,FUA code CAN13F
Windsor,windsor,CA,oecd_fua,2021,0.6,,employed persons commuting to work,commute_mode_share,oecd_fua,,FUA code CAN14F
Saskatoon,saskatoon,CA,oecd_fua,2021,1.2,,employed persons commuting to work,commute_mode_share,oecd_fua,,FUA code CAN15F
Sherbrooke,sherbrooke,CA,oecd_fua,2021,0.7,,employed persons commuting to work,commute_mode_share,oecd_fua,,FUA code CAN16F
St Catharines,st catharines,CA,oecd_fua,2021,0.7,,employed persons commuting to work,commute_mode_share,oecd_fua,,FUA code CAN17F
Trois Rivieres,trois rivieres,CA,oecd_fua,2021,0.6,,employed persons commuting to work,commute_mode_share,oecd_fua,,FUA code CAN18F
St Johns,st johns,CA,oecd_fua,2021,0.2,,employed persons commuting to work,commute_mode_share,oecd_fua,,FUA code CAN19F
Regina,regina,CA,oecd_fua,2021,0.6,,employed persons commuting to work,commute_mode_share,oecd_fua,,FUA code CAN20F
Abbotsford,abbotsford,CA,oecd_fua,2021,0.4,,employed persons commuting to work,commute_mode_share,oecd_fua,,FUA code CAN21F
Guelph,guelph,CA,oecd_fua,2021,0.9,,employed persons commuting to work,commute_mode_share,oecd_fua,,FUA code CAN22F
Red Deer,red deer,CA,oecd_fua,2021,0.5,,employed persons commuting to work,commute_mode_share,oecd_fua,,FUA code CAN23F
Brantford,brantford,CA,oecd_fua,2021,0.3,,employed persons commuting to work,commute_mode_share,oecd_fua,,FUA code CAN24F
Peterborough,peterborough,CA,oecd_fua,2021,1.0,,employed persons commuting to work,commute_mode_share,oecd_fua,,FUA code CAN25F
Niagara Falls,niagara falls,CA,oecd_fua,2021,0.6,,employed persons commuting to work,commute_mode_share,oecd_fua,,FUA code CAN26F
Bern,bern,CH,oecd_fua,2024,11.3,,employed persons commuting to work,commute_mode_share,oecd_fua,,FUA code CH001F
Zurich,zurich,CH,oecd_fua,2024,7.4,,employed persons commuting to work,commute_mode_share,oecd_fua,,FUA code CH002F
Geneva,geneva,CH,oecd_fua,2024,10.3,,employed persons commuting to work,commute_mode_share,oecd_fua,,FUA code CH003F
Basel,basel,CH,oecd_fua,2024,16.0,,employed persons commuting to work,commute_mode_share,oecd_fua,,FUA code CH004F
Lausanne,lausanne,CH,oecd_fua,2024,3.9,,employed persons commuting to work,commute_mode_share,oecd_fua,,FUA code CH005F
Lucerne,lucerne,CH,oecd_fua,2024,12.3,,employed persons commuting to work,commute_mode_share,oecd_fua,,FUA code CH006F
Lugano,lugano,CH,oecd_fua,2024,4.2,,employed persons commuting to work,commute_mode_share,oecd_fua,,FUA code CH008F
St. Gallen,st. gallen,CH,oecd_fua,2024,7.1,,employed persons commuting to work,commute_mode_share,oecd_fua,,FUA code CH009F
Biel/Bienne,biel/bienne,CH,oecd_fua,2024,10.7,,employed persons commuting to work,commute_mode_share,oecd_fua,,FUA code CH010F
Arica,arica,CL,oecd_fua,2022,2.7,,employed persons commuting to work,commute_mode_share,oecd_fua,,FUA code CL001F
Iquique,iquique,CL,oecd_fua,2022,2.0,,employed persons commuting to work,commute_mode_share,oecd_fua,,FUA code CL002F
Calama,calama,CL,oecd_fua,2022,2.6,,employed persons commuting to work,commute_mode_share,oecd_fua,,FUA code CL003F
Antofagasta,antofagasta,CL,oecd_fua,2022,1.1,,employed persons commuting to work,commute_mode_share,oecd_fua,,FUA code CL004F
Copiapó,copiapo,CL,oecd_fua,2022,2.9,,employed persons commuting to work,commute_mode_share,oecd_fua,,FUA code CL005F
Coquimbo-La Serena,coquimbo-la serena,CL,oecd_fua,2022,2.5,,employed persons commuting to work,commute_mode_share,oecd_fua,,FUA code CL006F
Ovalle,ovalle,CL,oecd_fua,2022,2.6,,employed persons commuting to work,commute_mode_share,oecd_fua,,FUA code CL007F
Calera,calera,CL,oecd_fua,2022,7.5,,employed persons commuting to work,commute_mode_share,oecd_fua,,FUA code CL008F
Quillota,quillota,CL,oecd_fua,2022,8.3,,employed persons commuting to work,commute_mode_share,oecd_fua,,FUA code CL009F
Valparaíso,valparaiso,CL,oecd_fua,2022,1.6,,employed persons commuting to work,commute_mode_share,oecd_fua,,FUA code CL010F
Santiago,santiago,CL,oecd_fua,2022,4.1,,employed persons commuting to work,commute_mode_share,oecd_fua,,FUA code CL011F
San Antonio,san antonio,CL,oecd_fua,2022,0.3,,employed persons commuting to work,commute_mode_share,oecd_fua,,FUA code CL012F
Melipilla,melipilla,CL,oecd_fua,2022,11.6,,employed persons commuting to work,commute_mode_share,oecd_fua,,FUA code CL013F
Rancagua,rancagua,CL,oecd_fua,2022,8.0,,employed persons commuting to work,commute_mode_share,oecd_fua,,FUA code CL014F
San Fernando,san fernando,CL,oecd_fua,2022,13.1,,employed persons commuting to work,commute_mode_share,oecd_fua,,FUA code CL015F
Curicó,curico,CL,oecd_fua,2022,14.3,,employed persons commuting to work,commute_mode_share,oecd_fua,,FUA code CL016F
Talca,talca,CL,oecd_fua,2022,8.9,,employed persons commuting to work,commute_mode_share,oecd_fua,,FUA code CL017F
Linares,linares,CL,oecd_fua,2022,16.1,,employed persons commuting to work,commute_mode_share,oecd_fua,,FUA code CL018F
Chillán,chillan,CL,oecd_fua,2022,10.1,,employed persons commuting to work,commute_mode_share,oecd_fua,,FUA code CL019F
Concepción,concepcion,CL,oecd_fua,2022,2.8,,employed persons commuting to work,commute_mode_share,oecd_fua,,FUA code CL020F
Los Angeles,los angeles,CL,oecd_fua,2022,5.1,,employed persons commuting to work,commute_mode_share,oecd_fua,,FUA code CL021F
Temuco,temuco,CL,oecd_fua,2022,4.9,,employed persons commuting to work,commute_mode_share,oecd_fua,,FUA code CL022F
Valdivia,valdivia,CL,oecd_fua,2022,5.9,,employed persons commuting to work,commute_mode_share,oecd_fua,,FUA code CL023F
Osorno,osorno,CL,oecd_fua,2022,3.0,,employed persons commuting to work,commute_mode_share,oecd_fua,,FUA code CL024F
Puerto Montt,puerto montt,CL,oecd_fua,2022,0.4,,employed persons commuting to work,commute_mode_share,oecd_fua,,FUA code CL025F
Punta Arenas,punta arenas,CL,oecd_fua,2022,0.6,,employed persons commuting to work,commute_mode_share,oecd_fua,,FUA code CL026F
Praha,praha,CZ,oecd_fua,2021,1.6,,employed persons commuting to work,commute_mode_share,oecd_fua,,FUA code CZ001F
Brno,brno,CZ,oecd_fua,2021,2.7,,employed persons commuting to work,commute_mode_share,oecd_fua,,FUA code CZ002F
Ostrava,ostrava,CZ,oecd_fua,2021,2.8,,employed persons commuting to work,commute_mode_share,oecd_fua,,FUA code CZ003F
Plzeň,plzen,CZ,oecd_fua,2021,2.7,,employed persons commuting to work,commute_mode_share,oecd_fua,,FUA code CZ004F
Ústí nad Labem,usti nad labem,CZ,oecd_fua,2021,0.9,,employed persons commuting to work,commute_mode_share,oecd_fua,,FUA code CZ005F
Olomouc,olomouc,CZ,oecd_fua,2021,7.5,,employed persons commuting to work,commute_mode_share,oecd_fua,,FUA code CZ006F
Liberec,liberec,CZ,oecd_fua,2021,1.8,,employed persons commuting to work,commute_mode_share,oecd_fua,,FUA code CZ007F
České Budějovice,ceske budejovice,CZ,oecd_fua,2021,7.7,,employed persons commuting to work,commute_mode_share,oecd_fua,,FUA code CZ008F
Hradec Králové,hradec kralove,CZ,oecd_fua,2021,10.6,,employed persons commuting to work,commute_mode_share,oecd_fua,,FUA code CZ009F
Pardubice,pardubice,CZ,oecd_fua,2021,11.0,,employed persons commuting to work,commute_mode_share,oecd_fua,,FUA code CZ010F
Most,most,CZ,oecd_fua,2021,0.7,,employed persons commuting to work,commute_mode_share,oecd_fua,,FUA code CZ016F
Chomutov-Jirkov,chomutov-jirkov,CZ,oecd_fua,2021,1.4,,employed persons commuting to work,commute_mode_share,oecd_fua,,FUA code CZ018F
Berlin,berlin,DE,oecd_fua,2016,11.9,,employed persons commuting to work,commute_mode_share,oecd_fua,,FUA code DE001F
Hamburg,hamburg,DE,oecd_fua,2016,10.2,,employed persons commuting to work,commute_mode_share,oecd_fua,,FUA code DE002F
München,munchen,DE,oecd_fua,2016,9.9,,employed persons commuting to work,commute_mode_share,oecd_fua,,FUA code DE003F
Köln,koln,DE,oecd_fua,2016,10.0,,employed persons commuting to work,commute_mode_share,oecd_fua,,FUA code DE004F
Frankfurt am Main,frankfurt am main,DE,oecd_fua,2016,7.1,,employed persons commuting to work,commute_mode_share,oecd_fua,,FUA code DE005F
Stuttgart,stuttgart,DE,oecd_fua,2016,4.9,,employed persons commuting to work,commute_mode_share,oecd_fua,,FUA code DE007F
Leipzig,leipzig,DE,oecd_fua,2016,13.4,,employed persons commuting to work,commute_mode_share,oecd_fua,,FUA code DE008F
Dresden,dresden,DE,oecd_fua,2016,11.6,,employed persons commuting to work,commute_mode_share,oecd_fua,,FUA code DE009F
Düsseldorf,dusseldorf,DE,oecd_fua,2016,7.4,,employed persons commuting to work,commute_mode_share,oecd_fua,,FUA code DE011F
Bremen,bremen,DE,oecd_fua,2016,15.7,,employed persons commuting to work,commute_mode_share,oecd_fua,,FUA code DE012F
Hannover,hannover,DE,oecd_fua,2016,12.8,,employed persons commuting to work,commute_mode_share,oecd_fua,,FUA code DE013F
Nürnberg,nurnberg,DE,oecd_fua,2016,8.8,,employed persons commuting to work,commute_mode_share,oecd_fua,,FUA code DE014F
Bielefeld,bielefeld,DE,oecd_fua,2016,6.9,,employed persons commuting to work,commute_mode_share,oecd_fua,,FUA code DE016F
Halle an der Saale,halle an der saale,DE,oecd_fua,2016,9.5,,employed persons commuting to work,commute_mode_share,oecd_fua,,FUA code DE017F
Magdeburg,magdeburg,DE,oecd_fua,2016,10.7,,employed persons commuting to work,commute_mode_share,oecd_fua,,FUA code DE018F
Wiesbaden,wiesbaden,DE,oecd_fua,2016,2.9,,employed persons commuting to work,commute_mode_share,oecd_fua,,FUA code DE019F
Göttingen,gottingen,DE,oecd_fua,2016,10.8,,employed persons commuting to work,commute_mode_share,oecd_fua,,FUA code DE020F
Darmstadt,darmstadt,DE,oecd_fua,2016,10.8,,employed persons commuting to work,commute_mode_share,oecd_fua,,FUA code DE023F
Trier,trier,DE,oecd_fua,2016,4.4,,employed persons commuting to work,commute_mode_share,oecd_fua,,FUA code DE024F
Freiburg im Breisgau,freiburg im breisgau,DE,oecd_fua,2016,16.6,,employed persons commuting to work,commute_mode_share,oecd_fua,,FUA code DE025F
Regensburg,regensburg,DE,oecd_fua,2016,8.8,,employed persons commuting to work,commute_mode_share,oecd_fua,,FUA code DE026F
Frankfurt (Oder),frankfurt (oder),DE,oecd_fua,2016,8.4,,employed persons commuting to work,commute_mode_share,oecd_fua,,FUA code DE027F
Schwerin,schwerin,DE,oecd_fua,2016,10.0,,employed persons commuting to work,commute_mode_share,oecd_fua,,FUA code DE029F
Erfurt,erfurt,DE,oecd_fua,2016,8.3,,employed persons commuting to work,commute_mode_share,oecd_fua,,FUA code DE030F
Augsburg,augsburg,DE,oecd_fua,2016,10.3,,employed persons commuting to work,commute_mode_share,oecd_fua,,FUA code DE031F
Bonn,bonn,DE,oecd_fua,2016,9.1,,employed persons commuting to work,commute_mode_share,oecd_fua,,FUA code DE032F
Karlsruhe,karlsruhe,DE,oecd_fua,2016,13.0,,employed persons commuting to work,commute_mode_share,oecd_fua,,FUA code DE033F
Mönchengladbach,monchengladbach,DE,oecd_fua,2016,5.0,,employed persons commuting to work,commute_mode_share,oecd_fua,,FUA code DE034F
Mainz,mainz,DE,oecd_fua,2016,6.4,,employed persons commuting to work,commute_mode_share,oecd_fua,,FUA code DE035F
Kiel,kiel,DE,oecd_fua,2016,14.1,,employed persons commuting to work,commute_mode_share,oecd_fua,,FUA code DE036F
Saarbrücken,saarbrucken,DE,oecd_fua,2016,1.7,,employed persons commuting to work,commute_mode_share,oecd_fua,,FUA code DE037F
Koblenz,koblenz,DE,oecd_fua,2016,5.1,,employed persons commuting to work,commute_mode_share,oecd_fua,,FUA code DE039F
Rostock,rostock,DE,oecd_fua,2016,15.0,,employed persons commuting to work,commute_mode_share,oecd_fua,,FUA code DE040F
Kaiserslautern,kaiserslautern,DE,oecd_fua,2016,2.2,,employed persons commuting to work,commute_mode_share,oecd_fua,,FUA code DE041F
Iserlohn,iserlohn,DE,oecd_fua,2016,1.1,,employed persons commuting to work,commute_mode_share,oecd_fua,,FUA code DE042F
Tübingen,tubingen,DE,oecd_fua,2016,10.6,,employed persons commuting to work,commute_mode_share,oecd_fua,,FUA code DE047F
Flensburg,flensburg,DE,oecd_fua,2016,9.1,,employed persons commuting to work,commute_mode_share,oecd_fua,,FUA code DE049F
Konstanz,konstanz,DE,oecd_fua,2016,12.8,,employed persons commuting to work,commute_mode_share,oecd_fua,,FUA code DE051F
Neumünster,neumunster,DE,oecd_fua,2016,15.4,,employed persons commuting to work,commute_mode_share,oecd_fua,,FUA code DE052F
Gießen,gießen,DE,oecd_fua,2016,7.5,,employed persons commuting to work,commute_mode_share,oecd_fua,,FUA code DE054F
Bayreuth,bayreuth,DE,oecd_fua,2016,6.8,,employed persons commuting to work,commute_mode_share,oecd_fua,,FUA code DE056F
Aschaffenburg,aschaffenburg,DE,oecd_fua,2016,5.7,,employed persons commuting to work,commute_mode_share,oecd_fua,,FUA code DE058F
Bamberg,bamberg,DE,oecd_fua,2016,10.0,,employed persons commuting to work,commute_mode_share,oecd_fua,,FUA code DE059F
Plauen,plauen,DE,oecd_fua,2016,2.0,,employed persons commuting to work,commute_mode_share,oecd_fua,,FUA code DE060F
Kempten (Allgäu),kempten (allgau),DE,oecd_fua,2016,10.1,,employed persons commuting to work,commute_mode_share,oecd_fua,,FUA code DE063F
Landshut,landshut,DE,oecd_fua,2016,7.0,,employed persons commuting to work,commute_mode_share,oecd_fua,,FUA code DE064F
Rosenheim,rosenheim,DE,oecd_fua,2016,11.9,,employed persons commuting to work,commute_mode_share,oecd_fua,,FUA code DE066F
Görlitz,gorlitz,DE,oecd_fua,2016,9.6,,employed persons commuting to work,commute_mode_share,oecd_fua,,FUA code DE071F
Schweinfurt,schweinfurt,DE,oecd_fua,2016,5.1,,employed persons commuting to work,commute_mode_share,oecd_fua,,FUA code DE074F
Münster,munster,DE,oecd_fua,2016,28.4,,employed persons commuting to work,commute_mode_share,oecd_fua,,FUA code DE083F
Chemnitz,chemnitz,DE,oecd_fua,2016,5.8,,employed persons commuting to work,commute_mode_share,oecd_fua,,FUA code DE084F
Aachen,aachen,DE,oecd_fua,2016,5.9,,employed persons commuting to work,commute_mode_share,oecd_fua,,FUA code DE086F
Krefeld,krefeld,DE,oecd_fua,2016,12.1,,employed persons commuting to work,commute_mode_share,oecd_fua,,FUA code DE087F
Lübeck,lubeck,DE,oecd_fua,2016,16.9,,employed persons commuting to work,commute_mode_share,oecd_fua,,FUA code DE089F
Kassel,kassel,DE,oecd_fua,2016,5.6,,employed persons commuting to work,commute_mode_share,oecd_fua,,FUA code DE091F
Osnabrück,osnabruck,DE,oecd_fua,2016,12.1,,employed persons commuting to work,commute_mode_share,oecd_fua,,FUA code DE095F
Oldenburg (Oldenburg),oldenburg (oldenburg),DE,oecd_fua,2016,20.9,,employed persons commuting to work,commute_mode_share,oecd_fua,,FUA code DE098F
Heidelberg,heidelberg,DE,oecd_fua,2016,11.7,,employed persons commuting to work,commute_mode_share,oecd_fua,,FUA code DE100F
Paderborn,paderborn,DE,oecd_fua,2016,9.5,,employed persons commuting to work,commute_mode_share,oecd_fua,,FUA code DE101F
Würzburg,wurzburg,DE,oecd_fua,2016,7.2,,employed persons commuting to work,commute_mode_share,oecd_fua,,FUA code DE102F
Bremerhaven,bremerhaven,DE,oecd_fua,2016,11.6,,employed persons commuting to work,commute_mode_share,oecd_fua,,FUA code DE105F
Heilbronn,heilbronn,DE,oecd_fua,2016,4.5,,employed persons commuting to work,commute_mode_share,oecd_fua,,FUA code DE107F
Remscheid,remscheid,DE,oecd_fua,2016,0.0,,employed persons commuting to work,commute_mode_share,oecd_fua,,FUA code DE108F
Ulm,ulm,DE,oecd_fua,2016,8.2,,employed persons commuting to work,commute_mode_share,oecd_fua,,FUA code DE110F
Pforzheim,pforzheim,DE,oecd_fua,2016,2.0,,employed persons commuting to work,commute_mode_share,oecd_fua,,FUA code DE111F
Ingolstadt,ingolstadt,DE,oecd_fua,2016,11.2,,employed persons commuting to work,commute_mode_share,oecd_fua,,FUA code DE112F
Gera,gera,DE,oecd_fua,2016,5.0,,employed persons commuting to work,commute_mode_share,oecd_fua,,FUA code DE113F
Reutlingen,reutlingen,DE,oecd_fua,2016,6.5,,employed persons commuting to work,commute_mode_share,oecd_fua,,FUA code DE115F
Cottbus,cottbus,DE,oecd_fua,2016,19.4,,employed persons commuting to work,commute_mode_share,oecd_fua,,FUA code DE117F
Siegen,siegen,DE,oecd_fua,2016,1.5,,employed persons commuting to work,commute_mode_share,oecd_fua,,FUA code DE118F
Hildesheim,hildesheim,DE,oecd_fua,2016,10.4,,employed persons commuting to work,commute_mode_share,oecd_fua,,FUA code DE120F
Wuppertal,wuppertal,DE,oecd_fua,2016,1.6,,employed persons commuting to work,commute_mode_share,oecd_fua,,FUA code DE124F
Jena,jena,DE,oecd_fua,2016,10.6,,employed persons commuting to work,commute_mode_share,oecd_fua,,FUA code DE125F
"Düren, Stadt",duren,DE,oecd_fua,2016,5.3,,employed persons commuting to work,commute_mode_share,oecd_fua,,FUA code DE126F
"Bocholt, Stadt",bocholt,DE,oecd_fua,2016,24.6,,employed persons commuting to work,commute_mode_share,oecd_fua,,FUA code DE127F
Tallinn,tallinn,EE,oecd_fua,2018,1.2,,employed persons commuting to work,commute_mode_share,oecd_fua,,FUA code EE001F
Tartu,tartu,EE,oecd_fua,2018,4.6,,employed persons commuting to work,commute_mode_share,oecd_fua,,FUA code EE002F
Helsinki,helsinki,FI,oecd_fua,2018,13.0,,employed persons commuting to work,commute_mode_share,oecd_fua,,FUA code FI001F
Tampere,tampere,FI,oecd_fua,2018,11.0,,employed persons commuting to work,commute_mode_share,oecd_fua,,FUA code FI002F
Oulu,oulu,FI,oecd_fua,2011,18.0,,employed persons commuting to work,commute_mode_share,oecd_fua,,FUA code FI004F
Paris,paris,FR,oecd_fua,2022,4.0,,employed persons commuting to work,commute_mode_share,oecd_fua,,FUA code FR001F
Lyon,lyon,FR,oecd_fua,2022,5.4,,employed persons commuting to work,commute_mode_share,oecd_fua,,FUA code FR002F
Lille,lille,FR,oecd_fua,2022,4.0,,employed persons commuting to work,commute_mode_share,oecd_fua,,FUA code FR003F
Marseille,marseille,FR,oecd_fua,2022,2.1,,employed persons commuting to work,commute_mode_share,oecd_fua,,FUA code FR004F
Bordeaux,bordeaux,FR,oecd_fua,2022,7.2,,employed persons commuting to work,commute_mode_share,oecd_fua,,FUA code FR005F
Toulouse,toulouse,FR,oecd_fua,2022,5.7,,employed persons commuting to work,commute_mode_share,oecd_fua,,FUA code FR006F
Nantes,nantes,FR,oecd_fua,2022,7.0,,employed persons commuting to work,commute_mode_share,oecd_fua,,FUA code FR007F
Nice,nice,FR,oecd_fua,2022,2.5,,employed persons commuting to work,commute_mode_share,oecd_fua,,FUA code FR008F
Strasbourg,strasbourg,FR,oecd_fua,2022,10.3,,employed persons commuting to work,commute_mode_share,oecd_fua,,FUA code FR009F
Rouen,rouen,FR,oecd_fua,2022,2.3,,employed persons commuting to work,commute_mode_share,oecd_fua,,FUA code FR010F
Montpellier,montpellier,FR,oecd_fua,2022,6.4,,employed persons commuting to work,commute_mode_share,oecd_fua,,FUA code FR011F
Grenoble,grenoble,FR,oecd_fua,2022,9.8,,employed persons commuting to work,commute_mode_share,oecd_fua,,FUA code FR012F
Tours,tours,FR,oecd_fua,2022,4.4,,employed persons commuting to work,commute_mode_share,oecd_fua,,FUA code FR013F
Cannes-Antibes,cannes-antibes,FR,oecd_fua,2022,1.9,,employed persons commuting to work,commute_mode_share,oecd_fua,,FUA code FR014F
Toulon,toulon,FR,oecd_fua,2022,3.2,,employed persons commuting to work,commute_mode_share,oecd_fua,,FUA code FR015F
Rennes,rennes,FR,oecd_fua,2022,5.6,,employed persons commuting to work,commute_mode_share,oecd_fua,,FUA code FR016F
Reims,reims,FR,oecd_fua,2022,3.1,,employed persons commuting to work,commute_mode_share,oecd_fua,,FUA code FR017F
Orléans,orleans,FR,oecd_fua,2022,3.9,,employed persons commuting to work,commute_mode_share,oecd_fua,,FUA code FR018F
Nancy,nancy,FR,oecd_fua,2022,2.9,,employed persons commuting to work,commute_mode_share,oecd_fua,,FUA code FR019F
Dijon,dijon,FR,oecd_fua,2022,4.8,,employed persons commuting to work,commute_mode_share,oecd_fua,,FUA code FR020F
Clermont-Ferrand,clermont-ferrand,FR,oecd_fua,2022,2.6,,employed persons commuting to work,commute_mode_share,oecd_fua,,FUA code FR021F
Le Havre,le havre,FR,oecd_fua,2022,2.3,,employed persons commuting to work,commute_mode_share,oecd_fua,,FUA code FR022F
Saint-Étienne,saint-etienne,FR,oecd_fua,2022,1.5,,employed persons commuting to work,commute_mode_share,oecd_fua,,FUA code FR023F
Angers,angers,FR,oecd_fua,2022,5.5,,employed persons commuting to work,commute_mode_share,oecd_fua,,FUA code FR024F
Mulhouse,mulhouse,FR,oecd_fua,2022,2.8,,employed persons commuting to work,commute_mode_share,oecd_fua,,FUA code FR025F
Lens,lens,FR,oecd_fua,2022,1.5,,employed persons commuting to work,commute_mode_share,oecd_fua,,FUA code FR026F
Metz,metz,FR,oecd_fua,2022,2.0,,employed persons commuting to work,commute_mode_share,oecd_fua,,FUA code FR027F
Nîmes,nimes,FR,oecd_fua,2022,2.9,,employed persons commuting to work,commute_mode_share,oecd_fua,,FUA code FR028F
Le Mans,le mans,FR,oecd_fua,2022,3.6,,employed persons commuting to work,commute_mode_share,oecd_fua,,FUA code FR029F
Saint-Denis,saint-denis,FR,oecd_fua,2022,1.9,,employed persons commuting to work,commute_mode_share,oecd_fua,,FUA code FR030F
Caen,caen,FR,oecd_fua,2022,3.8,,employed persons commuting to work,commute_mode_share,oecd_fua,,FUA code FR031F
Limoges,limoges,FR,oecd_fua,2022,1.3,,employed persons commuting to work,commute_mode_share,oecd_fua,,FUA code FR032F
Brest,brest,FR,oecd_fua,2022,3.2,,employed persons commuting to work,commute_mode_share,oecd_fua,,FUA code FR034F
Amiens,amiens,FR,oecd_fua,2022,3.4,,employed persons commuting to work,commute_mode_share,oecd_fua,,FUA code FR035F
Dunkerque,dunkerque,FR,oecd_fua,2022,2.8,,employed persons commuting to work,commute_mode_share,oecd_fua,,FUA code FR036F
Perpignan,perpignan,FR,oecd_fua,2022,2.5,,employed persons commuting to work,commute_mode_share,oecd_fua,,FUA code FR037F
Annecy,annecy,FR,oecd_fua,2022,5.5,,employed persons commuting to work,commute_mode_share,oecd_fua,,FUA code FR038F
Besançon,besancon,FR,oecd_fua,2022,3.5,,employed persons commuting to work,commute_mode_share,oecd_fua,,FUA code FR039F
Bayonne,bayonne,FR,oecd_fua,2022,2.7,,employed persons commuting to work,commute_mode_share,oecd_fua,,FUA code FR040F
Pau,pau,FR,oecd_fua,2022,3.7,,employed persons commuting to work,commute_mode_share,oecd_fua,,FUA code FR042F
Avignon,avignon,FR,oecd_fua,2022,3.5,,employed persons commuting to work,commute_mode_share,oecd_fua,,FUA code FR043F
Troyes,troyes,FR,oecd_fua,2022,3.1,,employed persons commuting to work,commute_mode_share,oecd_fua,,FUA code FR044F
Valenciennes,valenciennes,FR,oecd_fua,2022,2.0,,employed persons commuting to work,commute_mode_share,oecd_fua,,FUA code FR045F
Fort-de-France,fort-de-france,FR,oecd_fua,2022,0.2,,employed persons commuting to work,commute_mode_share,oecd_fua,,FUA code FR046F
Poitiers,poitiers,FR,oecd_fua,2022,2.6,,employed persons commuting to work,commute_mode_share,oecd_fua,,FUA code FR047F
Valence,valence,FR,oecd_fua,2022,4.3,,employed persons commuting to work,commute_mode_share,oecd_fua,,FUA code FR048F
Fréjus,frejus,FR,oecd_fua,2022,1.6,,employed persons commuting to work,commute_mode_share,oecd_fua,,FUA code FR049F
Chambéry,chambery,FR,oecd_fua,2022,5.9,,employed persons commuting to work,commute_mode_share,oecd_fua,,FUA code FR050F
Douai,douai,FR,oecd_fua,2022,2.5,,employed persons commuting to work,commute_mode_share,oecd_fua,,FUA code FR052F
La Rochelle,la rochelle,FR,oecd_fua,2022,7.9,,employed persons commuting to work,commute_mode_share,oecd_fua,,FUA code FR054F
Lorient,lorient,FR,oecd_fua,2022,4.2,,employed persons commuting to work,commute_mode_share,oecd_fua,,FUA code FR055F
Cherbourg-en-Cotentin,cherbourg-en-cotentin,FR,oecd_fua,2022,3.6,,employed persons commuting to work,commute_mode_share,oecd_fua,,FUA code FR056F
Béziers,beziers,FR,oecd_fua,2022,1.4,,employed persons commuting to work,commute_mode_share,oecd_fua,,FUA code FR057F
Chartres,chartres,FR,oecd_fua,2022,3.1,,employed persons commuting to work,commute_mode_share,oecd_fua,,FUA code FR058F
Boulogne-sur-Mer,boulogne-sur-mer,FR,oecd_fua,2022,1.2,,employed persons commuting to work,commute_mode_share,oecd_fua,,FUA code FR060F
Calais,calais,FR,oecd_fua,2022,1.9,,employed persons commuting to work,commute_mode_share,oecd_fua,,FUA code FR061F
Montbéliard,montbeliard,FR,oecd_fua,2022,1.7,,employed persons commuting to work,commute_mode_share,oecd_fua,,FUA code FR063F
Arras,arras,FR,oecd_fua,2022,1.9,,employed persons commuting to work,commute_mode_share,oecd_fua,,FUA code FR064F
Colmar,colmar,FR,oecd_fua,2022,5.5,,employed persons commuting to work,commute_mode_share,oecd_fua,,FUA code FR065F
Bourges,bourges,FR,oecd_fua,2022,2.7,,employed persons commuting to work,commute_mode_share,oecd_fua,,FUA code FR068F
Saint-Brieuc,saint-brieuc,FR,oecd_fua,2022,2.1,,employed persons commuting to work,commute_mode_share,oecd_fua,,FUA code FR069F
Quimper,quimper,FR,oecd_fua,2022,1.8,,employed persons commuting to work,commute_mode_share,oecd_fua,,FUA code FR070F
Belfort,belfort,FR,oecd_fua,2022,3.1,,employed persons commuting to work,commute_mode_share,oecd_fua,,FUA code FR071F
Cayenne,cayenne,FR,oecd_fua,2022,2.3,,employed persons commuting to work,commute_mode_share,oecd_fua,,FUA code FR072F
Saint-Louis,saint-louis,FR,oecd_fua,2022,1.4,,employed persons commuting to work,commute_mode_share,oecd_fua,,FUA code FR074F
Vannes,vannes,FR,oecd_fua,2022,3.0,,employed persons commuting to work,commute_mode_share,oecd_fua,,FUA code FR075F
Annemasse-Geneva (French part),annemasse-geneva (french part),FR,oecd_fua,2022,5.9,,employed persons commuting to work,commute_mode_share,oecd_fua,,FUA code FR076F
Saint-Louis-Bâle (French part),saint-louis-bale (french part),FR,oecd_fua,2022,7.9,,employed persons commuting to work,commute_mode_share,oecd_fua,,FUA code FR077F
Dublin,dublin,IE,oecd_fua,2022,5.7,,employed persons commuting to work,commute_mode_share,oecd_fua,,FUA code IE001F
Cork,cork,IE,oecd_fua,2022,1.8,,employed persons commuting to work,commute_mode_share,oecd_fua,,FUA code IE002F
Limerick,limerick,IE,oecd_fua,2022,1.8,,employed persons commuting to work,commute_mode_share,oecd_fua,,FUA code IE003F
Galway,galway,IE,oecd_fua,2022,2.7,,employed persons commuting to work,commute_mode_share,oecd_fua,,FUA code IE004F
Waterford,waterford,IE,oecd_fua,2022,1.6,,employed persons commuting to work,commute_mode_share,oecd_fua,,FUA code IE005F
Roma,roma,IT,oecd_fua,2011,0.6,,employed persons commuting to work,commute_mode_share,oecd_fua,,FUA code IT001F
Milano,milano,IT,oecd_fua,2011,5.1,,employed persons commuting to work,commute_mode_share,oecd_fua,,FUA code IT002F
Napoli,napoli,IT,oecd_fua,2011,1.3,,employed persons commuting to work,commute_mode_share,oecd_fua,,FUA code IT003F
Torino,torino,IT,oecd_fua,2011,2.5,,employed persons commuting to work,commute_mode_share,oecd_fua,,FUA code IT004F
Palermo,palermo,IT,oecd_fua,2011,1.3,,employed persons commuting to work,commute_mode_share,oecd_fua,,FUA code IT005F
Genova,genova,IT,oecd_fua,2011,0.4,,employed persons commuting to work,commute_mode_share,oecd_fua,,FUA code IT006F
Firenze,firenze,IT,oecd_fua,2011,4.8,,employed persons commuting to work,commute_mode_share,oecd_fua,,FUA code IT007F
Bari,bari,IT,oecd_fua,2011,2.1,,employed persons commuting to work,commute_mode_share,oecd_fua,,FUA code IT008F
Bologna,bologna,IT,oecd_fua,2011,4.6,,employed persons commuting to work,commute_mode_share,oecd_fua,,FUA code IT009F
Catania,catania,IT,oecd_fua,2011,0.3,,employed persons commuting to work,commute_mode_share,oecd_fua,,FUA code IT010F
Venezia,venezia,IT,oecd_fua,2011,7.9,,employed persons commuting to work,commute_mode_share,oecd_fua,,FUA code IT011F
Verona,verona,IT,oecd_fua,2011,5.5,,employed persons commuting to work,commute_mode_share,oecd_fua,,FUA code IT012F
Cremona,cremona,IT,oecd_fua,2011,12.4,,employed persons commuting to work,commute_mode_share,oecd_fua,,FUA code IT013F
Trento,trento,IT,oecd_fua,2011,5.2,,employed persons commuting to work,commute_mode_share,oecd_fua,,FUA code IT014F
Trieste,trieste,IT,oecd_fua,2011,0.7,,employed persons commuting to work,commute_mode_share,oecd_fua,,FUA code IT015F
Perugia,perugia,IT,oecd_fua,2011,0.4,,employed persons commuting to work,commute_mode_share,oecd_fua,,FUA code IT016F
Ancona,ancona,IT,oecd_fua,2011,0.7,,employed persons commuting to work,commute_mode_share,oecd_fua,,FUA code IT017F
Pescara,pescara,IT,oecd_fua,2011,2.5,,employed persons commuting to work,commute_mode_share,oecd_fua,,FUA code IT018F
Campobasso,campobasso,IT,oecd_fua,2011,0.1,,employed persons commuting to work,commute_mode_share,oecd_fua,,FUA code IT019F
Caserta,caserta,IT,oecd_fua,2011,3.7,,employed persons commuting to work,commute_mode_share,oecd_fua,,FUA code IT020F
Taranto,taranto,IT,oecd_fua,2011,1.0,,employed persons commuting to work,commute_mode_share,oecd_fua,,FUA code IT021F
Potenza,potenza,IT,oecd_fua,2011,0.1,,employed persons commuting to work,commute_mode_share,oecd_fua,,FUA code IT022F
Catanzaro,catanzaro,IT,oecd_fua,2011,0.2,,employed persons commuting to work,commute_mode_share,oecd_fua,,FUA code IT023F
Reggio di Calabria,reggio di calabria,IT,oecd_fua,2011,0.3,,employed persons commuting to work,commute_mode_share,oecd_fua,,FUA code IT024F
Sassari,sassari,IT,oecd_fua,2011,0.4,,employed persons commuting to work,commute_mode_share,oecd_fua,,FUA code IT025F
Cagliari,cagliari,IT,oecd_fua,2011,1.1,,employed persons commuting to work,commute_mode_share,oecd_fua,,FUA code IT026F
Padova,padova,IT,oecd_fua,2011,8.8,,employed persons commuting to work,commute_mode_share,oecd_fua,,FUA code IT027F
Brescia,brescia,IT,oecd_fua,2011,6.1,,employed persons commuting to work,commute_mode_share,oecd_fua,,FUA code IT028F
Modena,modena,IT,oecd_fua,2011,8.0,,employed persons commuting to work,commute_mode_share,oecd_fua,,FUA code IT029F
Foggia,foggia,IT,oecd_fua,2011,1.7,,employed persons commuting to work,commute_mode_share,oecd_fua,,FUA code IT030F
Salerno,salerno,IT,oecd_fua,2011,0.8,,employed persons commuting to work,commute_mode_share,oecd_fua,,FUA code IT031F
Piacenza,piacenza,IT,oecd_fua,2011,9.2,,employed persons commuting to work,commute_mode_share,oecd_fua,,FUA code IT032F
Bolzano,bolzano,IT,oecd_fua,2011,17.4,,employed persons commuting to work,commute_mode_share,oecd_fua,,FUA code IT033F
Udine,udine,IT,oecd_fua,2011,6.8,,employed persons commuting to work,commute_mode_share,oecd_fua,,FUA code IT034F
La Spezia,la spezia,IT,oecd_fua,2011,2.1,,employed persons commuting to work,commute_mode_share,oecd_fua,,FUA code IT035F
Lecce,lecce,IT,oecd_fua,2011,4.1,,employed persons commuting to work,commute_mode_share,oecd_fua,,FUA code IT036F
Barletta,barletta,IT,oecd_fua,2011,4.3,,employed persons commuting to work,commute_mode_share,oecd_fua,,FUA code IT037F
Pesaro,pesaro,IT,oecd_fua,2011,9.1,,employed persons commuting to work,commute_mode_share,oecd_fua,,FUA code IT038F
Como,como,IT,oecd_fua,2011,2.6,,employed persons commuting to work,commute_mode_share,oecd_fua,,FUA code IT039F
Pisa,pisa,IT,oecd_fua,2011,6.2,,employed persons commuting to work,commute_mode_share,oecd_fua,,FUA code IT040F
Treviso,treviso,IT,oecd_fua,2011,8.9,,employed persons commuting to work,commute_mode_share,oecd_fua,,FUA code IT041F
Varese,varese,IT,oecd_fua,2011,1.5,,employed persons commuting to work,commute_mode_share,oecd_fua,,FUA code IT042F
Asti,asti,IT,oecd_fua,2011,1.4,,employed persons commuting to work,commute_mode_share,oecd_fua,,FUA code IT043F
Pavia,pavia,IT,oecd_fua,2011,6.6,,employed persons commuting to work,commute_mode_share,oecd_fua,,FUA code IT044F
Cosenza,cosenza,IT,oecd_fua,2011,0.2,,employed persons commuting to work,commute_mode_share,oecd_fua,,FUA code IT046F
Savona,savona,IT,oecd_fua,2011,1.8,,employed persons commuting to work,commute_mode_share,oecd_fua,,FUA code IT047F
Matera,matera,IT,oecd_fua,2011,0.3,,employed persons commuting to work,commute_mode_share,oecd_fua,,FUA code IT048F
Avellino,avellino,IT,oecd_fua,2011,0.3,,employed persons commuting to work,commute_mode_share,oecd_fua,,FUA code IT050F
Pordenone,pordenone,IT,oecd_fua,2011,7.3,,employed persons commuting to work,commute_mode_share,oecd_fua,,FUA code IT051F
Lecco,lecco,IT,oecd_fua,2011,1.9,,employed persons commuting to work,commute_mode_share,oecd_fua,,FUA code IT052F
Altamura,altamura,IT,oecd_fua,2011,0.6,,employed persons commuting to work,commute_mode_share,oecd_fua,,FUA code IT053F
Battipaglia,battipaglia,IT,oecd_fua,2011,1.2,,employed persons commuting to work,commute_mode_share,oecd_fua,,FUA code IT056F
Bisceglie,bisceglie,IT,oecd_fua,2011,2.1,,employed persons commuting to work,commute_mode_share,oecd_fua,,FUA code IT057F
Carpi,carpi,IT,oecd_fua,2011,10.5,,employed persons commuting to work,commute_mode_share,oecd_fua,,FUA code IT058F
Cerignola,cerignola,IT,oecd_fua,2011,1.8,,employed persons commuting to work,commute_mode_share,oecd_fua,,FUA code IT059F
Gela,gela,IT,oecd_fua,2011,0.6,,employed persons commuting to work,commute_mode_share,oecd_fua,,FUA code IT060F
Sassuolo,sassuolo,IT,oecd_fua,2011,2.9,,employed persons commuting to work,commute_mode_share,oecd_fua,,FUA code IT063F
Messina,messina,IT,oecd_fua,2011,0.5,,employed persons commuting to work,commute_mode_share,oecd_fua,,FUA code IT064F
Prato,prato,IT,oecd_fua,2011,3.0,,employed persons commuting to work,commute_mode_share,oecd_fua,,FUA code IT065F
Parma,parma,IT,oecd_fua,2011,9.9,,employed persons commuting to work,commute_mode_share,oecd_fua,,FUA code IT066F
Livorno,livorno,IT,oecd_fua,2011,8.0,,employed persons commuting to work,commute_mode_share,oecd_fua,,FUA code IT067F
Reggio nell'Emilia,reggio nell'emilia,IT,oecd_fua,2011,7.9,,employed persons commuting to work,commute_mode_share,oecd_fua,,FUA code IT068F
Ravenna,ravenna,IT,oecd_fua,2011,11.9,,employed persons commuting to work,commute_mode_share,oecd_fua,,FUA code IT069F
Ferrara,ferrara,IT,oecd_fua,2011,14.2,,employed persons commuting to work,commute_mode_share,oecd_fua,,FUA code IT070F
Rimini,rimini,IT,oecd_fua,2011,10.3,,employed persons commuting to work,commute_mode_share,oecd_fua,,FUA code IT071F
Siracusa,siracusa,IT,oecd_fua,2011,0.7,,employed persons commuting to work,commute_mode_share,oecd_fua,,FUA code IT072F
Bergamo,bergamo,IT,oecd_fua,2011,4.5,,employed persons commuting to work,commute_mode_share,oecd_fua,,FUA code IT073F
Forlì,forli,IT,oecd_fua,2011,8.9,,employed persons commuting to work,commute_mode_share,oecd_fua,,FUA code IT074F
Latina,latina,IT,oecd_fua,2011,1.4,,employed persons commuting to work,commute_mode_share,oecd_fua,,FUA code IT075F
Vicenza,vicenza,IT,oecd_fua,2011,7.9,,employed persons commuting to work,commute_mode_share,oecd_fua,,FUA code IT076F
Terni,terni,IT,oecd_fua,2011,3.0,,employed persons commuting to work,commute_mode_share,oecd_fua,,FUA code IT077F
Novara,novara,IT,oecd_fua,2011,9.4,,employed persons commuting to work,commute_mode_share,oecd_fua,,FUA code IT078F
Alessandria,alessandria,IT,oecd_fua,2011,6.3,,employed persons commuting to work,commute_mode_share,oecd_fua,,FUA code IT079F
Arezzo,arezzo,IT,oecd_fua,2011,2.8,,employed persons commuting to work,commute_mode_share,oecd_fua,,FUA code IT080F
Grosseto,grosseto,IT,oecd_fua,2011,6.4,,employed persons commuting to work,commute_mode_share,oecd_fua,,FUA code IT081F
Brindisi,brindisi,IT,oecd_fua,2011,2.3,,employed persons commuting to work,commute_mode_share,oecd_fua,,FUA code IT082F
Trapani,trapani,IT,oecd_fua,2011,1.8,,employed persons commuting to work,commute_mode_share,oecd_fua,,FUA code IT083F
Ragusa,ragusa,IT,oecd_fua,2011,0.3,,employed persons commuting to work,commute_mode_share,oecd_fua,,FUA code IT084F
Andria,andria,IT,oecd_fua,2011,3.4,,employed persons commuting to work,commute_mode_share,oecd_fua,,FUA code IT085F
L'Aquila,l'aquila,IT,oecd_fua,2011,0.2,,employed persons commuting to work,commute_mode_share,oecd_fua,,FUA code IT087F
Tokyo,tokyo,JP,oecd_fua,2020,11.3,,employed persons commuting to work,commute_mode_share,oecd_fua,,FUA code JPN01F
Osaka,osaka,JP,oecd_fua,2020,16.9,,employed persons commuting to work,commute_mode_share,oecd_fua,,FUA code JPN02F
Nagoya,nagoya,JP,oecd_fua,2020,9.9,,employed persons commuting to work,commute_mode_share,oecd_fua,,FUA code JPN03F
Fukuoka,fukuoka,JP,oecd_fua,2020,11.2,,employed persons commuting to work,commute_mode_share,oecd_fua,,FUA code JPN04F
Sapporo,sapporo,JP,oecd_fua,2020,6.7,,employed persons commuting to work,commute_mode_share,oecd_fua,,FUA code JPN05F
Sendai,sendai,JP,oecd_fua,2020,8.5,,employed persons commuting to work,commute_mode_share,oecd_fua,,FUA code JPN06F
Okayama,okayama,JP,oecd_fua,2020,13.5,,employed persons commuting to work,commute_mode_share,oecd_fua,,FUA code JPN07F
Hiroshima,hiroshima,JP,oecd_fua,2020,15.2,,employed persons commuting to work,commute_mode_share,oecd_fua,,FUA code JPN08F
Kitakyushu,kitakyushu,JP,oecd_fua,2020,5.5,,employed persons commuting to work,commute_mode_share,oecd_fua,,FUA code JPN09F
Naha,naha,JP,oecd_fua,2020,2.6,,employed persons commuting to work,commute_mode_share,oecd_fua,,FUA code JPN10F
Kumamoto,kumamoto,JP,oecd_fua,2020,10.5,,employed persons commuting to work,commute_mode_share,oecd_fua,,FUA code JPN11F
Yokkaichi,yokkaichi,JP,oecd_fua,2020,7.4,,employed persons commuting to work,commute_mode_share,oecd_fua,,FUA code JPN12F
Takasaki,takasaki,JP,oecd_fua,2020,8.4,,employed persons commuting to work,commute_mode_share,oecd_fua,,FUA code JPN13F
Niigata,niigata,JP,oecd_fua,2020,6.5,,employed persons commuting to work,commute_mode_share,oecd_fua,,FUA code JPN15F
Utsunomiya,utsunomiya,JP,oecd_fua,2020,9.1,,employed persons commuting to work,commute_mode_share,oecd_fua,,FUA code JPN16F
Kanazawa,kanazawa,JP,oecd_fua,2020,6.7,,employed persons commuting to work,commute_mode_share,oecd_fua,,FUA code JPN17F
Oita,oita,JP,oecd_fua,2020,8.2,,employed persons commuting to work,commute_mode_share,oecd_fua,,FUA code JPN18F
Kagoshima,kagoshima,JP,oecd_fua,2020,7.1,,employed persons commuting to work,commute_mode_share,oecd_fua,,FUA code JPN19F
Himeji,himeji,JP,oecd_fua,2020,11.9,,employed persons commuting to work,commute_mode_share,oecd_fua,,FUA code JPN20F
Mito,mito,JP,oecd_fua,2020,6.8,,employed persons commuting to work,commute_mode_share,oecd_fua,,FUA code JPN21F
Shizuoka,shizuoka,JP,oecd_fua,2020,17.8,,employed persons commuting to work,commute_mode_share,oecd_fua,,FUA code JPN22F
Toyohashi,toyohashi,JP,oecd_fua,2020,8.5,,employed persons commuting to work,commute_mode_share,oecd_fua,,FUA code JPN23F
Nagasaki,nagasaki,JP,oecd_fua,2020,1.7,,employed persons commuting to work,commute_mode_share,oecd_fua,,FUA code JPN24F
Matsuyama,matsuyama,JP,oecd_fua,2020,18.4,,employed persons commuting to work,commute_mode_share,oecd_fua,,FUA code JPN25F
Toyama,toyama,JP,oecd_fua,2020,6.1,,employed persons commuting to work,commute_mode_share,oecd_fua,,FUA code JPN26F
Kofu,kofu,JP,oecd_fua,2020,8.6,,employed persons commuting to work,commute_mode_share,oecd_fua,,FUA code JPN27F
Takamatsu,takamatsu,JP,oecd_fua,2020,14.3,,employed persons commuting to work,commute_mode_share,oecd_fua,,FUA code JPN28F
Nagano,nagano,JP,oecd_fua,2020,9.0,,employed persons commuting to work,commute_mode_share,oecd_fua,,FUA code JPN29F
Tokushima,tokushima,JP,oecd_fua,2020,13.4,,employed persons commuting to work,commute_mode_share,oecd_fua,,FUA code JPN30F
Numazu,numazu,JP,oecd_fua,2020,8.0,,employed persons commuting to work,commute_mode_share,oecd_fua,,FUA code JPN31F
Fukui,fukui,JP,oecd_fua,2020,6.5,,employed persons commuting to work,commute_mode_share,oecd_fua,,FUA code JPN32F
Wakayama,wakayama,JP,oecd_fua,2020,11.7,,employed persons commuting to work,commute_mode_share,oecd_fua,,FUA code JPN33F
Koriyama,koriyama,JP,oecd_fua,2020,6.9,,employed persons commuting to work,commute_mode_share,oecd_fua,,FUA code JPN34F
Kochi,kochi,JP,oecd_fua,2020,15.7,,employed persons commuting to work,commute_mode_share,oecd_fua,,FUA code JPN35F
Miyazaki,miyazaki,JP,oecd_fua,2020,10.4,,employed persons commuting to work,commute_mode_share,oecd_fua,,FUA code JPN36F
Morioka,morioka,JP,oecd_fua,2020,8.9,,employed persons commuting to work,commute_mode_share,oecd_fua,,FUA code JPN37F
Fujieda,fujieda,JP,oecd_fua,2020,8.3,,employed persons commuting to work,commute_mode_share,oecd_fua,,FUA code JPN38F
Fukushima,fukushima,JP,oecd_fua,2020,7.3,,employed persons commuting to work,commute_mode_share,oecd_fua,,FUA code JPN39F
Matsumoto,matsumoto,JP,oecd_fua,2020,8.4,,employed persons commuting to work,commute_mode_share,oecd_fua,,FUA code JPN40F
Yamagata,yamagata,JP,oecd_fua,2020,7.2,,employed persons commuting to work,commute_mode_share,oecd_fua,,FUA code JPN41F
Kurume,kurume,JP,oecd_fua,2020,9.2,,employed persons commuting to work,commute_mode_share,oecd_fua,,FUA code JPN42F
Akita,akita,JP,oecd_fua,2020,8.2,,employed persons commuting to work,commute_mode_share,oecd_fua,,FUA code JPN43F
Asahikawa,asahikawa,JP,oecd_fua,2020,7.7,,employed persons commuting to work,commute_mode_share,oecd_fua,,FUA code JPN44F
Kusatsu,kusatsu,JP,oecd_fua,2020,12.9,,employed persons commuting to work,commute_mode_share,oecd_fua,,FUA code JPN45F
Fuji,fuji,JP,oecd_fua,2020,5.9,,employed persons commuting to work,commute_mode_share,oecd_fua,,FUA code JPN46F
Isesaki,isesaki,JP,oecd_fua,2020,7.2,,employed persons commuting to work,commute_mode_share,oecd_fua,,FUA code JPN47F
Hakodate,hakodate,JP,oecd_fua,2020,5.9,,employed persons commuting to work,commute_mode_share,oecd_fua,,FUA code JPN48F
Hachinohe,hachinohe,JP,oecd_fua,2020,2.5,,employed persons commuting to work,commute_mode_share,oecd_fua,,FUA code JPN49F
Hitachi,hitachi,JP,oecd_fua,2020,3.5,,employed persons commuting to work,commute_mode_share,oecd_fua,,FUA code JPN50F
Aomori,aomori,JP,oecd_fua,2020,10.0,,employed persons commuting to work,commute_mode_share,oecd_fua,,FUA code JPN51F
Shimonoseki,shimonoseki,JP,oecd_fua,2020,4.1,,employed persons commuting to work,commute_mode_share,oecd_fua,,FUA code JPN52F
Obihiro,obihiro,JP,oecd_fua,2020,5.0,,employed persons commuting to work,commute_mode_share,oecd_fua,,FUA code JPN53F
Shunan,shunan,JP,oecd_fua,2020,10.0,,employed persons commuting to work,commute_mode_share,oecd_fua,,FUA code JPN54F
Ube,ube,JP,oecd_fua,2020,8.5,,employed persons commuting to work,commute_mode_share,oecd_fua,,FUA code JPN55F
Yonago,yonago,JP,oecd_fua,2020,8.9,,employed persons commuting to work,commute_mode_share,oecd_fua,,FUA code JPN56F
Ashikaga,ashikaga,JP,oecd_fua,2020,8.8,,employed persons commuting to work,commute_mode_share,oecd_fua,,FUA code JPN57F
Omuta,omuta,JP,oecd_fua,2020,7.4,,employed persons commuting to work,commute_mode_share,oecd_fua,,FUA code JPN58F
Marugame,marugame,JP,oecd_fua,2020,10.2,,employed persons commuting to work,commute_mode_share,oecd_fua,,FUA code JPN59F
Kushiro,kushiro,JP,oecd_fua,2020,4.2,,employed persons commuting to work,commute_mode_share,oecd_fua,,FUA code JPN60F
Tomakomai,tomakomai,JP,oecd_fua,2020,4.5,,employed persons commuting to work,commute_mode_share,oecd_fua,,FUA code JPN61F
Seoul,seoul,KO,oecd_fua,2020,1.4,,employed persons commuting to work,commute_mode_share,oecd_fua,,FUA code KOR01F
Busan,busan,KO,oecd_fua,2020,0.8,,employed persons commuting to work,commute_mode_share,oecd_fua,,FUA code KOR02F
Daegu,daegu,KO,oecd_fua,2020,1.7,,employed persons commuting to work,commute_mode_share,oecd_fua,,FUA code KOR03F
Gwangju,gwangju,KO,oecd_fua,2020,1.0,,employed persons commuting to work,commute_mode_share,oecd_fua,,FUA code KOR04F
Daejeon,daejeon,KO,oecd_fua,2020,1.5,,employed persons commuting to work,commute_mode_share,oecd_fua,,FUA code KOR05F
Changwon,changwon,KO,oecd_fua,2020,1.6,,employed persons commuting to work,commute_mode_share,oecd_fua,,FUA code KOR06F
Ulsan,ulsan,KO,oecd_fua,2020,2.8,,employed persons commuting to work,commute_mode_share,oecd_fua,,FUA code KOR07F
Cheongju,cheongju,KO,oecd_fua,2020,1.2,,employed persons commuting to work,commute_mode_share,oecd_fua,,FUA code KOR08F
Jeonju,jeonju,KO,oecd_fua,2020,1.3,,employed persons commuting to work,commute_mode_share,oecd_fua,,FUA code KOR09F
Cheonan,cheonan,KO,oecd_fua,2020,0.7,,employed persons commuting to work,commute_mode_share,oecd_fua,,FUA code KOR10F
Gyeongsan,gyeongsan,KO,oecd_fua,2020,1.3,,employed persons commuting to work,commute_mode_share,oecd_fua,,FUA code KOR11F
Pohang,pohang,KO,oecd_fua,2020,2.1,,employed persons commuting to work,commute_mode_share,oecd_fua,,FUA code KOR12F
Gumi,gumi,KO,oecd_fua,2020,1.2,,employed persons commuting to work,commute_mode_share,oecd_fua,,FUA code KOR13F
Jeju,jeju,KO,oecd_fua,2020,0.7,,employed persons commuting to work,commute_mode_share,oecd_fua,,FUA code KOR14F
Jinju,jinju,KO,oecd_fua,2020,2.1,,employed persons commuting to work,commute_mode_share,oecd_fua,,FUA code KOR15F
Wonju,wonju,KO,oecd_fua,2020,0.8,,employed persons commuting to work,commute_mode_share,oecd_fua,,FUA code KOR16F
Iksan,iksan,KO,oecd_fua,2020,1.4,,employed persons commuting to work,commute_mode_share,oecd_fua,,FUA code KOR17F
Chuncheon,chuncheon,KO,oecd_fua,2020,1.0,,employed persons commuting to work,commute_mode_share,oecd_fua,,FUA code KOR18F
Gunsan,gunsan,KO,oecd_fua,2020,1.4,,employed persons commuting to work,commute_mode_share,oecd_fua,,FUA code KOR19F
Suncheon,suncheon,KO,oecd_fua,2020,0.8,,employed persons commuting to work,commute_mode_share,oecd_fua,,FUA code KOR20F
Gangneung,gangneung,KO,oecd_fua,2020,1.2,,employed persons commuting to work,commute_mode_share,oecd_fua,,FUA code KOR21F
Naju,naju,KO,oecd_fua,2020,1.6,,employed persons commuting to work,commute_mode_share,oecd_fua,,FUA code KOR22F
Rīga,riga,LV,oecd_fua,2017,4.1,,employed persons commuting to work,commute_mode_share,oecd_fua,,FUA code LV001F
Ciudad de Mexico,ciudad de mexico,ME,oecd_fua,2015,2.5,,employed persons commuting to work,commute_mode_share,oecd_fua,,FUA code MEX01F
Guadalajara,guadalajara,ME,oecd_fua,2015,3.3,,employed persons commuting to work,commute_mode_share,oecd_fua,,FUA code MEX02F
Monterrey,monterrey,ME,oecd_fua,2015,1.1,,employed persons commuting to work,commute_mode_share,oecd_fua,,FUA code MEX03F
Puebla,puebla,ME,oecd_fua,2015,5.0,,employed persons commuting to work,commute_mode_share,oecd_fua,,FUA code MEX04F
Toluca,toluca,ME,oecd_fua,2015,5.7,,employed persons commuting to work,commute_mode_share,oecd_fua,,FUA code MEX05F
Tijuana,tijuana,ME,oecd_fua,2015,0.5,,employed persons commuting to work,commute_mode_share,oecd_fua,,FUA code MEX06F
Leon,leon,ME,oecd_fua,2015,10.0,,employed persons commuting to work,commute_mode_share,oecd_fua,,FUA code MEX07F
Queretaro,queretaro,ME,oecd_fua,2015,2.8,,employed persons commuting to work,commute_mode_share,oecd_fua,,FUA code MEX08F
Merida,merida,ME,oecd_fua,2015,9.3,,employed persons commuting to work,commute_mode_share,oecd_fua,,FUA code MEX09F
Juarez,juarez,ME,oecd_fua,2015,0.9,,employed persons commuting to work,commute_mode_share,oecd_fua,,FUA code MEX10F
San Luis Potosi,san luis potosi,ME,oecd_fua,2015,9.0,,employed persons commuting to work,commute_mode_share,oecd_fua,,FUA code MEX11F
Torreon,torreon,ME,oecd_fua,2015,10.3,,employed persons commuting to work,commute_mode_share,oecd_fua,,FUA code MEX12F
Mexicali,mexicali,ME,oecd_fua,2015,4.1,,employed persons commuting to work,commute_mode_share,oecd_fua,,FUA code MEX13F
Cuernavaca,cuernavaca,ME,oecd_fua,2015,1.8,,employed persons commuting to work,commute_mode_share,oecd_fua,,FUA code MEX14F
Villahermosa,villahermosa,ME,oecd_fua,2015,2.4,,employed persons commuting to work,commute_mode_share,oecd_fua,,FUA code MEX15F
Culiacan,culiacan,ME,oecd_fua,2015,2.4,,employed persons commuting to work,commute_mode_share,oecd_fua,,FUA code MEX16F
Morelia,morelia,ME,oecd_fua,2015,1.9,,employed persons commuting to work,commute_mode_share,oecd_fua,,FUA code MEX17F
Chihuahua,chihuahua,ME,oecd_fua,2015,0.6,,employed persons commuting to work,commute_mode_share,oecd_fua,,FUA code MEX18F
Veracruz,veracruz,ME,oecd_fua,2015,2.2,,employed persons commuting to work,commute_mode_share,oecd_fua,,FUA code MEX19F
Hermosillo,hermosillo,ME,oecd_fua,2015,3.4,,employed persons commuting to work,commute_mode_share,oecd_fua,,FUA code MEX20F
Aguascalientes,aguascalientes,ME,oecd_fua,2015,4.6,,employed persons commuting to work,commute_mode_share,oecd_fua,,FUA code MEX21F
Acapulco de Juarez,acapulco de juarez,ME,oecd_fua,2015,0.7,,employed persons commuting to work,commute_mode_share,oecd_fua,,FUA code MEX22F
Tampico,tampico,ME,oecd_fua,2015,2.0,,employed persons commuting to work,commute_mode_share,oecd_fua,,FUA code MEX23F
Oaxaca de Juarez,oaxaca de juarez,ME,oecd_fua,2015,4.7,,employed persons commuting to work,commute_mode_share,oecd_fua,,FUA code MEX24F
Reynosa,reynosa,ME,oecd_fua,2015,2.8,,employed persons commuting to work,commute_mode_share,oecd_fua,,FUA code MEX25F
Xalapa,xalapa,ME,oecd_fua,2015,0.7,,employed persons commuting to work,commute_mode_share,oecd_fua,,FUA code MEX26F
Saltillo,saltillo,ME,oecd_fua,2015,0.8,,employed persons commuting to work,commute_mode_share,oecd_fua,,FUA code MEX27F
Benito Juarez,benito juarez,ME,oecd_fua,2015,3.1,,employed persons commuting to work,commute_mode_share,oecd_fua,,FUA code MEX28F
Celaya,celaya,ME,oecd_fua,2015,16.7,,employed persons commuting to work,commute_mode_share,oecd_fua,,FUA code MEX29F
Durango,durango,ME,oecd_fua,2015,8.9,,employed persons commuting to work,commute_mode_share,oecd_fua,,FUA code MEX30F
Tuxtla Gutierrez,tuxtla gutierrez,ME,oecd_fua,2015,0.9,,employed persons commuting to work,commute_mode_share,oecd_fua,,FUA code MEX31F
Pachuca de Soto,pachuca de soto,ME,oecd_fua,2015,1.9,,employed persons commuting to work,commute_mode_share,oecd_fua,,FUA code MEX32F
Irapuato,irapuato,ME,oecd_fua,2015,14.8,,employed persons commuting to work,commute_mode_share,oecd_fua,,FUA code MEX33F
Ahome,ahome,ME,oecd_fua,2015,10.2,,employed persons commuting to work,commute_mode_share,oecd_fua,,FUA code MEX34F
Matamoros,matamoros,ME,oecd_fua,2015,5.1,,employed persons commuting to work,commute_mode_share,oecd_fua,,FUA code MEX35F
Ensenada,ensenada,ME,oecd_fua,2015,2.8,,employed persons commuting to work,commute_mode_share,oecd_fua,,FUA code MEX36F
Poza Rica de Hidalgo,poza rica de hidalgo,ME,oecd_fua,2015,1.6,,employed persons commuting to work,commute_mode_share,oecd_fua,,FUA code MEX37F
Tepic,tepic,ME,oecd_fua,2015,1.9,,employed persons commuting to work,commute_mode_share,oecd_fua,,FUA code MEX38F
Orizaba,orizaba,ME,oecd_fua,2015,6.4,,employed persons commuting to work,commute_mode_share,oecd_fua,,FUA code MEX39F
Mazatlan,mazatlan,ME,oecd_fua,2015,7.2,,employed persons commuting to work,commute_mode_share,oecd_fua,,FUA code MEX40F
Cajeme,cajeme,ME,oecd_fua,2015,9.8,,employed persons commuting to work,commute_mode_share,oecd_fua,,FUA code MEX41F
Nuevo Laredo,nuevo laredo,ME,oecd_fua,2015,4.5,,employed persons commuting to work,commute_mode_share,oecd_fua,,FUA code MEX42F
Guadalupe,guadalupe,ME,oecd_fua,2015,2.0,,employed persons commuting to work,commute_mode_share,oecd_fua,,FUA code MEX43F
Coatzacoalcos,coatzacoalcos,ME,oecd_fua,2015,1.5,,employed persons commuting to work,commute_mode_share,oecd_fua,,FUA code MEX44F
Tapachula,tapachula,ME,oecd_fua,2015,5.7,,employed persons commuting to work,commute_mode_share,oecd_fua,,FUA code MEX45F
Victoria,victoria,ME,oecd_fua,2015,5.8,,employed persons commuting to work,commute_mode_share,oecd_fua,,FUA code MEX46F
Tlaxcala,tlaxcala,ME,oecd_fua,2015,5.7,,employed persons commuting to work,commute_mode_share,oecd_fua,,FUA code MEX47F
Cordoba,cordoba,ME,oecd_fua,2015,1.4,,employed persons commuting to work,commute_mode_share,oecd_fua,,FUA code MEX48F
Uruapan,uruapan,ME,oecd_fua,2015,3.2,,employed persons commuting to work,commute_mode_share,oecd_fua,,FUA code MEX49F
Tehuacan,tehuacan,ME,oecd_fua,2015,12.4,,employed persons commuting to work,commute_mode_share,oecd_fua,,FUA code MEX50F
Minatitlan,minatitlan,ME,oecd_fua,2015,3.4,,employed persons commuting to work,commute_mode_share,oecd_fua,,FUA code MEX51F
Cuautla,cuautla,ME,oecd_fua,2015,7.8,,employed persons commuting to work,commute_mode_share,oecd_fua,,FUA code MEX52F
Chilpancingo de los Bravo,chilpancingo de los bravo,ME,oecd_fua,2015,0.3,,employed persons commuting to work,commute_mode_share,oecd_fua,,FUA code MEX53F
Monclova,monclova,ME,oecd_fua,2015,3.4,,employed persons commuting to work,commute_mode_share,oecd_fua,,FUA code MEX54F
Los Cabos,los cabos,ME,oecd_fua,2015,0.5,,employed persons commuting to work,commute_mode_share,oecd_fua,,FUA code MEX55F
Colima,colima,ME,oecd_fua,2015,2.6,,employed persons commuting to work,commute_mode_share,oecd_fua,,FUA code MEX56F
La Paz,la paz,ME,oecd_fua,2015,1.2,,employed persons commuting to work,commute_mode_share,oecd_fua,,FUA code MEX57F
Campeche,campeche,ME,oecd_fua,2015,3.3,,employed persons commuting to work,commute_mode_share,oecd_fua,,FUA code MEX58F
Puerto Vallarta,puerto vallarta,ME,oecd_fua,2015,1.2,,employed persons commuting to work,commute_mode_share,oecd_fua,,FUA code MEX59F
Salamanca,salamanca,ME,oecd_fua,2015,19.4,,employed persons commuting to work,commute_mode_share,oecd_fua,,FUA code MEX60F
San Juan del Rio,san juan del rio,ME,oecd_fua,2015,4.2,,employed persons commuting to work,commute_mode_share,oecd_fua,,FUA code MEX61F
Zamora,zamora,ME,oecd_fua,2015,12.8,,employed persons commuting to work,commute_mode_share,oecd_fua,,FUA code MEX62F
Tulancingo de Bravo,tulancingo de bravo,ME,oecd_fua,2015,6.5,,employed persons commuting to work,commute_mode_share,oecd_fua,,FUA code MEX63F
Carmen,carmen,ME,oecd_fua,2015,5.1,,employed persons commuting to work,commute_mode_share,oecd_fua,,FUA code MEX64F
Nogales,nogales,ME,oecd_fua,2015,0.5,,employed persons commuting to work,commute_mode_share,oecd_fua,,FUA code MEX65F
Othon P. Blanco,othon p. blanco,ME,oecd_fua,2015,8.9,,employed persons commuting to work,commute_mode_share,oecd_fua,,FUA code MEX66F
Fresnillo,fresnillo,ME,oecd_fua,2015,13.1,,employed persons commuting to work,commute_mode_share,oecd_fua,,FUA code MEX67F
San Cristobal de las Casas,san cristobal de las casas,ME,oecd_fua,2015,10.5,,employed persons commuting to work,commute_mode_share,oecd_fua,,FUA code MEX68F
Solidaridad,solidaridad,ME,oecd_fua,2015,7.7,,employed persons commuting to work,commute_mode_share,oecd_fua,,FUA code MEX69F
Apizaco,apizaco,ME,oecd_fua,2015,5.3,,employed persons commuting to work,commute_mode_share,oecd_fua,,FUA code MEX70F
San Luis Rio Colorado,san luis rio colorado,ME,oecd_fua,2015,3.7,,employed persons commuting to work,commute_mode_share,oecd_fua,,FUA code MEX71F
San Francisco del Rincon,san francisco del rincon,ME,oecd_fua,2015,30.2,,employed persons commuting to work,commute_mode_share,oecd_fua,,FUA code MEX72F
San Martin Texmelucan,san martin texmelucan,ME,oecd_fua,2015,23.8,,employed persons commuting to work,commute_mode_share,oecd_fua,,FUA code MEX73F
Lazaro Cardenas,lazaro cardenas,ME,oecd_fua,2015,1.9,,employed persons commuting to work,commute_mode_share,oecd_fua,,FUA code MEX74F
Ciudad Valles,ciudad valles,ME,oecd_fua,2015,6.5,,employed persons commuting to work,commute_mode_share,oecd_fua,,FUA code MEX75F
Tianguistenco,tianguistenco,ME,oecd_fua,2015,3.4,,employed persons commuting to work,commute_mode_share,oecd_fua,,FUA code MEX76F
Cuauhtemoc,cuauhtemoc,ME,oecd_fua,2015,2.1,,employed persons commuting to work,commute_mode_share,oecd_fua,,FUA code MEX77F
Navojoa,navojoa,ME,oecd_fua,2015,13.9,,employed persons commuting to work,commute_mode_share,oecd_fua,,FUA code MEX78F
Zitacuaro,zitacuaro,ME,oecd_fua,2015,0.9,,employed persons commuting to work,commute_mode_share,oecd_fua,,FUA code MEX79F
Lagos de Moreno,lagos de moreno,ME,oecd_fua,2015,11.1,,employed persons commuting to work,commute_mode_share,oecd_fua,,FUA code MEX80F
Piedras Negras,piedras negras,ME,oecd_fua,2015,7.3,,employed persons commuting to work,commute_mode_share,oecd_fua,,FUA code MEX81F
Comitan de Dominguez,comitan de dominguez,ME,oecd_fua,2015,7.7,,employed persons commuting to work,commute_mode_share,oecd_fua,,FUA code MEX82F
Delicias,delicias,ME,oecd_fua,2015,5.7,,employed persons commuting to work,commute_mode_share,oecd_fua,,FUA code MEX83F
Tuxpan,tuxpan,ME,oecd_fua,2015,3.1,,employed persons commuting to work,commute_mode_share,oecd_fua,,FUA code MEX84F
Iguala de la Independencia,iguala de la independencia,ME,oecd_fua,2015,4.3,,employed persons commuting to work,commute_mode_share,oecd_fua,,FUA code MEX85F
Acuna,acuna,ME,oecd_fua,2015,2.6,,employed persons commuting to work,commute_mode_share,oecd_fua,,FUA code MEX86F
Uriangato,uriangato,ME,oecd_fua,2015,13.0,,employed persons commuting to work,commute_mode_share,oecd_fua,,FUA code MEX87F
Teziutlan,teziutlan,ME,oecd_fua,2015,0.3,,employed persons commuting to work,commute_mode_share,oecd_fua,,FUA code MEX88F
Apatzingan,apatzingan,ME,oecd_fua,2015,3.1,,employed persons commuting to work,commute_mode_share,oecd_fua,,FUA code MEX89F
Zapotlan el Grande,zapotlan el grande,ME,oecd_fua,2015,12.6,,employed persons commuting to work,commute_mode_share,oecd_fua,,FUA code MEX90F
Hidalgo del Parral,hidalgo del parral,ME,oecd_fua,2015,0.9,,employed persons commuting to work,commute_mode_share,oecd_fua,,FUA code MEX91F
Chiautla,chiautla,ME,oecd_fua,2015,20.8,,employed persons commuting to work,commute_mode_share,oecd_fua,,FUA code MEX92F
Oslo,oslo,NO,oecd_fua,2009,6.0,,employed persons commuting to work,commute_mode_share,oecd_fua,,FUA code NO001F
Bergen,bergen,NO,oecd_fua,2009,4.0,,employed persons commuting to work,commute_mode_share,oecd_fua,,FUA code NO002F
Trondheim,trondheim,NO,oecd_fua,2009,13.0,,employed persons commuting to work,commute_mode_share,oecd_fua,,FUA code NO003F
Stavanger,stavanger,NO,oecd_fua,2009,9.0,,employed persons commuting to work,commute_mode_share,oecd_fua,,FUA code NO004F
Auckland,auckland,NZ,oecd_fua,2023,1.1,,employed persons commuting to work,commute_mode_share,oecd_fua,,FUA code NZL01F
Christchurch,christchurch,NZ,oecd_fua,2023,5.6,,employed persons commuting to work,commute_mode_share,oecd_fua,,FUA code NZL02F
Wellington,wellington,NZ,oecd_fua,2023,3.2,,employed persons commuting to work,commute_mode_share,oecd_fua,,FUA code NZL03F
Hamilton,hamilton,NZ,oecd_fua,2023,2.0,,employed persons commuting to work,commute_mode_share,oecd_fua,,FUA code NZL04F
Tauranga,tauranga,NZ,oecd_fua,2023,2.6,,employed persons commuting to work,commute_mode_share,oecd_fua,,FUA code NZL05F
Dunedin,dunedin,NZ,oecd_fua,2023,3.0,,employed persons commuting to work,commute_mode_share,oecd_fua,,FUA code NZL06F
Palmerston North,palmerston north,NZ,oecd_fua,2023,2.8,,employed persons commuting to work,commute_mode_share,oecd_fua,,FUA code NZL07F
New Plymouth,new plymouth,NZ,oecd_fua,2023,2.2,,employed persons commuting to work,commute_mode_share,oecd_fua,,FUA code NZL08F
Nelson,nelson,NZ,oecd_fua,2023,7.5,,employed persons commuting to work,commute_mode_share,oecd_fua,,FUA code NZL09F
Whangārei,whangarei,NZ,oecd_fua,2023,1.0,,employed persons commuting to work,commute_mode_share,oecd_fua,,FUA code NZL10F
Hastings,hastings,NZ,oecd_fua,2023,2.1,,employed persons commuting to work,commute_mode_share,oecd_fua,,FUA code NZL11F
Rotorua,rotorua,NZ,oecd_fua,2023,1.9,,employed persons commuting to work,commute_mode_share,oecd_fua,,FUA code NZL12F
Napier,napier,NZ,oecd_fua,2023,2.2,,employed persons commuting to work,commute_mode_share,oecd_fua,,FUA code NZL13F
Invercargill,invercargill,NZ,oecd_fua,2023,2.2,,employed persons commuting to work,commute_mode_share,oecd_fua,,FUA code NZL14F
Lisboa,lisboa,PT,oecd_fua,2021,0.5,,employed persons commuting to work,commute_mode_share,oecd_fua,,FUA code PT001F
Porto,porto,PT,oecd_fua,2021,0.4,,employed persons commuting to work,commute_mode_share,oecd_fua,,FUA code PT002F
Braga,braga,PT,oecd_fua,2021,0.3,,employed persons commuting to work,commute_mode_share,oecd_fua,,FUA code PT003F
Funchal,funchal,PT,oecd_fua,2021,0.0,,employed persons commuting to work,commute_mode_share,oecd_fua,,FUA code PT004F
Coimbra,coimbra,PT,oecd_fua,2021,0.4,,employed persons commuting to work,commute_mode_share,oecd_fua,,FUA code PT005F
Ponta Delgada,ponta delgada,PT,oecd_fua,2021,0.2,,employed persons commuting to work,commute_mode_share,oecd_fua,,FUA code PT007F
Aveiro,aveiro,PT,oecd_fua,2021,3.3,,employed persons commuting to work,commute_mode_share,oecd_fua,,FUA code PT008F
Faro,faro,PT,oecd_fua,2021,1.3,,employed persons commuting to work,commute_mode_share,oecd_fua,,FUA code PT009F
Viseu,viseu,PT,oecd_fua,2021,0.2,,employed persons commuting to work,commute_mode_share,oecd_fua,,FUA code PT010F
Viana do Castelo,viana do castelo,PT,oecd_fua,2021,0.5,,employed persons commuting to work,commute_mode_share,oecd_fua,,FUA code PT011F
Póvoa de Varzim,povoa de varzim,PT,oecd_fua,2021,1.4,,employed persons commuting to work,commute_mode_share,oecd_fua,,FUA code PT013F
Guimarães,guimaraes,PT,oecd_fua,2021,0.2,,employed persons commuting to work,commute_mode_share,oecd_fua,,FUA code PT015F
Stockholm,stockholm,SE,oecd_fua,2005,6.0,,employed persons commuting to work,commute_mode_share,oecd_fua,,FUA code SE001F
Göteborg,goteborg,SE,oecd_fua,2005,12.0,,employed persons commuting to work,commute_mode_share,oecd_fua,,FUA code SE002F
Malmö,malmo,SE,oecd_fua,2005,17.0,,employed persons commuting to work,commute_mode_share,oecd_fua,,FUA code SE003F
Umeå,umea,SE,oecd_fua,2005,23.0,,employed persons commuting to work,commute_mode_share,oecd_fua,,FUA code SE005F
Uppsala,uppsala,SE,oecd_fua,2005,20.0,,employed persons commuting to work,commute_mode_share,oecd_fua,,FUA code SE006F
Linköping,linkoping,SE,oecd_fua,2005,16.0,,employed persons commuting to work,commute_mode_share,oecd_fua,,FUA code SE007F
Örebro,orebro,SE,oecd_fua,2005,20.0,,employed persons commuting to work,commute_mode_share,oecd_fua,,FUA code SE008F
Bratislava,bratislava,SK,oecd_fua,2021,3.9,,employed persons commuting to work,commute_mode_share,oecd_fua,,FUA code SK001F
Košice,kosice,SK,oecd_fua,2021,2.3,,employed persons commuting to work,commute_mode_share,oecd_fua,,FUA code SK002F
Banská Bystrica,banska bystrica,SK,oecd_fua,2021,1.4,,employed persons commuting to work,commute_mode_share,oecd_fua,,FUA code SK003F
Nitra,nitra,SK,oecd_fua,2021,2.7,,employed persons commuting to work,commute_mode_share,oecd_fua,,FUA code SK004F
Prešov,presov,SK,oecd_fua,2021,1.9,,employed persons commuting to work,commute_mode_share,oecd_fua,,FUA code SK005F
Žilina,zilina,SK,oecd_fua,2021,3.5,,employed persons commuting to work,commute_mode_share,oecd_fua,,FUA code SK006F
Trenčín,trencin,SK,oecd_fua,2021,6.1,,employed persons commuting to work,commute_mode_share,oecd_fua,,FUA code SK008F
London,london,UK,oecd_fua,2021,4.2,,employed persons commuting to work,commute_mode_share,oecd_fua,,FUA code UK001F
West Midlands urban area,west midlands urban area,UK,oecd_fua,2021,1.5,,employed persons commuting to work,commute_mode_share,oecd_fua,,FUA code UK002F
Leeds,leeds,UK,oecd_fua,2021,1.6,,employed persons commuting to work,commute_mode_share,oecd_fua,,FUA code UK003F
Glasgow,glasgow,UK,oecd_fua,2021,1.6,,employed persons commuting to work,commute_mode_share,oecd_fua,,FUA code UK004F
Liverpool,liverpool,UK,oecd_fua,2021,2.4,,employed persons commuting to work,commute_mode_share,oecd_fua,,FUA code UK006F
Edinburgh,edinburgh,UK,oecd_fua,2021,4.1,,employed persons commuting to work,commute_mode_share,oecd_fua,,FUA code UK007F
Manchester,manchester,UK,oecd_fua,2021,2.3,,employed persons commuting to work,commute_mode_share,oecd_fua,,FUA code UK008F
Cardiff,cardiff,UK,oecd_fua,2021,2.2,,employed persons commuting to work,commute_mode_share,oecd_fua,,FUA code UK009F
Sheffield,sheffield,UK,oecd_fua,2021,1.4,,employed persons commuting to work,commute_mode_share,oecd_fua,,FUA code UK010F
Bristol,bristol,UK,oecd_fua,2021,5.6,,employed persons commuting to work,commute_mode_share,oecd_fua,,FUA code UK011F
Belfast,belfast,UK,oecd_fua,2021,1.5,,employed persons commuting to work,commute_mode_share,oecd_fua,,FUA code UK012F
Newcastle upon Tyne,newcastle upon tyne,UK,oecd_fua,2021,2.3,,employed persons commuting to work,commute_mode_share,oecd_fua,,FUA code UK013F
Leicester,leicester,UK,oecd_fua,2021,3.3,,employed persons commuting to work,commute_mode_share,oecd_fua,,FUA code UK014F
Aberdeen,aberdeen,UK,oecd_fua,2021,1.6,,employed persons commuting to work,commute_mode_share,oecd_fua,,FUA code UK016F
Cambridge,cambridge,UK,oecd_fua,2021,14.6,,employed persons commuting to work,commute_mode_share,oecd_fua,,FUA code UK017F
Exeter,exeter,UK,oecd_fua,2021,3.3,,employed persons commuting to work,commute_mode_share,oecd_fua,,FUA code UK018F
Lincoln,lincoln,UK,oecd_fua,2021,3.5,,employed persons commuting to work,commute_mode_share,oecd_fua,,FUA code UK019F
Stevenage,stevenage,UK,oecd_fua,2021,2.7,,employed persons commuting to work,commute_mode_share,oecd_fua,,FUA code UK021F
Wrexham,wrexham,UK,oecd_fua,2021,1.4,,employed persons commuting to work,commute_mode_share,oecd_fua,,FUA code UK022F
Portsmouth,portsmouth,UK,oecd_fua,2021,5.5,,employed persons commuting to work,commute_mode_share,oecd_fua,,FUA code UK023F
Worcester,worcester,UK,oecd_fua,2021,2.9,,employed persons commuting to work,commute_mode_share,oecd_fua,,FUA code UK024F
Coventry,coventry,UK,oecd_fua,2021,2.7,,employed persons commuting to work,commute_mode_share,oecd_fua,,FUA code UK025F
Kingston upon Hull,kingston upon hull,UK,oecd_fua,2021,5.6,,employed persons commuting to work,commute_mode_share,oecd_fua,,FUA code UK026F
Stoke-on-Trent,stoke-on-trent,UK,oecd_fua,2021,1.5,,employed persons commuting to work,commute_mode_share,oecd_fua,,FUA code UK027F
Nottingham,nottingham,UK,oecd_fua,2021,3.0,,employed persons commuting to work,commute_mode_share,oecd_fua,,FUA code UK029F
Bath and North East Somerset,bath and north east somerset,UK,oecd_fua,2021,3.1,,employed persons commuting to work,commute_mode_share,oecd_fua,,FUA code UK031F
Guildford,guildford,UK,oecd_fua,2021,2.5,,employed persons commuting to work,commute_mode_share,oecd_fua,,FUA code UK033F
Thanet,thanet,UK,oecd_fua,2021,2.7,,employed persons commuting to work,commute_mode_share,oecd_fua,,FUA code UK034F
Ashford,ashford,UK,oecd_fua,2021,2.7,,employed persons commuting to work,commute_mode_share,oecd_fua,,FUA code UK041F
East Staffordshire,east staffordshire,UK,oecd_fua,2021,2.9,,employed persons commuting to work,commute_mode_share,oecd_fua,,FUA code UK043F
Darlington,darlington,UK,oecd_fua,2021,2.6,,employed persons commuting to work,commute_mode_share,oecd_fua,,FUA code UK044F
Worthing,worthing,UK,oecd_fua,2021,4.8,,employed persons commuting to work,commute_mode_share,oecd_fua,,FUA code UK045F
Mansfield,mansfield,UK,oecd_fua,2021,1.4,,employed persons commuting to work,commute_mode_share,oecd_fua,,FUA code UK046F
Chesterfield,chesterfield,UK,oecd_fua,2021,1.2,,employed persons commuting to work,commute_mode_share,oecd_fua,,FUA code UK047F
Burnley,burnley,UK,oecd_fua,2021,1.1,,employed persons commuting to work,commute_mode_share,oecd_fua,,FUA code UK050F
Great Yarmouth,great yarmouth,UK,oecd_fua,2021,3.7,,employed persons commuting to work,commute_mode_share,oecd_fua,,FUA code UK051F
Eastbourne,eastbourne,UK,oecd_fua,2021,3.1,,employed persons commuting to work,commute_mode_share,oecd_fua,,FUA code UK055F
Hastings,hastings,UK,oecd_fua,2021,1.6,,employed persons commuting to work,commute_mode_share,oecd_fua,,FUA code UK056F
Redditch,redditch,UK,oecd_fua,2021,1.8,,employed persons commuting to work,commute_mode_share,oecd_fua,,FUA code UK059F
Halton,halton,UK,oecd_fua,2021,2.7,,employed persons commuting to work,commute_mode_share,oecd_fua,,FUA code UK062F
Doncaster,doncaster,UK,oecd_fua,2021,2.2,,employed persons commuting to work,commute_mode_share,oecd_fua,,FUA code UK506F
Sunderland,sunderland,UK,oecd_fua,2021,1.7,,employed persons commuting to work,commute_mode_share,oecd_fua,,FUA code UK510F
Medway,medway,UK,oecd_fua,2021,1.0,,employed persons commuting to work,commute_mode_share,oecd_fua,,FUA code UK513F
Brighton and Hove,brighton and hove,UK,oecd_fua,2021,5.2,,employed persons commuting to work,commute_mode_share,oecd_fua,,FUA code UK515F
Plymouth,plymouth,UK,oecd_fua,2021,2.3,,employed persons commuting to work,commute_mode_share,oecd_fua,,FUA code UK516F
Swansea,swansea,UK,oecd_fua,2021,1.4,,employed persons commuting to work,commute_mode_share,oecd_fua,,FUA code UK517F
Derby,derby,UK,oecd_fua,2021,2.3,,employed persons commuting to work,commute_mode_share,oecd_fua,,FUA code UK518F
Southampton,southampton,UK,oecd_fua,2021,3.3,,employed persons commuting to work,commute_mode_share,oecd_fua,,FUA code UK520F
Milton Keynes,milton keynes,UK,oecd_fua,2021,3.1,,employed persons commuting to work,commute_mode_share,oecd_fua,,FUA code UK525F
Northampton,northampton,UK,oecd_fua,2021,2.2,,employed persons commuting to work,commute_mode_share,oecd_fua,,FUA code UK528F
Warrington,warrington,UK,oecd_fua,2021,3.6,,employed persons commuting to work,commute_mode_share,oecd_fua,,FUA code UK531F
Luton,luton,UK,oecd_fua,2021,1.4,,employed persons commuting to work,commute_mode_share,oecd_fua,,FUA code UK532F
York,york,UK,oecd_fua,2021,11.3,,employed persons commuting to work,commute_mode_share,oecd_fua,,FUA code UK533F
Swindon,swindon,UK,oecd_fua,2021,4.0,,employed persons commuting to work,commute_mode_share,oecd_fua,,FUA code UK535F
Bournemouth,bournemouth,UK,oecd_fua,2021,4.6,,employed persons commuting to work,commute_mode_share,oecd_fua,,FUA code UK539F
Telford and Wrekin,telford and wrekin,UK,oecd_fua,2021,2.0,,employed persons commuting to work,commute_mode_share,oecd_fua,,FUA code UK542F
North East Lincolnshire,north east lincolnshire,UK,oecd_fua,2021,5.8,,employed persons commuting to work,commute_mode_share,oecd_fua,,FUA code UK543F
Peterborough,peterborough,UK,oecd_fua,2021,5.0,,employed persons commuting to work,commute_mode_share,oecd_fua,,FUA code UK545F
Colchester,colchester,UK,oecd_fua,2021,3.0,,employed persons commuting to work,commute_mode_share,oecd_fua,,FUA code UK546F
Basingstoke and Deane,basingstoke and deane,UK,oecd_fua,2021,2.4,,employed persons commuting to work,commute_mode_share,oecd_fua,,FUA code UK548F
Bedford,bedford,UK,oecd_fua,2021,4.1,,employed persons commuting to work,commute_mode_share,oecd_fua,,FUA code UK549F
Dundee City,dundee city,UK,oecd_fua,2021,1.5,,employed persons commuting to work,commute_mode_share,oecd_fua,,FUA code UK550F
Falkirk,falkirk,UK,oecd_fua,2021,1.2,,employed persons commuting to work,commute_mode_share,oecd_fua,,FUA code UK551F
Reading,reading,UK,oecd_fua,2021,3.6,,employed persons commuting to work,commute_mode_share,oecd_fua,,FUA code UK552F
Blackpool,blackpool,UK,oecd_fua,2021,2.6,,employed persons commuting to work,commute_mode_share,oecd_fua,,FUA code UK553F
Maidstone,maidstone,UK,oecd_fua,2021,1.3,,employed persons commuting to work,commute_mode_share,oecd_fua,,FUA code UK554F
Dacorum,dacorum,UK,oecd_fua,2021,1.3,,employed persons commuting to work,commute_mode_share,oecd_fua,,FUA code UK556F
Blackburn with Darwen,blackburn with darwen,UK,oecd_fua,2021,1.0,,employed persons commuting to work,commute_mode_share,oecd_fua,,FUA code UK557F
Newport,newport,UK,oecd_fua,2021,1.4,,employed persons commuting to work,commute_mode_share,oecd_fua,,FUA code UK558F
Middlesbrough,middlesbrough,UK,oecd_fua,2021,1.9,,employed persons commuting to work,commute_mode_share,oecd_fua,,FUA code UK559F
Oxford,oxford,UK,oecd_fua,2021,7.5,,employed persons commuting to work,commute_mode_share,oecd_fua,,FUA code UK560F
Torbay,torbay,UK,oecd_fua,2021,1.5,,employed persons commuting to work,commute_mode_share,oecd_fua,,FUA code UK561F
Preston,preston,UK,oecd_fua,2021,2.4,,employed persons commuting to work,commute_mode_share,oecd_fua,,FUA code UK562F
Norwich,norwich,UK,oecd_fua,2021,5.0,,employed persons commuting to work,commute_mode_share,oecd_fua,,FUA code UK566F
Slough,slough,UK,oecd_fua,2021,2.8,,employed persons commuting to work,commute_mode_share,oecd_fua,,FUA code UK567F
Cheshire West and Chester,cheshire west and chester,UK,oecd_fua,2021,2.6,,employed persons commuting to work,commute_mode_share,oecd_fua,,FUA code UK568F
Ipswich,ipswich,UK,oecd_fua,2021,4.0,,employed persons commuting to work,commute_mode_share,oecd_fua,,FUA code UK569F
Cheltenham,cheltenham,UK,oecd_fua,2021,5.1,,employed persons commuting to work,commute_mode_share,oecd_fua,,FUA code UK571F
Gloucester,gloucester,UK,oecd_fua,2021,4.4,,employed persons commuting to work,commute_mode_share,oecd_fua,,FUA code UK572F
Bracknell Forest,bracknell forest,UK,oecd_fua,2021,2.3,,employed persons commuting to work,commute_mode_share,oecd_fua,,FUA code UK573F
Crawley,crawley,UK,oecd_fua,2021,2.5,,employed persons commuting to work,commute_mode_share,oecd_fua,,FUA code UK576F
Rushmoor,rushmoor,UK,oecd_fua,2021,2.4,,employed persons commuting to work,commute_mode_share,oecd_fua,,FUA code UK580F
Derry & Strabane Local Government District,derry & strabane local government district,UK,oecd_fua,2021,0.6,,employed persons commuting to work,commute_mode_share,oecd_fua,,FUA code UK586F
New York (Greater),new york (greater),US,oecd_fua,2023,0.9,,employed persons commuting to work,commute_mode_share,oecd_fua,,FUA code USA01F
Los Angeles (Greater),los angeles (greater),US,oecd_fua,2023,0.6,,employed persons commuting to work,commute_mode_share,oecd_fua,,FUA code USA02F
Chicago,chicago,US,oecd_fua,2023,0.7,,employed persons commuting to work,commute_mode_share,oecd_fua,,FUA code USA03F
Washington (Greater),washington (greater),US,oecd_fua,2023,0.6,,employed persons commuting to work,commute_mode_share,oecd_fua,,FUA code USA04F
San Francisco (Greater),san francisco (greater),US,oecd_fua,2023,1.8,,employed persons commuting to work,commute_mode_share,oecd_fua,,FUA code USA05F
Philadelphia (Greater),philadelphia (greater),US,oecd_fua,2023,0.7,,employed persons commuting to work,commute_mode_share,oecd_fua,,FUA code USA06F
Dallas,dallas,US,oecd_fua,2023,0.1,,employed persons commuting to work,commute_mode_share,oecd_fua,,FUA code USA07F
Houston,houston,US,oecd_fua,2023,0.3,,employed persons commuting to work,commute_mode_share,oecd_fua,,FUA code USA08F
Miami (Greater),miami (greater),US,oecd_fua,2023,0.5,,employed persons commuting to work,commute_mode_share,oecd_fua,,FUA code USA09F
Escambia,escambia,US,oecd_fua,2023,0.4,,employed persons commuting to work,commute_mode_share,oecd_fua,,FUA code USA100F
Caddo,caddo,US,oecd_fua,2023,0.1,,employed persons commuting to work,commute_mode_share,oecd_fua,,FUA code USA101F
Tulare,tulare,US,oecd_fua,2023,0.1,,employed persons commuting to work,commute_mode_share,oecd_fua,,FUA code USA102F
Newport News,newport news,US,oecd_fua,2023,0.2,,employed persons commuting to work,commute_mode_share,oecd_fua,,FUA code USA103F
York,york,US,oecd_fua,2023,0.3,,employed persons commuting to work,commute_mode_share,oecd_fua,,FUA code USA104F
Genesee,genesee,US,oecd_fua,2023,0.1,,employed persons commuting to work,commute_mode_share,oecd_fua,,FUA code USA105F
Jefferson (TX),jefferson (tx),US,oecd_fua,2023,0.2,,employed persons commuting to work,commute_mode_share,oecd_fua,,FUA code USA106F
Santa Barbara,santa barbara,US,oecd_fua,2023,2.8,,employed persons commuting to work,commute_mode_share,oecd_fua,,FUA code USA107F
Lafayette,lafayette,US,oecd_fua,2023,0.2,,employed persons commuting to work,commute_mode_share,oecd_fua,,FUA code USA108F
Monterey,monterey,US,oecd_fua,2023,0.6,,employed persons commuting to work,commute_mode_share,oecd_fua,,FUA code USA109F
Atlanta,atlanta,US,oecd_fua,2023,0.2,,employed persons commuting to work,commute_mode_share,oecd_fua,,FUA code USA10F
Mobile,mobile,US,oecd_fua,2023,0.1,,employed persons commuting to work,commute_mode_share,oecd_fua,,FUA code USA110F
Berks,berks,US,oecd_fua,2023,0.1,,employed persons commuting to work,commute_mode_share,oecd_fua,,FUA code USA111F
Cameron,cameron,US,oecd_fua,2023,0.1,,employed persons commuting to work,commute_mode_share,oecd_fua,,FUA code USA112F
Bell,bell,US,oecd_fua,2023,0.1,,employed persons commuting to work,commute_mode_share,oecd_fua,,FUA code USA113F
Nueces,nueces,US,oecd_fua,2023,0.2,,employed persons commuting to work,commute_mode_share,oecd_fua,,FUA code USA114F
Marion (OR),marion (or),US,oecd_fua,2023,0.8,,employed persons commuting to work,commute_mode_share,oecd_fua,,FUA code USA115F
Allen,allen,US,oecd_fua,2023,0.4,,employed persons commuting to work,commute_mode_share,oecd_fua,,FUA code USA116F
Scott,scott,US,oecd_fua,2023,0.1,,employed persons commuting to work,commute_mode_share,oecd_fua,,FUA code USA117F
Stark,stark,US,oecd_fua,2023,0.1,,employed persons commuting to work,commute_mode_share,oecd_fua,,FUA code USA118F
Tallahassee,tallahassee,US,oecd_fua,2023,0.4,,employed persons commuting to work,commute_mode_share,oecd_fua,,FUA code USA119F
Boston,boston,US,oecd_fua,2023,1.3,,employed persons commuting to work,commute_mode_share,oecd_fua,,FUA code USA11F
Cumberland (NC),cumberland (nc),US,oecd_fua,2023,0.1,,employed persons commuting to work,commute_mode_share,oecd_fua,,FUA code USA120F
Lane,lane,US,oecd_fua,2023,3.2,,employed persons commuting to work,commute_mode_share,oecd_fua,,FUA code USA121F
Winnebago (IL),winnebago (il),US,oecd_fua,2023,0.3,,employed persons commuting to work,commute_mode_share,oecd_fua,,FUA code USA122F
Chatham,chatham,US,oecd_fua,2023,0.7,,employed persons commuting to work,commute_mode_share,oecd_fua,,FUA code USA123F
Vanderburgh,vanderburgh,US,oecd_fua,2023,0.3,,employed persons commuting to work,commute_mode_share,oecd_fua,,FUA code USA124F
Washtenaw,washtenaw,US,oecd_fua,2023,1.3,,employed persons commuting to work,commute_mode_share,oecd_fua,,FUA code USA125F
Lubbock,lubbock,US,oecd_fua,2023,0.4,,employed persons commuting to work,commute_mode_share,oecd_fua,,FUA code USA126F
Madison,madison,US,oecd_fua,2023,0.1,,employed persons commuting to work,commute_mode_share,oecd_fua,,FUA code USA127F
Marion (FL),marion (fl),US,oecd_fua,2023,0.3,,employed persons commuting to work,commute_mode_share,oecd_fua,,FUA code USA128F
Peoria,peoria,US,oecd_fua,2023,0.2,,employed persons commuting to work,commute_mode_share,oecd_fua,,FUA code USA129F
Phoenix,phoenix,US,oecd_fua,2023,0.6,,employed persons commuting to work,commute_mode_share,oecd_fua,,FUA code USA12F
Collier,collier,US,oecd_fua,2023,0.6,,employed persons commuting to work,commute_mode_share,oecd_fua,,FUA code USA130F
Luzerne,luzerne,US,oecd_fua,2023,0.1,,employed persons commuting to work,commute_mode_share,oecd_fua,,FUA code USA131F
Lancaster (NE),lancaster (ne),US,oecd_fua,2023,0.9,,employed persons commuting to work,commute_mode_share,oecd_fua,,FUA code USA132F
Thurston,thurston,US,oecd_fua,2023,0.5,,employed persons commuting to work,commute_mode_share,oecd_fua,,FUA code USA133F
Sebastian,sebastian,US,oecd_fua,2023,0.1,,employed persons commuting to work,commute_mode_share,oecd_fua,,FUA code USA134F
Roanoke,roanoke,US,oecd_fua,2023,0.1,,employed persons commuting to work,commute_mode_share,oecd_fua,,FUA code USA135F
Muscogee,muscogee,US,oecd_fua,2023,0.2,,employed persons commuting to work,commute_mode_share,oecd_fua,,FUA code USA136F
Brown,brown,US,oecd_fua,2023,0.2,,employed persons commuting to work,commute_mode_share,oecd_fua,,FUA code USA137F
Alachua,alachua,US,oecd_fua,2023,1.9,,employed persons commuting to work,commute_mode_share,oecd_fua,,FUA code USA138F
Larimer,larimer,US,oecd_fua,2023,2.9,,employed persons commuting to work,commute_mode_share,oecd_fua,,FUA code USA139F
Detroit (Greater),detroit (greater),US,oecd_fua,2023,0.2,,employed persons commuting to work,commute_mode_share,oecd_fua,,FUA code USA13F
Boulder,boulder,US,oecd_fua,2023,4.1,,employed persons commuting to work,commute_mode_share,oecd_fua,,FUA code USA140F
Potter,potter,US,oecd_fua,2023,0.3,,employed persons commuting to work,commute_mode_share,oecd_fua,,FUA code USA141F
Cumberland (ME),cumberland (me),US,oecd_fua,2023,0.6,,employed persons commuting to work,commute_mode_share,oecd_fua,,FUA code USA142F
Erie (PA),erie (pa),US,oecd_fua,2023,0.4,,employed persons commuting to work,commute_mode_share,oecd_fua,,FUA code USA143F
St. Lucie,st. lucie,US,oecd_fua,2023,0.4,,employed persons commuting to work,commute_mode_share,oecd_fua,,FUA code USA144F
Nashville,nashville,US,oecd_fua,2023,0.1,,employed persons commuting to work,commute_mode_share,oecd_fua,,FUA code USA145F
Atlantic City,atlantic city,US,oecd_fua,2023,0.5,,employed persons commuting to work,commute_mode_share,oecd_fua,,FUA code USA146F
McLennan,mclennan,US,oecd_fua,2023,0.2,,employed persons commuting to work,commute_mode_share,oecd_fua,,FUA code USA147F
Durham,durham,US,oecd_fua,2023,0.5,,employed persons commuting to work,commute_mode_share,oecd_fua,,FUA code USA148F
Lackawanna,lackawanna,US,oecd_fua,2023,0.1,,employed persons commuting to work,commute_mode_share,oecd_fua,,FUA code USA149F
Seattle,seattle,US,oecd_fua,2023,1.0,,employed persons commuting to work,commute_mode_share,oecd_fua,,FUA code USA14F
St. Joseph,st. joseph,US,oecd_fua,2023,0.7,,employed persons commuting to work,commute_mode_share,oecd_fua,,FUA code USA150F
Santa Cruz,santa cruz,US,oecd_fua,2023,2.5,,employed persons commuting to work,commute_mode_share,oecd_fua,,FUA code USA151F
Webb,webb,US,oecd_fua,2023,0.1,,employed persons commuting to work,commute_mode_share,oecd_fua,,FUA code USA152F
Minnehaha,minnehaha,US,oecd_fua,2023,0.2,,employed persons commuting to work,commute_mode_share,oecd_fua,,FUA code USA153F
Merced,merced,US,oecd_fua,2023,0.3,,employed persons commuting to work,commute_mode_share,oecd_fua,,FUA code USA154F
Benton (WA),benton (wa),US,oecd_fua,2023,0.2,,employed persons commuting to work,commute_mode_share,oecd_fua,,FUA code USA155F
Weld,weld,US,oecd_fua,2023,0.2,,employed persons commuting to work,commute_mode_share,oecd_fua,,FUA code USA156F
Kalamazoo,kalamazoo,US,oecd_fua,2023,0.2,,employed persons commuting to work,commute_mode_share,oecd_fua,,FUA code USA157F
Butte,butte,US,oecd_fua,2023,1.4,,employed persons commuting to work,commute_mode_share,oecd_fua,,FUA code USA158F
Sangamon,sangamon,US,oecd_fua,2023,0.4,,employed persons commuting to work,commute_mode_share,oecd_fua,,FUA code USA159F
Minneapolis,minneapolis,US,oecd_fua,2023,0.6,,employed persons commuting to work,commute_mode_share,oecd_fua,,FUA code USA15F
Yakima,yakima,US,oecd_fua,2023,0.3,,employed persons commuting to work,commute_mode_share,oecd_fua,,FUA code USA160F
Brazos,brazos,US,oecd_fua,2023,1.1,,employed persons commuting to work,commute_mode_share,oecd_fua,,FUA code USA161F
Tuscaloosa,tuscaloosa,US,oecd_fua,2023,0.2,,employed persons commuting to work,commute_mode_share,oecd_fua,,FUA code USA162F
Champaign,champaign,US,oecd_fua,2023,1.8,,employed persons commuting to work,commute_mode_share,oecd_fua,,FUA code USA163F
Linn,linn,US,oecd_fua,2023,0.3,,employed persons commuting to work,commute_mode_share,oecd_fua,,FUA code USA164F
Lafayette (IN),lafayette (in),US,oecd_fua,2023,0.7,,employed persons commuting to work,commute_mode_share,oecd_fua,,FUA code USA165F
Shawnee,shawnee,US,oecd_fua,2023,0.0,,employed persons commuting to work,commute_mode_share,oecd_fua,,FUA code USA166F
Weber,weber,US,oecd_fua,2023,0.2,,employed persons commuting to work,commute_mode_share,oecd_fua,,FUA code USA167F
Outagamie,outagamie,US,oecd_fua,2023,0.4,,employed persons commuting to work,commute_mode_share,oecd_fua,,FUA code USA168F
Cass,cass,US,oecd_fua,2023,0.3,,employed persons commuting to work,commute_mode_share,oecd_fua,,FUA code USA169F
San Diego,san diego,US,oecd_fua,2023,0.6,,employed persons commuting to work,commute_mode_share,oecd_fua,,FUA code USA16F
Benton (AR),benton (ar),US,oecd_fua,2023,0.3,,employed persons commuting to work,commute_mode_share,oecd_fua,,FUA code USA170F
Las Cruces,las cruces,US,oecd_fua,2023,1.0,,employed persons commuting to work,commute_mode_share,oecd_fua,,FUA code USA171F
Rochester (MN),rochester (mn),US,oecd_fua,2023,0.7,,employed persons commuting to work,commute_mode_share,oecd_fua,,FUA code USA172F
Jackson (OR),jackson (or),US,oecd_fua,2023,0.9,,employed persons commuting to work,commute_mode_share,oecd_fua,,FUA code USA173F
New Hanover,new hanover,US,oecd_fua,2023,0.6,,employed persons commuting to work,commute_mode_share,oecd_fua,,FUA code USA174F
Whatcom,whatcom,US,oecd_fua,2023,2.2,,employed persons commuting to work,commute_mode_share,oecd_fua,,FUA code USA175F
Broome,broome,US,oecd_fua,2023,0.6,,employed persons commuting to work,commute_mode_share,oecd_fua,,FUA code USA176F
Saginaw,saginaw,US,oecd_fua,2023,0.2,,employed persons commuting to work,commute_mode_share,oecd_fua,,FUA code USA177F
Yuma,yuma,US,oecd_fua,2023,0.4,,employed persons commuting to work,commute_mode_share,oecd_fua,,FUA code USA178F
Racine,racine,US,oecd_fua,2023,0.2,,employed persons commuting to work,commute_mode_share,oecd_fua,,FUA code USA179F
St. Louis,st. louis,US,oecd_fua,2023,0.2,,employed persons commuting to work,commute_mode_share,oecd_fua,,FUA code USA17F
Punta Gorda,punta gorda,US,oecd_fua,2023,0.7,,employed persons commuting to work,commute_mode_share,oecd_fua,,FUA code USA180F
Benton (MN),benton (mn),US,oecd_fua,2023,0.5,,employed persons commuting to work,commute_mode_share,oecd_fua,,FUA code USA181F
Harrison,harrison,US,oecd_fua,2023,0.1,,employed persons commuting to work,commute_mode_share,oecd_fua,,FUA code USA182F
McLean,mclean,US,oecd_fua,2023,0.3,,employed persons commuting to work,commute_mode_share,oecd_fua,,FUA code USA183F
Woodbury,woodbury,US,oecd_fua,2023,0.2,,employed persons commuting to work,commute_mode_share,oecd_fua,,FUA code USA184F
Tampa-Hernando,tampa-hernando,US,oecd_fua,2023,0.3,,employed persons commuting to work,commute_mode_share,oecd_fua,,FUA code USA185F
Muskegon,muskegon,US,oecd_fua,2023,0.2,,employed persons commuting to work,commute_mode_share,oecd_fua,,FUA code USA186F
Johnson,johnson,US,oecd_fua,2023,1.8,,employed persons commuting to work,commute_mode_share,oecd_fua,,FUA code USA187F
Taylor,taylor,US,oecd_fua,2023,0.5,,employed persons commuting to work,commute_mode_share,oecd_fua,,FUA code USA188F
Pitt,pitt,US,oecd_fua,2023,0.1,,employed persons commuting to work,commute_mode_share,oecd_fua,,FUA code USA189F
Denver,denver,US,oecd_fua,2023,0.9,,employed persons commuting to work,commute_mode_share,oecd_fua,,FUA code USA18F
Winnebago (WI),winnebago (wi),US,oecd_fua,2023,0.8,,employed persons commuting to work,commute_mode_share,oecd_fua,,FUA code USA190F
Sutter,sutter,US,oecd_fua,2023,0.2,,employed persons commuting to work,commute_mode_share,oecd_fua,,FUA code USA191F
Rock,rock,US,oecd_fua,2023,0.2,,employed persons commuting to work,commute_mode_share,oecd_fua,,FUA code USA192F
Pueblo,pueblo,US,oecd_fua,2023,0.3,,employed persons commuting to work,commute_mode_share,oecd_fua,,FUA code USA193F
Centre,centre,US,oecd_fua,2023,2.1,,employed persons commuting to work,commute_mode_share,oecd_fua,,FUA code USA194F
Yellowstone,yellowstone,US,oecd_fua,2023,0.5,,employed persons commuting to work,commute_mode_share,oecd_fua,,FUA code USA195F
Wichita,wichita,US,oecd_fua,2023,0.3,,employed persons commuting to work,commute_mode_share,oecd_fua,,FUA code USA196F
Washington (MD),washington (md),US,oecd_fua,2023,0.3,,employed persons commuting to work,commute_mode_share,oecd_fua,,FUA code USA197F
Mesa,mesa,US,oecd_fua,2023,1.5,,employed persons commuting to work,commute_mode_share,oecd_fua,,FUA code USA198F
Midland,midland,US,oecd_fua,2023,0.2,,employed persons commuting to work,commute_mode_share,oecd_fua,,FUA code USA199F
San Antonio,san antonio,US,oecd_fua,2023,0.2,,employed persons commuting to work,commute_mode_share,oecd_fua,,FUA code USA19F
Ector,ector,US,oecd_fua,2023,0.1,,employed persons commuting to work,commute_mode_share,oecd_fua,,FUA code USA200F
Comanche,comanche,US,oecd_fua,2023,0.3,,employed persons commuting to work,commute_mode_share,oecd_fua,,FUA code USA201F
Indian River,indian river,US,oecd_fua,2023,0.8,,employed persons commuting to work,commute_mode_share,oecd_fua,,FUA code USA202F
Monroe (IN),monroe (in),US,oecd_fua,2023,1.3,,employed persons commuting to work,commute_mode_share,oecd_fua,,FUA code USA203F
Napa,napa,US,oecd_fua,2023,0.9,,employed persons commuting to work,commute_mode_share,oecd_fua,,FUA code USA204F
Delaware,delaware,US,oecd_fua,2023,0.6,,employed persons commuting to work,commute_mode_share,oecd_fua,,FUA code USA205F
Kankakee,kankakee,US,oecd_fua,2023,0.2,,employed persons commuting to work,commute_mode_share,oecd_fua,,FUA code USA206F
Terrebonne,terrebonne,US,oecd_fua,2023,0.0,,employed persons commuting to work,commute_mode_share,oecd_fua,,FUA code USA207F
Douglas (KS),douglas (ks),US,oecd_fua,2023,1.0,,employed persons commuting to work,commute_mode_share,oecd_fua,,FUA code USA208F
Flagler-Daytona Beach,flagler-daytona beach,US,oecd_fua,2023,0.4,,employed persons commuting to work,commute_mode_share,oecd_fua,,FUA code USA209F
Portland,portland,US,oecd_fua,2023,1.7,,employed persons commuting to work,commute_mode_share,oecd_fua,,FUA code USA20F
Sumter,sumter,US,oecd_fua,2023,1.3,,employed persons commuting to work,commute_mode_share,oecd_fua,,FUA code USA210F
Maverick,maverick,US,oecd_fua,2023,0.0,,employed persons commuting to work,commute_mode_share,oecd_fua,,FUA code USA211F
Cincinnati,cincinnati,US,oecd_fua,2023,0.2,,employed persons commuting to work,commute_mode_share,oecd_fua,,FUA code USA21F
Las Vegas,las vegas,US,oecd_fua,2023,0.3,,employed persons commuting to work,commute_mode_share,oecd_fua,,FUA code USA22F
Orange,orange,US,oecd_fua,2023,0.4,,employed persons commuting to work,commute_mode_share,oecd_fua,,FUA code USA23F
Jackson (MO),jackson (mo),US,oecd_fua,2023,0.1,,employed persons commuting to work,commute_mode_share,oecd_fua,,FUA code USA24F
Indianapolis,indianapolis,US,oecd_fua,2023,0.3,,employed persons commuting to work,commute_mode_share,oecd_fua,,FUA code USA25F
Cuyahoga,cuyahoga,US,oecd_fua,2023,0.3,,employed persons commuting to work,commute_mode_share,oecd_fua,,FUA code USA26F
New Haven,new haven,US,oecd_fua,2023,0.3,,employed persons commuting to work,commute_mode_share,oecd_fua,,FUA code USA27F
Charlotte,charlotte,US,oecd_fua,2023,0.2,,employed persons commuting to work,commute_mode_share,oecd_fua,,FUA code USA28F
Sacramento,sacramento,US,oecd_fua,2023,1.3,,employed persons commuting to work,commute_mode_share,oecd_fua,,FUA code USA29F
Austin,austin,US,oecd_fua,2023,0.6,,employed persons commuting to work,commute_mode_share,oecd_fua,,FUA code USA30F
Columbus,columbus,US,oecd_fua,2023,0.3,,employed persons commuting to work,commute_mode_share,oecd_fua,,FUA code USA31F
Milwaukee,milwaukee,US,oecd_fua,2023,0.4,,employed persons commuting to work,commute_mode_share,oecd_fua,,FUA code USA32F
Jacksonville,jacksonville,US,oecd_fua,2023,0.5,,employed persons commuting to work,commute_mode_share,oecd_fua,,FUA code USA33F
Salt Lake,salt lake,US,oecd_fua,2023,0.6,,employed persons commuting to work,commute_mode_share,oecd_fua,,FUA code USA34F
Tampa-Pinellas,tampa-pinellas,US,oecd_fua,2023,0.8,,employed persons commuting to work,commute_mode_share,oecd_fua,,FUA code USA35F
Jefferson (KY),jefferson (ky),US,oecd_fua,2023,0.2,,employed persons commuting to work,commute_mode_share,oecd_fua,,FUA code USA36F
Memphis,memphis,US,oecd_fua,2023,0.1,,employed persons commuting to work,commute_mode_share,oecd_fua,,FUA code USA37F
Davidson,davidson,US,oecd_fua,2023,0.2,,employed persons commuting to work,commute_mode_share,oecd_fua,,FUA code USA38F
Oklahoma,oklahoma,US,oecd_fua,2023,0.3,,employed persons commuting to work,commute_mode_share,oecd_fua,,FUA code USA39F
Hartford,hartford,US,oecd_fua,2023,0.2,,employed persons commuting to work,commute_mode_share,oecd_fua,,FUA code USA40F
Pittsburgh,pittsburgh,US,oecd_fua,2023,0.4,,employed persons commuting to work,commute_mode_share,oecd_fua,,FUA code USA41F
New Orleans,new orleans,US,oecd_fua,2023,0.8,,employed persons commuting to work,commute_mode_share,oecd_fua,,FUA code USA42F
Virginia Beach,virginia beach,US,oecd_fua,2023,0.4,,employed persons commuting to work,commute_mode_share,oecd_fua,,FUA code USA43F
Erie (NY),erie (ny),US,oecd_fua,2023,0.3,,employed persons commuting to work,commute_mode_share,oecd_fua,,FUA code USA44F
Fresno (Greater),fresno (greater),US,oecd_fua,2023,0.4,,employed persons commuting to work,commute_mode_share,oecd_fua,,FUA code USA45F
Richmond (Greater),richmond (greater),US,oecd_fua,2023,0.3,,employed persons commuting to work,commute_mode_share,oecd_fua,,FUA code USA46F
Wake,wake,US,oecd_fua,2023,0.2,,employed persons commuting to work,commute_mode_share,oecd_fua,,FUA code USA47F
Jefferson (AL),jefferson (al),US,oecd_fua,2023,0.1,,employed persons commuting to work,commute_mode_share,oecd_fua,,FUA code USA48F
Tampa-Hillsborough,tampa-hillsborough,US,oecd_fua,2023,0.6,,employed persons commuting to work,commute_mode_share,oecd_fua,,FUA code USA49F
Pima,pima,US,oecd_fua,2023,1.2,,employed persons commuting to work,commute_mode_share,oecd_fua,,FUA code USA50F
Tulsa,tulsa,US,oecd_fua,2023,0.2,,employed persons commuting to work,commute_mode_share,oecd_fua,,FUA code USA51F
Albany,albany,US,oecd_fua,2023,0.3,,employed persons commuting to work,commute_mode_share,oecd_fua,,FUA code USA52F
Providence,providence,US,oecd_fua,2023,0.3,,employed persons commuting to work,commute_mode_share,oecd_fua,,FUA code USA53F
Albuquerque,albuquerque,US,oecd_fua,2023,0.7,,employed persons commuting to work,commute_mode_share,oecd_fua,,FUA code USA54F
Douglas (NE),douglas (ne),US,oecd_fua,2023,0.2,,employed persons commuting to work,commute_mode_share,oecd_fua,,FUA code USA55F
Rochester (NY),rochester (ny),US,oecd_fua,2023,0.5,,employed persons commuting to work,commute_mode_share,oecd_fua,,FUA code USA56F
Kern,kern,US,oecd_fua,2023,0.1,,employed persons commuting to work,commute_mode_share,oecd_fua,,FUA code USA57F
Ventura,ventura,US,oecd_fua,2023,0.5,,employed persons commuting to work,commute_mode_share,oecd_fua,,FUA code USA58F
El Paso (TX),el paso (tx),US,oecd_fua,2023,0.1,,employed persons commuting to work,commute_mode_share,oecd_fua,,FUA code USA59F
East Baton Rouge,east baton rouge,US,oecd_fua,2023,0.2,,employed persons commuting to work,commute_mode_share,oecd_fua,,FUA code USA60F
Worcester,worcester,US,oecd_fua,2023,0.2,,employed persons commuting to work,commute_mode_share,oecd_fua,,FUA code USA61F
Hidalgo,hidalgo,US,oecd_fua,2023,0.2,,employed persons commuting to work,commute_mode_share,oecd_fua,,FUA code USA62F
Richland,richland,US,oecd_fua,2023,0.1,,employed persons commuting to work,commute_mode_share,oecd_fua,,FUA code USA63F
Lehigh,lehigh,US,oecd_fua,2023,0.2,,employed persons commuting to work,commute_mode_share,oecd_fua,,FUA code USA64F
Sarasota,sarasota,US,oecd_fua,2023,0.6,,employed persons commuting to work,commute_mode_share,oecd_fua,,FUA code USA65F
Montgomery (OH),montgomery (oh),US,oecd_fua,2023,0.3,,employed persons commuting to work,commute_mode_share,oecd_fua,,FUA code USA66F
San Joaquin,san joaquin,US,oecd_fua,2023,0.3,,employed persons commuting to work,commute_mode_share,oecd_fua,,FUA code USA67F
Kent,kent,US,oecd_fua,2023,0.5,,employed persons commuting to work,commute_mode_share,oecd_fua,,FUA code USA68F
Charleston,charleston,US,oecd_fua,2023,0.6,,employed persons commuting to work,commute_mode_share,oecd_fua,,FUA code USA69F
Onondaga,onondaga,US,oecd_fua,2023,0.3,,employed persons commuting to work,commute_mode_share,oecd_fua,,FUA code USA70F
El Paso (CO),el paso (co),US,oecd_fua,2023,0.5,,employed persons commuting to work,commute_mode_share,oecd_fua,,FUA code USA71F
Ada,ada,US,oecd_fua,2023,1.2,,employed persons commuting to work,commute_mode_share,oecd_fua,,FUA code USA72F
Hampden,hampden,US,oecd_fua,2023,0.4,,employed persons commuting to work,commute_mode_share,oecd_fua,,FUA code USA73F
Lee,lee,US,oecd_fua,2023,0.7,,employed persons commuting to work,commute_mode_share,oecd_fua,,FUA code USA74F
Sedgwick,sedgwick,US,oecd_fua,2023,0.3,,employed persons commuting to work,commute_mode_share,oecd_fua,,FUA code USA75F
Polk,polk,US,oecd_fua,2023,0.2,,employed persons commuting to work,commute_mode_share,oecd_fua,,FUA code USA76F
Dauphin,dauphin,US,oecd_fua,2023,0.3,,employed persons commuting to work,commute_mode_share,oecd_fua,,FUA code USA77F
Lucas,lucas,US,oecd_fua,2023,0.2,,employed persons commuting to work,commute_mode_share,oecd_fua,,FUA code USA78F
Pulaski,pulaski,US,oecd_fua,2023,0.1,,employed persons commuting to work,commute_mode_share,oecd_fua,,FUA code USA79F
Dane,dane,US,oecd_fua,2023,2.1,,employed persons commuting to work,commute_mode_share,oecd_fua,,FUA code USA80F
Brevard,brevard,US,oecd_fua,2023,0.6,,employed persons commuting to work,commute_mode_share,oecd_fua,,FUA code USA81F
Summit,summit,US,oecd_fua,2023,0.1,,employed persons commuting to work,commute_mode_share,oecd_fua,,FUA code USA82F
Hamilton (TN),hamilton (tn),US,oecd_fua,2023,0.2,,employed persons commuting to work,commute_mode_share,oecd_fua,,FUA code USA83F
Utah,utah,US,oecd_fua,2023,0.6,,employed persons commuting to work,commute_mode_share,oecd_fua,,FUA code USA84F
Lancaster (PA),lancaster (pa),US,oecd_fua,2023,0.8,,employed persons commuting to work,commute_mode_share,oecd_fua,,FUA code USA85F
Stanislaus,stanislaus,US,oecd_fua,2023,0.4,,employed persons commuting to work,commute_mode_share,oecd_fua,,FUA code USA86F
Greene,greene,US,oecd_fua,2023,0.3,,employed persons commuting to work,commute_mode_share,oecd_fua,,FUA code USA87F
Fayette,fayette,US,oecd_fua,2023,0.4,,employed persons commuting to work,commute_mode_share,oecd_fua,,FUA code USA88F
Spokane,spokane,US,oecd_fua,2023,0.5,,employed persons commuting to work,commute_mode_share,oecd_fua,,FUA code USA89F
Volusia-Daytona Beach,volusia-daytona beach,US,oecd_fua,2023,0.5,,employed persons commuting to work,commute_mode_share,oecd_fua,,FUA code USA90F
Guilford,guilford,US,oecd_fua,2023,0.2,,employed persons commuting to work,commute_mode_share,oecd_fua,,FUA code USA91F
Sonoma,sonoma,US,oecd_fua,2023,0.8,,employed persons commuting to work,commute_mode_share,oecd_fua,,FUA code USA92F
Forsyth,forsyth,US,oecd_fua,2023,0.1,,employed persons commuting to work,commute_mode_share,oecd_fua,,FUA code USA93F
Washoe,washoe,US,oecd_fua,2023,0.4,,employed persons commuting to work,commute_mode_share,oecd_fua,,FUA code USA94F
Ingham,ingham,US,oecd_fua,2023,0.8,,employed persons commuting to work,commute_mode_share,oecd_fua,,FUA code USA95F
Montgomery (AL),montgomery (al),US,oecd_fua,2023,0.1,,employed persons commuting to work,commute_mode_share,oecd_fua,,FUA code USA96F
Knox,knox,US,oecd_fua,2023,0.2,,employed persons commuting to work,commute_mode_share,oecd_fua,,FUA code USA97F
Greenville,greenville,US,oecd_fua,2023,0.2,,employed persons commuting to work,commute_mode_share,oecd_fua,,FUA code USA98F
Mahoning,mahoning,US,oecd_fua,2023,0.1,,employed persons commuting to work,commute_mode_share,oecd_fua,,FUA code USA99F
Berlin,berlin,,legacy,,12.8,,,commute_mode_share,legacy_max_value,,mixed Eurostat + 2011 census; year unknown
Hamburg,hamburg,,legacy,,11.6,,,commute_mode_share,legacy_max_value,,mixed Eurostat + 2011 census; year unknown
München,munchen,,legacy,,12.8,,,commute_mode_share,legacy_max_value,,mixed Eurostat + 2011 census; year unknown
Köln,koln,,legacy,,13.6,,,commute_mode_share,legacy_max_value,,mixed Eurostat + 2011 census; year unknown
Frankfurt am Main,frankfurt am main,,legacy,,11.3,,,commute_mode_share,legacy_max_value,,mixed Eurostat + 2011 census; year unknown
Essen,essen,,legacy,,2.6,,,commute_mode_share,legacy_max_value,,mixed Eurostat + 2011 census; year unknown
Stuttgart,stuttgart,,legacy,,5.1,,,commute_mode_share,legacy_max_value,,mixed Eurostat + 2011 census; year unknown
Leipzig,leipzig,,legacy,,16.4,,,commute_mode_share,legacy_max_value,,mixed Eurostat + 2011 census; year unknown
Dresden,dresden,,legacy,,15.0,,,commute_mode_share,legacy_max_value,,mixed Eurostat + 2011 census; year unknown
Dortmund,dortmund,,legacy,,3.6,,,commute_mode_share,legacy_max_value,,mixed Eurostat + 2011 census; year unknown
Düsseldorf,dusseldorf,,legacy,,9.6,,,commute_mode_share,legacy_max_value,,mixed Eurostat + 2011 census; year unknown
Bremen,bremen,,legacy,,21.3,,,commute_mode_share,legacy_max_value,,mixed Eurostat + 2011 census; year unknown
Hannover,hannover,,legacy,,18.9,,,commute_mode_share,legacy_max_value,,mixed Eurostat + 2011 census; year unknown
Nürnberg,nurnberg,,legacy,,8.8,,,commute_mode_share,legacy_max_value,,mixed Eurostat + 2011 census; year unknown
Bochum,bochum,,legacy,,2.5,,,commute_mode_share,legacy_max_value,,mixed Eurostat + 2011 census; year unknown
Bielefeld,bielefeld,,legacy,,6.9,,,commute_mode_share,legacy_max_value,,mixed Eurostat + 2011 census; year unknown
Halle an der Saale,halle an der saale,,legacy,,12.9,,,commute_mode_share,legacy_max_value,,mixed Eurostat + 2011 census; year unknown
Magdeburg,magdeburg,,legacy,,11.5,,,commute_mode_share,legacy_max_value,,mixed Eurostat + 2011 census; year unknown
Wiesbaden,wiesbaden,,legacy,,4.3,,,commute_mode_share,legacy_max_value,,mixed Eurostat + 2011 census; year unknown
Göttingen,gottingen,,legacy,,26.2,,,commute_mode_share,legacy_max_value,,mixed Eurostat + 2011 census; year unknown
Mülheim a.d.Ruhr,mulheim a.d.ruhr,,legacy,,3.0,,,commute_mode_share,legacy_max_value,,mixed Eurostat + 2011 census; year unknown
Moers,moers,,legacy,,8.1,,,commute_mode_share,legacy_max_value,,mixed Eurostat + 2011 census; year unknown
Darmstadt,darmstadt,,legacy,,19.5,,,commute_mode_share,legacy_max_value,,mixed Eurostat + 2011 census; year unknown
Trier,trier,,legacy,,8.8,,,commute_mode_share,legacy_max_value,,mixed Eurostat + 2011 census; year unknown
Freiburg im Breisgau,freiburg im breisgau,,legacy,,29.9,,,commute_mode_share,legacy_max_value,,mixed Eurostat + 2011 census; year unknown
Regensburg,regensburg,,legacy,,19.3,,,commute_mode_share,legacy_max_value,,mixed Eurostat + 2011 census; year unknown
Frankfurt (Oder),frankfurt (oder),,legacy,,8.4,,,commute_mode_share,legacy_max_value,,mixed Eurostat + 2011 census; year unknown
Weimar,weimar,,legacy,,7.5,,,commute_mode_share,legacy_max_value,,mixed Eurostat + 2011 census; year unknown
Schwerin,schwerin,,legacy,,12.1,,,commute_mode_share,legacy_max_value,,mixed Eurostat + 2011 census; year unknown
Erfurt,erfurt,,legacy,,11.2,,,commute_mode_share,legacy_max_value,,mixed Eurostat + 2011 census; year unknown
Augsburg,augsburg,,legacy,,13.9,,,commute_mode_share,legacy_max_value,,mixed Eurostat + 2011 census; year unknown
Bonn,bonn,,legacy,,17.4,,,commute_mode_share,legacy_max_value,,mixed Eurostat + 2011 census; year unknown
Karlsruhe,karlsruhe,,legacy,,21.8,,,commute_mode_share,legacy_max_value,,mixed Eurostat + 2011 census; year unknown
Mönchengladbach,monchengladbach,,legacy,,5.0,,,commute_mode_share,legacy_max_value,,mixed Eurostat + 2011 census; year unknown
Mainz,mainz,,legacy,,8.7,,,commute_mode_share,legacy_max_value,,mixed Eurostat + 2011 census; year unknown
Kiel,kiel,,legacy,,21.9,,,commute_mode_share,legacy_max_value,,mixed Eurostat + 2011 census; year unknown
Saarbrücken,saarbrucken,,legacy,,3.7,,,commute_mode_share,legacy_max_value,,mixed Eurostat + 2011 census; year unknown
Potsdam,potsdam,,legacy,,18.9,,,commute_mode_share,legacy_max_value,,mixed Eurostat + 2011 census; year unknown
Koblenz,koblenz,,legacy,,9.6,,,commute_mode_share,legacy_max_value,,mixed Eurostat + 2011 census; year unknown
Rostock,rostock,,legacy,,19.9,,,commute_mode_share,legacy_max_value,,mixed Eurostat + 2011 census; year unknown
Kaiserslautern,kaiserslautern,,legacy,,4.0,,,commute_mode_share,legacy_max_value,,mixed Eurostat + 2011 census; year unknown
Iserlohn,iserlohn,,legacy,,1.2,,,commute_mode_share,legacy_max_value,,mixed Eurostat + 2011 census; year unknown
Esslingen am Neckar,esslingen am neckar,,legacy,,6.7,,,commute_mode_share,legacy_max_value,,mixed Eurostat + 2011 census; year unknown
Hanau,hanau,,legacy,,5.7,,,commute_mode_share,legacy_max_value,,mixed Eurostat + 2011 census; year unknown
Wilhelmshaven,wilhelmshaven,,legacy,,19.4,,,commute_mode_share,legacy_max_value,,mixed Eurostat + 2011 census; year unknown
Ludwigsburg,ludwigsburg,,legacy,,3.9,,,commute_mode_share,legacy_max_value,,mixed Eurostat + 2011 census; year unknown
Tübingen,tubingen,,legacy,,19.0,,,commute_mode_share,legacy_max_value,,mixed Eurostat + 2011 census; year unknown
Villingen-Schwenningen,villingen-schwenningen,,legacy,,5.3,,,commute_mode_share,legacy_max_value,,mixed Eurostat + 2011 census; year unknown
Flensburg,flensburg,,legacy,,10.9,,,commute_mode_share,legacy_max_value,,mixed Eurostat + 2011 census; year unknown
Marburg,marburg,,legacy,,9.8,,,commute_mode_share,legacy_max_value,,mixed Eurostat + 2011 census; year unknown
Konstanz,konstanz,,legacy,,26.2,,,commute_mode_share,legacy_max_value,,mixed Eurostat + 2011 census; year unknown
Neumünster,neumunster,,legacy,,15.4,,,commute_mode_share,legacy_max_value,,mixed Eurostat + 2011 census; year unknown
Brandenburg an der Havel,brandenburg an der havel,,legacy,,19.5,,,commute_mode_share,legacy_max_value,,mixed Eurostat + 2011 census; year unknown
Gießen,gießen,,legacy,,15.0,,,commute_mode_share,legacy_max_value,,mixed Eurostat + 2011 census; year unknown
Lüneburg,luneburg,,legacy,,25.3,,,commute_mode_share,legacy_max_value,,mixed Eurostat + 2011 census; year unknown
Bayreuth,bayreuth,,legacy,,18.5,,,commute_mode_share,legacy_max_value,,mixed Eurostat + 2011 census; year unknown
Celle,celle,,legacy,,25.9,,,commute_mode_share,legacy_max_value,,mixed Eurostat + 2011 census; year unknown
Aschaffenburg,aschaffenburg,,legacy,,9.2,,,commute_mode_share,legacy_max_value,,mixed Eurostat + 2011 census; year unknown
Bamberg,bamberg,,legacy,,23.2,,,commute_mode_share,legacy_max_value,,mixed Eurostat + 2011 census; year unknown
Plauen,plauen,,legacy,,2.7,,,commute_mode_share,legacy_max_value,,mixed Eurostat + 2011 census; year unknown
Neubrandenburg,neubrandenburg,,legacy,,15.9,,,commute_mode_share,legacy_max_value,,mixed Eurostat + 2011 census; year unknown
Fulda,fulda,,legacy,,5.3,,,commute_mode_share,legacy_max_value,,mixed Eurostat + 2011 census; year unknown
Kempten (Allgäu),kempten (allgau),,legacy,,9.4,,,commute_mode_share,legacy_max_value,,mixed Eurostat + 2011 census; year unknown
Landshut,landshut,,legacy,,11.8,,,commute_mode_share,legacy_max_value,,mixed Eurostat + 2011 census; year unknown
Sindelfingen,sindelfingen,,legacy,,9.7,,,commute_mode_share,legacy_max_value,,mixed Eurostat + 2011 census; year unknown
Rosenheim,rosenheim,,legacy,,25.8,,,commute_mode_share,legacy_max_value,,mixed Eurostat + 2011 census; year unknown
Frankenthal (Pfalz),frankenthal (pfalz),,legacy,,11.5,,,commute_mode_share,legacy_max_value,,mixed Eurostat + 2011 census; year unknown
Stralsund,stralsund,,legacy,,21.7,,,commute_mode_share,legacy_max_value,,mixed Eurostat + 2011 census; year unknown
Friedrichshafen,friedrichshafen,,legacy,,16.6,,,commute_mode_share,legacy_max_value,,mixed Eurostat + 2011 census; year unknown
Offenburg,offenburg,,legacy,,20.2,,,commute_mode_share,legacy_max_value,,mixed Eurostat + 2011 census; year unknown
Görlitz,gorlitz,,legacy,,7.9,,,commute_mode_share,legacy_max_value,,mixed Eurostat + 2011 census; year unknown
Sankt Augustin,sankt augustin,,legacy,,6.1,,,commute_mode_share,legacy_max_value,,mixed Eurostat + 2011 census; year unknown
Neu-Ulm,neu-ulm,,legacy,,10.0,,,commute_mode_share,legacy_max_value,,mixed Eurostat + 2011 census; year unknown
Schweinfurt,schweinfurt,,legacy,,10.4,,,commute_mode_share,legacy_max_value,,mixed Eurostat + 2011 census; year unknown
Greifswald,greifswald,,legacy,,38.1,,,commute_mode_share,legacy_max_value,,mixed Eurostat + 2011 census; year unknown
Wetzlar,wetzlar,,legacy,,3.2,,,commute_mode_share,legacy_max_value,,mixed Eurostat + 2011 census; year unknown
Speyer,speyer,,legacy,,16.6,,,commute_mode_share,legacy_max_value,,mixed Eurostat + 2011 census; year unknown
Passau,passau,,legacy,,4.2,,,commute_mode_share,legacy_max_value,,mixed Eurostat + 2011 census; year unknown
Dessau-Roßlau,dessau-roßlau,,legacy,,20.1,,,commute_mode_share,legacy_max_value,,mixed Eurostat + 2011 census; year unknown
Duisburg,duisburg,,legacy,,5.9,,,commute_mode_share,legacy_max_value,,mixed Eurostat + 2011 census; year unknown
Mannheim,mannheim,,legacy,,12.0,,,commute_mode_share,legacy_max_value,,mixed Eurostat + 2011 census; year unknown
Gelsenkirchen,gelsenkirchen,,legacy,,4.3,,,commute_mode_share,legacy_max_value,,mixed Eurostat + 2011 census; year unknown
Münster,munster,,legacy,,36.6,,,commute_mode_share,legacy_max_value,,mixed Eurostat + 2011 census; year unknown
Chemnitz,chemnitz,,legacy,,5.8,,,commute_mode_share,legacy_max_value,,mixed Eurostat + 2011 census; year unknown
Braunschweig,braunschweig,,legacy,,19.4,,,commute_mode_share,legacy_max_value,,mixed Eurostat + 2011 census; year unknown
Aachen,aachen,,legacy,,10.5,,,commute_mode_share,legacy_max_value,,mixed Eurostat + 2011 census; year unknown
Krefeld,krefeld,,legacy,,12.1,,,commute_mode_share,legacy_max_value,,mixed Eurostat + 2011 census; year unknown
Oberhausen,oberhausen,,legacy,,4.1,,,commute_mode_share,legacy_max_value,,mixed Eurostat + 2011 census; year unknown
Lübeck,lubeck,,legacy,,22.8,,,commute_mode_share,legacy_max_value,,mixed Eurostat + 2011 census; year unknown
Hagen,hagen,,legacy,,1.3,,,commute_mode_share,legacy_max_value,,mixed Eurostat + 2011 census; year unknown
Kassel,kassel,,legacy,,8.7,,,commute_mode_share,legacy_max_value,,mixed Eurostat + 2011 census; year unknown
Hamm,hamm,,legacy,,10.9,,,commute_mode_share,legacy_max_value,,mixed Eurostat + 2011 census; year unknown
Herne,herne,,legacy,,4.8,,,commute_mode_share,legacy_max_value,,mixed Eurostat + 2011 census; year unknown
Solingen,solingen,,legacy,,1.9,,,commute_mode_share,legacy_max_value,,mixed Eurostat + 2011 census; year unknown
Osnabrück,osnabruck,,legacy,,17.9,,,commute_mode_share,legacy_max_value,,mixed Eurostat + 2011 census; year unknown
Ludwigshafen am Rhein,ludwigshafen am rhein,,legacy,,12.2,,,commute_mode_share,legacy_max_value,,mixed Eurostat + 2011 census; year unknown
Leverkusen,leverkusen,,legacy,,10.3,,,commute_mode_share,legacy_max_value,,mixed Eurostat + 2011 census; year unknown
Oldenburg (Oldenburg),oldenburg (oldenburg),,legacy,,29.9,,,commute_mode_share,legacy_max_value,,mixed Eurostat + 2011 census; year unknown
Neuss,neuss,,legacy,,6.9,,,commute_mode_share,legacy_max_value,,mixed Eurostat + 2011 census; year unknown
Heidelberg,heidelberg,,legacy,,25.2,,,commute_mode_share,legacy_max_value,,mixed Eurostat + 2011 census; year unknown
Paderborn,paderborn,,legacy,,13.0,,,commute_mode_share,legacy_max_value,,mixed Eurostat + 2011 census; year unknown
Würzburg,wurzburg,,legacy,,14.6,,,commute_mode_share,legacy_max_value,,mixed Eurostat + 2011 census; year unknown
Recklinghausen,recklinghausen,,legacy,,6.4,,,commute_mode_share,legacy_max_value,,mixed Eurostat + 2011 census; year unknown
Wolfsburg,wolfsburg,,legacy,,11.2,,,commute_mode_share,legacy_max_value,,mixed Eurostat + 2011 census; year unknown
Bremerhaven,bremerhaven,,legacy,,12.5,,,commute_mode_share,legacy_max_value,,mixed Eurostat + 2011 census; year unknown
Bottrop,bottrop,,legacy,,4.3,,,commute_mode_share,legacy_max_value,,mixed Eurostat + 2011 census; year unknown
Heilbronn,heilbronn,,legacy,,5.9,,,commute_mode_share,legacy_max_value,,mixed Eurostat + 2011 census; year unknown
Remscheid,remscheid,,legacy,,0.0,,,commute_mode_share,legacy_max_value,,mixed Eurostat + 2011 census; year unknown
Offenbach am Main,offenbach am main,,legacy,,9.4,,,commute_mode_share,legacy_max_value,,mixed Eurostat + 2011 census; year unknown
Ulm,ulm,,legacy,,11.2,,,commute_mode_share,legacy_max_value,,mixed Eurostat + 2011 census; year unknown
Pforzheim,pforzheim,,legacy,,1.1,,,commute_mode_share,legacy_max_value,,mixed Eurostat + 2011 census; year unknown
Ingolstadt,ingolstadt,,legacy,,20.5,,,commute_mode_share,legacy_max_value,,mixed Eurostat + 2011 census; year unknown
Gera,gera,,legacy,,4.9,,,commute_mode_share,legacy_max_value,,mixed Eurostat + 2011 census; year unknown
Salzgitter,salzgitter,,legacy,,6.0,,,commute_mode_share,legacy_max_value,,mixed Eurostat + 2011 census; year unknown
Reutlingen,reutlingen,,legacy,,7.7,,,commute_mode_share,legacy_max_value,,mixed Eurostat + 2011 census; year unknown
Fürth,furth,,legacy,,5.9,,,commute_mode_share,legacy_max_value,,mixed Eurostat + 2011 census; year unknown
Cottbus,cottbus,,legacy,,24.4,,,commute_mode_share,legacy_max_value,,mixed Eurostat + 2011 census; year unknown
Siegen,siegen,,legacy,,1.6,,,commute_mode_share,legacy_max_value,,mixed Eurostat + 2011 census; year unknown
Bergisch Gladbach,bergisch gladbach,,legacy,,4.3,,,commute_mode_share,legacy_max_value,,mixed Eurostat + 2011 census; year unknown
Hildesheim,hildesheim,,legacy,,16.4,,,commute_mode_share,legacy_max_value,,mixed Eurostat + 2011 census; year unknown
Witten,witten,,legacy,,2.9,,,commute_mode_share,legacy_max_value,,mixed Eurostat + 2011 census; year unknown
Zwickau,zwickau,,legacy,,4.5,,,commute_mode_share,legacy_max_value,,mixed Eurostat + 2011 census; year unknown
Erlangen,erlangen,,legacy,,29.2,,,commute_mode_share,legacy_max_value,,mixed Eurostat + 2011 census; year unknown
Wuppertal,wuppertal,,legacy,,1.6,,,commute_mode_share,legacy_max_value,,mixed Eurostat + 2011 census; year unknown
Jena,jena,,legacy,,16.1,,,commute_mode_share,legacy_max_value,,mixed Eurostat + 2011 census; year unknown
"Düren, Stadt",duren,,legacy,,6.8,,,commute_mode_share,legacy_max_value,,mixed Eurostat + 2011 census; year unknown
"Bocholt, Stadt",bocholt,,legacy,,34.1,,,commute_mode_share,legacy_max_value,,mixed Eurostat + 2011 census; year unknown
Tallinn,tallinn,,legacy,,1.5,,,commute_mode_share,legacy_max_value,,mixed Eurostat + 2011 census; year unknown
Tartu,tartu,,legacy,,5.5,,,commute_mode_share,legacy_max_value,,mixed Eurostat + 2011 census; year unknown
Paris,paris,,legacy,,2.8,,,commute_mode_share,legacy_max_value,,mixed Eurostat + 2011 census; year unknown
Lyon,lyon,,legacy,,5.9,,,commute_mode_share,legacy_max_value,,mixed Eurostat + 2011 census; year unknown
Lille,lille,,legacy,,3.8,,,commute_mode_share,legacy_max_value,,mixed Eurostat + 2011 census; year unknown
Marseille,marseille,,legacy,,1.7,,,commute_mode_share,legacy_max_value,,mixed Eurostat + 2011 census; year unknown
Bordeaux,bordeaux,,legacy,,8.6,,,commute_mode_share,legacy_max_value,,mixed Eurostat + 2011 census; year unknown
Toulouse,toulouse,,legacy,,7.3,,,commute_mode_share,legacy_max_value,,mixed Eurostat + 2011 census; year unknown
Nantes,nantes,,legacy,,8.7,,,commute_mode_share,legacy_max_value,,mixed Eurostat + 2011 census; year unknown
Nice,nice,,legacy,,2.2,,,commute_mode_share,legacy_max_value,,mixed Eurostat + 2011 census; year unknown
Strasbourg,strasbourg,,legacy,,15.0,,,commute_mode_share,legacy_max_value,,mixed Eurostat + 2011 census; year unknown
Rouen,rouen,,legacy,,2.6,,,commute_mode_share,legacy_max_value,,mixed Eurostat + 2011 census; year unknown
Montpellier,montpellier,,legacy,,7.3,,,commute_mode_share,legacy_max_value,,mixed Eurostat + 2011 census; year unknown
Grenoble,grenoble,,legacy,,12.5,,,commute_mode_share,legacy_max_value,,mixed Eurostat + 2011 census; year unknown
Tours,tours,,legacy,,6.0,,,commute_mode_share,legacy_max_value,,mixed Eurostat + 2011 census; year unknown
Cannes-Antibes,cannes-antibes,,legacy,,1.5,,,commute_mode_share,legacy_max_value,,mixed Eurostat + 2011 census; year unknown
Toulon,toulon,,legacy,,3.4,,,commute_mode_share,legacy_max_value,,mixed Eurostat + 2011 census; year unknown
Rennes,rennes,,legacy,,9.5,,,commute_mode_share,legacy_max_value,,mixed Eurostat + 2011 census; year unknown
Reims,reims,,legacy,,3.3,,,commute_mode_share,legacy_max_value,,mixed Eurostat + 2011 census; year unknown
Orléans,orleans,,legacy,,4.5,,,commute_mode_share,legacy_max_value,,mixed Eurostat + 2011 census; year unknown
Nancy,nancy,,legacy,,3.5,,,commute_mode_share,legacy_max_value,,mixed Eurostat + 2011 census; year unknown
Dijon,dijon,,legacy,,5.7,,,commute_mode_share,legacy_max_value,,mixed Eurostat + 2011 census; year unknown
Clermont-Ferrand,clermont-ferrand,,legacy,,3.6,,,commute_mode_share,legacy_max_value,,mixed Eurostat + 2011 census; year unknown
Le Havre,le havre,,legacy,,2.6,,,commute_mode_share,legacy_max_value,,mixed Eurostat + 2011 census; year unknown
Saint-Étienne,saint-etienne,,legacy,,1.5,,,commute_mode_share,legacy_max_value,,mixed Eurostat + 2011 census; year unknown
Angers,angers,,legacy,,7.3,,,commute_mode_share,legacy_max_value,,mixed Eurostat + 2011 census; year unknown
Mulhouse,mulhouse,,legacy,,3.2,,,commute_mode_share,legacy_max_value,,mixed Eurostat + 2011 census; year unknown
Lens,lens,,legacy,,1.5,,,commute_mode_share,legacy_max_value,,mixed Eurostat + 2011 census; year unknown
Metz,metz,,legacy,,2.4,,,commute_mode_share,legacy_max_value,,mixed Eurostat + 2011 census; year unknown
Nîmes,nimes,,legacy,,4.6,,,commute_mode_share,legacy_max_value,,mixed Eurostat + 2011 census; year unknown
Le Mans,le mans,,legacy,,5.2,,,commute_mode_share,legacy_max_value,,mixed Eurostat + 2011 census; year unknown
Saint-Denis,saint-denis,,legacy,,1.6,,,commute_mode_share,legacy_max_value,,mixed Eurostat + 2011 census; year unknown
Caen,caen,,legacy,,4.9,,,commute_mode_share,legacy_max_value,,mixed Eurostat + 2011 census; year unknown
Limoges,limoges,,legacy,,1.5,,,commute_mode_share,legacy_max_value,,mixed Eurostat + 2011 census; year unknown
Aix-en-Provence,aix-en-provence,,legacy,,3.3,,,commute_mode_share,legacy_max_value,,mixed Eurostat + 2011 census; year unknown
Brest,brest,,legacy,,3.0,,,commute_mode_share,legacy_max_value,,mixed Eurostat + 2011 census; year unknown
Amiens,amiens,,legacy,,5.2,,,commute_mode_share,legacy_max_value,,mixed Eurostat + 2011 census; year unknown
Dunkerque,dunkerque,,legacy,,3.3,,,commute_mode_share,legacy_max_value,,mixed Eurostat + 2011 census; year unknown
Perpignan,perpignan,,legacy,,2.5,,,commute_mode_share,legacy_max_value,,mixed Eurostat + 2011 census; year unknown
Annecy,annecy,,legacy,,6.9,,,commute_mode_share,legacy_max_value,,mixed Eurostat + 2011 census; year unknown
Besançon,besancon,,legacy,,5.3,,,commute_mode_share,legacy_max_value,,mixed Eurostat + 2011 census; year unknown
Bayonne,bayonne,,legacy,,2.4,,,commute_mode_share,legacy_max_value,,mixed Eurostat + 2011 census; year unknown
La Seyne-sur-Mer,la seyne-sur-mer,,legacy,,2.6,,,commute_mode_share,legacy_max_value,,mixed Eurostat + 2011 census; year unknown
Pau,pau,,legacy,,4.9,,,commute_mode_share,legacy_max_value,,mixed Eurostat + 2011 census; year unknown
Avignon,avignon,,legacy,,5.2,,,commute_mode_share,legacy_max_value,,mixed Eurostat + 2011 census; year unknown
Troyes,troyes,,legacy,,4.4,,,commute_mode_share,legacy_max_value,,mixed Eurostat + 2011 census; year unknown
Valenciennes,valenciennes,,legacy,,2.0,,,commute_mode_share,legacy_max_value,,mixed Eurostat + 2011 census; year unknown
Fort-de-France,fort-de-france,,legacy,,0.3,,,commute_mode_share,legacy_max_value,,mixed Eurostat + 2011 census; year unknown
Poitiers,poitiers,,legacy,,4.5,,,commute_mode_share,legacy_max_value,,mixed Eurostat + 2011 census; year unknown
Valence,valence,,legacy,,5.4,,,commute_mode_share,legacy_max_value,,mixed Eurostat + 2011 census; year unknown
Fréjus,frejus,,legacy,,1.4,,,commute_mode_share,legacy_max_value,,mixed Eurostat + 2011 census; year unknown
Chambéry,chambery,,legacy,,7.0,,,commute_mode_share,legacy_max_value,,mixed Eurostat + 2011 census; year unknown
Mantes-la-Jolie,mantes-la-jolie,,legacy,,0.9,,,commute_mode_share,legacy_max_value,,mixed Eurostat + 2011 census; year unknown
Douai,douai,,legacy,,3.4,,,commute_mode_share,legacy_max_value,,mixed Eurostat + 2011 census; year unknown
Melun,melun,,legacy,,1.0,,,commute_mode_share,legacy_max_value,,mixed Eurostat + 2011 census; year unknown
La Rochelle,la rochelle,,legacy,,11.5,,,commute_mode_share,legacy_max_value,,mixed Eurostat + 2011 census; year unknown
Lorient,lorient,,legacy,,5.7,,,commute_mode_share,legacy_max_value,,mixed Eurostat + 2011 census; year unknown
Cherbourg-en-Cotentin,cherbourg-en-cotentin,,legacy,,4.5,,,commute_mode_share,legacy_max_value,,mixed Eurostat + 2011 census; year unknown
Béziers,beziers,,legacy,,1.1,,,commute_mode_share,legacy_max_value,,mixed Eurostat + 2011 census; year unknown
Chartres,chartres,,legacy,,4.3,,,commute_mode_share,legacy_max_value,,mixed Eurostat + 2011 census; year unknown
Creil,creil,,legacy,,1.4,,,commute_mode_share,legacy_max_value,,mixed Eurostat + 2011 census; year unknown
Boulogne-sur-Mer,boulogne-sur-mer,,legacy,,0.8,,,commute_mode_share,legacy_max_value,,mixed Eurostat + 2011 census; year unknown
Calais,calais,,legacy,,2.9,,,commute_mode_share,legacy_max_value,,mixed Eurostat + 2011 census; year unknown
Mamoudzou,mamoudzou,,legacy,,0.6,,,commute_mode_share,legacy_max_value,,mixed Eurostat + 2011 census; year unknown
Montbéliard,montbeliard,,legacy,,2.1,,,commute_mode_share,legacy_max_value,,mixed Eurostat + 2011 census; year unknown
Arras,arras,,legacy,,2.5,,,commute_mode_share,legacy_max_value,,mixed Eurostat + 2011 census; year unknown
Colmar,colmar,,legacy,,9.0,,,commute_mode_share,legacy_max_value,,mixed Eurostat + 2011 census; year unknown
Martigues,martigues,,legacy,,0.5,,,commute_mode_share,legacy_max_value,,mixed Eurostat + 2011 census; year unknown
Meaux,meaux,,legacy,,1.2,,,commute_mode_share,legacy_max_value,,mixed Eurostat + 2011 census; year unknown
Bourges,bourges,,legacy,,3.9,,,commute_mode_share,legacy_max_value,,mixed Eurostat + 2011 census; year unknown
Saint-Brieuc,saint-brieuc,,legacy,,3.3,,,commute_mode_share,legacy_max_value,,mixed Eurostat + 2011 census; year unknown
Quimper,quimper,,legacy,,1.9,,,commute_mode_share,legacy_max_value,,mixed Eurostat + 2011 census; year unknown
Belfort,belfort,,legacy,,4.1,,,commute_mode_share,legacy_max_value,,mixed Eurostat + 2011 census; year unknown
Cayenne,cayenne,,legacy,,3.7,,,commute_mode_share,legacy_max_value,,mixed Eurostat + 2011 census; year unknown
Hayange,hayange,,legacy,,0.7,,,commute_mode_share,legacy_max_value,,mixed Eurostat + 2011 census; year unknown
Saint-Louis,saint-louis,,legacy,,1.1,,,commute_mode_share,legacy_max_value,,mixed Eurostat + 2011 census; year unknown
Vannes,vannes,,legacy,,4.3,,,commute_mode_share,legacy_max_value,,mixed Eurostat + 2011 census; year unknown
Annemasse-Geneva (French part),annemasse-geneva (french part),,legacy,,6.0,,,commute_mode_share,legacy_max_value,,mixed Eurostat + 2011 census; year unknown
Saint-Louis-Basel (French part),saint-louis-basel (french part),,legacy,,10.5,,,commute_mode_share,legacy_max_value,,mixed Eurostat + 2011 census; year unknown
Riga,riga,,legacy,,4.7,,,commute_mode_share,legacy_max_value,,mixed Eurostat + 2011 census; year unknown
Helsinki,helsinki,,legacy,,17.0,,,commute_mode_share,legacy_max_value,,mixed Eurostat + 2011 census; year unknown
Tampere,tampere,,legacy,,14.0,,,commute_mode_share,legacy_max_value,,mixed Eurostat + 2011 census; year unknown
Espoo,espoo,,legacy,,10.0,,,commute_mode_share,legacy_max_value,,mixed Eurostat + 2011 census; year unknown
Vantaa,vantaa,,legacy,,11.0,,,commute_mode_share,legacy_max_value,,mixed Eurostat + 2011 census; year unknown
Lahti,lahti,,legacy,,17.0,,,commute_mode_share,legacy_max_value,,mixed Eurostat + 2011 census; year unknown
Bern,bern,,legacy,,10.75,,,commute_mode_share,legacy_max_value,,mixed Eurostat + 2011 census; year unknown
Zürich,zurich,,legacy,,6.63,,,commute_mode_share,legacy_max_value,,mixed Eurostat + 2011 census; year unknown
Genève,geneve,,legacy,,9.74,,,commute_mode_share,legacy_max_value,,mixed Eurostat + 2011 census; year unknown
Basel,basel,,legacy,,18.32,,,commute_mode_share,legacy_max_value,,mixed Eurostat + 2011 census; year unknown
Lausanne,lausanne,,legacy,,3.22,,,commute_mode_share,legacy_max_value,,mixed Eurostat + 2011 census; year unknown
Luzern,luzern,,legacy,,12.06,,,commute_mode_share,legacy_max_value,,mixed Eurostat + 2011 census; year unknown
Winterthur,winterthur,,legacy,,9.04,,,commute_mode_share,legacy_max_value,,mixed Eurostat + 2011 census; year unknown
Lugano,lugano,,legacy,,3.61,,,commute_mode_share,legacy_max_value,,mixed Eurostat + 2011 census; year unknown
St. Gallen,st. gallen,,legacy,,5.0,,,commute_mode_share,legacy_max_value,,mixed Eurostat + 2011 census; year unknown
Bienne,bienne,,legacy,,6.89,,,commute_mode_share,legacy_max_value,,mixed Eurostat + 2011 census; year unknown
Birmingham,birmingham,,legacy,,1.3,,,commute_mode_share,legacy_max_value,,mixed Eurostat + 2011 census; year unknown
Leeds,leeds,,legacy,,1.4,,,commute_mode_share,legacy_max_value,,mixed Eurostat + 2011 census; year unknown
Glasgow,glasgow,,legacy,,8.0,,,commute_mode_share,legacy_max_value,,mixed Eurostat + 2011 census; year unknown
Sheffield,sheffield,,legacy,,1.5,,,commute_mode_share,legacy_max_value,,mixed Eurostat + 2011 census; year unknown
Bradford,bradford,,legacy,,0.7,,,commute_mode_share,legacy_max_value,,mixed Eurostat + 2011 census; year unknown
Manchester,manchester,,legacy,,3.1,,,commute_mode_share,legacy_max_value,,mixed Eurostat + 2011 census; year unknown
Edinburgh,edinburgh,,legacy,,13.0,,,commute_mode_share,legacy_max_value,,mixed Eurostat + 2011 census; year unknown
Liverpool,liverpool,,legacy,,2.4,,,commute_mode_share,legacy_max_value,,mixed Eurostat + 2011 census; year unknown
Bristol,bristol,,legacy,,5.2,,,commute_mode_share,legacy_max_value,,mixed Eurostat + 2011 census; year unknown
Cardiff,cardiff,,legacy,,2.9,,,commute_mode_share,legacy_max_value,,mixed Eurostat + 2011 census; year unknown
Belfast,belfast,,legacy,,2.0,,,commute_mode_share,legacy_max_value,,mixed Eurostat + 2011 census; year unknown
Leicester,leicester,,legacy,,3.5,,,commute_mode_share,legacy_max_value,,mixed Eurostat + 2011 census; year unknown
Wakefield,wakefield,,legacy,,1.1,,,commute_mode_share,legacy_max_value,,mixed Eurostat + 2011 census; year unknown
Coventry,coventry,,legacy,,1.9,,,commute_mode_share,legacy_max_value,,mixed Eurostat + 2011 census; year unknown
Doncaster,doncaster,,legacy,,1.8,,,commute_mode_share,legacy_max_value,,mixed Eurostat + 2011 census; year unknown
Nottingham,nottingham,,legacy,,2.8,,,commute_mode_share,legacy_max_value,,mixed Eurostat + 2011 census; year unknown
Newcastle upon Tyne,newcastle upon tyne,,legacy,,2.3,,,commute_mode_share,legacy_max_value,,mixed Eurostat + 2011 census; year unknown
Sunderland,sunderland,,legacy,,1.3,,,commute_mode_share,legacy_max_value,,mixed Eurostat + 2011 census; year unknown
Brighton and Hove,brighton and hove,,legacy,,3.8,,,commute_mode_share,legacy_max_value,,mixed Eurostat + 2011 census; year unknown
Kingston Upon Hull,kingston upon hull,,legacy,,6.9,,,commute_mode_share,legacy_max_value,,mixed Eurostat + 2011 census; year unknown
Plymouth,plymouth,,legacy,,2.1,,,commute_mode_share,legacy_max_value,,mixed Eurostat + 2011 census; year unknown
Wolverhampton,wolverhampton,,legacy,,1.5,,,commute_mode_share,legacy_max_value,,mixed Eurostat + 2011 census; year unknown
Stoke-on-Trent,stoke-on-trent,,legacy,,1.4,,,commute_mode_share,legacy_max_value,,mixed Eurostat + 2011 census; year unknown
Milton Keynes,milton keynes,,legacy,,2.0,,,commute_mode_share,legacy_max_value,,mixed Eurostat + 2011 census; year unknown
Derby,derby,,legacy,,2.5,,,commute_mode_share,legacy_max_value,,mixed Eurostat + 2011 census; year unknown
Swansea,swansea,,legacy,,1.1,,,commute_mode_share,legacy_max_value,,mixed Eurostat + 2011 census; year unknown
Southampton,southampton,,legacy,,3.0,,,commute_mode_share,legacy_max_value,,mixed Eurostat + 2011 census; year unknown
Salford,salford,,legacy,,2.2,,,commute_mode_share,legacy_max_value,,mixed Eurostat + 2011 census; year unknown
Aberdeen,aberdeen,,legacy,,7.0,,,commute_mode_share,legacy_max_value,,mixed Eurostat + 2011 census; year unknown
Portsmouth,portsmouth,,legacy,,5.2,,,commute_mode_share,legacy_max_value,,mixed Eurostat + 2011 census; year unknown
York,york,,legacy,,7.3,,,commute_mode_share,legacy_max_value,,mixed Eurostat + 2011 census; year unknown
Colchester,colchester,,legacy,,2.5,,,commute_mode_share,legacy_max_value,,mixed Eurostat + 2011 census; year unknown
Peterborough,peterborough,,legacy,,3.8,,,commute_mode_share,legacy_max_value,,mixed Eurostat + 2011 census; year unknown
Southend-On-Sea,southend-on-sea,,legacy,,2.1,,,commute_mode_share,legacy_max_value,,mixed Eurostat + 2011 census; year unknown
Chelmsford,chelmsford,,legacy,,1.9,,,commute_mode_share,legacy_max_value,,mixed Eurostat + 2011 census; year unknown
Oxford,oxford,,legacy,,10.5,,,commute_mode_share,legacy_max_value,,mixed Eurostat + 2011 census; year unknown
Canterbury,canterbury,,legacy,,1.7,,,commute_mode_share,legacy_max_value,,mixed Eurostat + 2011 census; year unknown
Dundee,dundee,,legacy,,4.0,,,commute_mode_share,legacy_max_value,,mixed Eurostat + 2011 census; year unknown
Newport,newport,,legacy,,1.3,,,commute_mode_share,legacy_max_value,,mixed Eurostat + 2011 census; year unknown
St Albans,st albans,,legacy,,1.0,,,commute_mode_share,legacy_max_value,,mixed Eurostat + 2011 census; year unknown
Preston,preston,,legacy,,1.7,,,commute_mode_share,legacy_max_value,,mixed Eurostat + 2011 census; year unknown
Lancaster,lancaster,,legacy,,2.7,,,commute_mode_share,legacy_max_value,,mixed Eurostat + 2011 census; year unknown
Wrexham,wrexham,,legacy,,1.1,,,commute_mode_share,legacy_max_value,,mixed Eurostat + 2011 census; year unknown
Norwich,norwich,,legacy,,6.2,,,commute_mode_share,legacy_max_value,,mixed Eurostat + 2011 census; year unknown
Exeter,exeter,,legacy,,4.7,,,commute_mode_share,legacy_max_value,,mixed Eurostat + 2011 census; year unknown
Cambridge,cambridge,,legacy,,16.8,,,commute_mode_share,legacy_max_value,,mixed Eurostat + 2011 census; year unknown
Gloucester,gloucester,,legacy,,3.3,,,commute_mode_share,legacy_max_value,,mixed Eurostat + 2011 census; year unknown
Winchester,winchester,,legacy,,1.3,,,commute_mode_share,legacy_max_value,,mixed Eurostat + 2011 census; year unknown
Derry,derry,,legacy,,0.5,,,commute_mode_share,legacy_max_value,,mixed Eurostat + 2011 census; year unknown
Carlisle,carlisle,,legacy,,2.2,,,commute_mode_share,legacy_max_value,,mixed Eurostat + 2011 census; year unknown
Greater London,greater london,,legacy,,3.0,,,commute_mode_share,legacy_max_value,,mixed Eurostat + 2011 census; year unknown
South Tyneside,south tyneside,,legacy,,1.8,,,commute_mode_share,legacy_max_value,,mixed Eurostat + 2011 census; year unknown
North Tyneside,north tyneside,,legacy,,1.9,,,commute_mode_share,legacy_max_value,,mixed Eurostat + 2011 census; year unknown
Gateshead,gateshead,,legacy,,1.2,,,commute_mode_share,legacy_max_value,,mixed Eurostat + 2011 census; year unknown
